Running Codacy Analysis (Docker)...
01/23 10:32:13 [1;31mERROR[0;39m [36mc.c.a.core.files.FileCollector:102[0;39m - Could not read file /home/crossman/projects/python-email/scripts/vscode_diagnostics_20250916_150919/top_cpu_processes.txt, make sure it is readable by everybody. 
01/23 10:32:13 [1;31mERROR[0;39m [36mc.c.a.core.files.FileCollector:102[0;39m - Could not read file /home/crossman/projects/python-email/scripts/vscode_diagnostics_20250916_150834/extensions.txt, make sure it is readable by everybody. 
01/23 10:32:13 [1;31mERROR[0;39m [36mc.c.a.core.files.FileCollector:102[0;39m - Could not read file /home/crossman/projects/python-email/scripts/vscode_diagnostics_20250916_153819/mcp_checks_check_mcp_servers.txt, make sure it is readable by everybody. 
01/23 10:32:13 [1;31mERROR[0;39m [36mc.c.a.core.files.FileCollector:102[0;39m - Could not read file /home/crossman/projects/python-email/scripts/vscode_diagnostics_20250916_154102/code_version.txt, make sure it is readable by everybody. 
01/23 10:32:13 [1;31mERROR[0;39m [36mc.c.a.core.files.FileCollector:102[0;39m - Could not read file /home/crossman/projects/python-email/scripts/vscode_diagnostics_20250916_153836/os_info.txt, make sure it is readable by everybody. 
01/23 10:32:13 [1;31mERROR[0;39m [36mc.c.a.core.files.FileCollector:102[0;39m - Could not read file /home/crossman/projects/python-email/scripts/vscode_diagnostics_20250916_153825/extensions.txt, make sure it is readable by everybody. 
01/23 10:32:13 [1;31mERROR[0;39m [36mc.c.a.core.files.FileCollector:102[0;39m - Could not read file /home/crossman/projects/python-email/scripts/vscode_diagnostics_20250916_153836/workbench.html, make sure it is readable by everybody. 
01/23 10:32:13 [1;31mERROR[0;39m [36mc.c.a.core.files.FileCollector:102[0;39m - Could not read file /home/crossman/projects/python-email/scripts/vscode_diagnostics_20250916_153811/top_cpu_processes.txt, make sure it is readable by everybody. 
01/23 10:32:13 [1;31mERROR[0;39m [36mc.c.a.core.files.FileCollector:102[0;39m - Could not read file /home/crossman/projects/python-email/scripts/vscode_diagnostics_20250916_153819/extensions.txt, make sure it is readable by everybody. 
01/23 10:32:13 [1;31mERROR[0;39m [36mc.c.a.core.files.FileCollector:102[0;39m - Could not read file /home/crossman/projects/python-email/scripts/vscode_diagnostics_20250916_152914/extensions.txt, make sure it is readable by everybody. 
01/23 10:32:13 [1;31mERROR[0;39m [36mc.c.a.core.files.FileCollector:102[0;39m - Could not read file /home/crossman/projects/python-email/scripts/vscode_diagnostics_20250916_153819/os_info.txt, make sure it is readable by everybody. 
01/23 10:32:13 [1;31mERROR[0;39m [36mc.c.a.core.files.FileCollector:102[0;39m - Could not read file /home/crossman/projects/python-email/scripts/vscode_diagnostics_20250916_150556/extensions.txt, make sure it is readable by everybody. 
01/23 10:32:13 [1;31mERROR[0;39m [36mc.c.a.core.files.FileCollector:102[0;39m - Could not read file /home/crossman/projects/python-email/scripts/vscode_diagnostics_20250916_154102/mcp_checks_check_mcp_servers.txt, make sure it is readable by everybody. 
01/23 10:32:13 [1;31mERROR[0;39m [36mc.c.a.core.files.FileCollector:102[0;39m - Could not read file /home/crossman/projects/python-email/scripts/vscode_diagnostics_20250916_153836/code_version.txt, make sure it is readable by everybody. 
01/23 10:32:13 [1;31mERROR[0;39m [36mc.c.a.core.files.FileCollector:102[0;39m - Could not read file /home/crossman/projects/python-email/scripts/vscode_diagnostics_20250916_151152/extension_host_processes.txt, make sure it is readable by everybody. 
01/23 10:32:13 [1;31mERROR[0;39m [36mc.c.a.core.files.FileCollector:102[0;39m - Could not read file /home/crossman/projects/python-email/scripts/vscode_diagnostics_20250916_150834/mcp_checks_check_mcp_servers.txt, make sure it is readable by everybody. 
01/23 10:32:13 [1;31mERROR[0;39m [36mc.c.a.core.files.FileCollector:102[0;39m - Could not read file /home/crossman/projects/python-email/scripts/vscode_diagnostics_20250916_151152/extensions.txt, make sure it is readable by everybody. 
01/23 10:32:13 [1;31mERROR[0;39m [36mc.c.a.core.files.FileCollector:102[0;39m - Could not read file /home/crossman/projects/python-email/.gitignore, make sure it is readable by everybody. 
01/23 10:32:13 [1;31mERROR[0;39m [36mc.c.a.core.files.FileCollector:102[0;39m - Could not read file /home/crossman/projects/python-email/scripts/vscode_diagnostics_20250916_153825/os_info.txt, make sure it is readable by everybody. 
01/23 10:32:13 [1;31mERROR[0;39m [36mc.c.a.core.files.FileCollector:102[0;39m - Could not read file /home/crossman/projects/python-email/scripts/vscode_diagnostics_20250916_153819/mcp_checks_check_mcp_servers_strict.txt, make sure it is readable by everybody. 
01/23 10:32:13 [1;31mERROR[0;39m [36mc.c.a.core.files.FileCollector:102[0;39m - Could not read file /home/crossman/projects/python-email/scripts/vscode_diagnostics_20250916_154102/extension_host_processes.txt, make sure it is readable by everybody. 
01/23 10:32:13 [1;31mERROR[0;39m [36mc.c.a.core.files.FileCollector:102[0;39m - Could not read file /home/crossman/projects/python-email/scripts/vscode_diagnostics_20250916_153811/os_info.txt, make sure it is readable by everybody. 
01/23 10:32:13 [1;31mERROR[0;39m [36mc.c.a.core.files.FileCollector:102[0;39m - Could not read file /home/crossman/projects/python-email/scripts/vscode_diagnostics_20250916_153831/workbench.html, make sure it is readable by everybody. 
01/23 10:32:13 [1;31mERROR[0;39m [36mc.c.a.core.files.FileCollector:102[0;39m - Could not read file /home/crossman/projects/python-email/scripts/vscode_diagnostics_20250916_153836/extension_host_processes.txt, make sure it is readable by everybody. 
01/23 10:32:13 [1;31mERROR[0;39m [36mc.c.a.core.files.FileCollector:102[0;39m - Could not read file /home/crossman/projects/python-email/scripts/vscode_diagnostics_20250916_150919/code_version.txt, make sure it is readable by everybody. 
01/23 10:32:13 [1;31mERROR[0;39m [36mc.c.a.core.files.FileCollector:102[0;39m - Could not read file /home/crossman/projects/python-email/scripts/vscode_diagnostics_20250916_150556/extension_host_processes.txt, make sure it is readable by everybody. 
01/23 10:32:13 [1;31mERROR[0;39m [36mc.c.a.core.files.FileCollector:102[0;39m - Could not read file /home/crossman/projects/python-email/scripts/vscode_diagnostics_20250916_153836/mcp_checks_check_mcp_servers_strict.txt, make sure it is readable by everybody. 
01/23 10:32:13 [1;31mERROR[0;39m [36mc.c.a.core.files.FileCollector:102[0;39m - Could not read file /home/crossman/projects/python-email/scripts/vscode_diagnostics_20250916_153831/mcp_checks_check_mcp_servers_strict.txt, make sure it is readable by everybody. 
01/23 10:32:13 [1;31mERROR[0;39m [36mc.c.a.core.files.FileCollector:102[0;39m - Could not read file /home/crossman/projects/python-email/test_db_logging.py, make sure it is readable by everybody. 
01/23 10:32:13 [1;31mERROR[0;39m [36mc.c.a.core.files.FileCollector:102[0;39m - Could not read file /home/crossman/projects/python-email/scripts/vscode_diagnostics_20250916_153825/code_version.txt, make sure it is readable by everybody. 
01/23 10:32:13 [1;31mERROR[0;39m [36mc.c.a.core.files.FileCollector:102[0;39m - Could not read file /home/crossman/projects/python-email/.serena/memories/Project_Rules.md, make sure it is readable by everybody. 
01/23 10:32:13 [1;31mERROR[0;39m [36mc.c.a.core.files.FileCollector:102[0;39m - Could not read file /home/crossman/projects/python-email/scripts/vscode_diagnostics_20250916_153811/workbench.html, make sure it is readable by everybody. 
01/23 10:32:13 [1;31mERROR[0;39m [36mc.c.a.core.files.FileCollector:102[0;39m - Could not read file /home/crossman/projects/python-email/.serena/memories/static_files_status.md, make sure it is readable by everybody. 
01/23 10:32:13 [1;31mERROR[0;39m [36mc.c.a.core.files.FileCollector:102[0;39m - Could not read file /home/crossman/projects/python-email/scripts/vscode_diagnostics_20250916_150919/mcp_checks_check_mcp_servers_strict.txt, make sure it is readable by everybody. 
01/23 10:32:13 [1;31mERROR[0;39m [36mc.c.a.core.files.FileCollector:102[0;39m - Could not read file /home/crossman/projects/python-email/scripts/vscode_diagnostics_20250916_153825/mcp_checks_check_mcp_servers.txt, make sure it is readable by everybody. 
01/23 10:32:13 [1;31mERROR[0;39m [36mc.c.a.core.files.FileCollector:102[0;39m - Could not read file /home/crossman/projects/python-email/.serena/memories/project_overview.md, make sure it is readable by everybody. 
01/23 10:32:13 [1;31mERROR[0;39m [36mc.c.a.core.files.FileCollector:102[0;39m - Could not read file /home/crossman/projects/python-email/scripts/vscode_diagnostics_20250916_153831/os_info.txt, make sure it is readable by everybody. 
01/23 10:32:13 [1;31mERROR[0;39m [36mc.c.a.core.files.FileCollector:102[0;39m - Could not read file /home/crossman/projects/python-email/.serena/memories/code_style_and_conventions.md, make sure it is readable by everybody. 
01/23 10:32:13 [1;31mERROR[0;39m [36mc.c.a.core.files.FileCollector:102[0;39m - Could not read file /home/crossman/projects/python-email/scripts/vscode_diagnostics_20250916_153831/mcp_checks_check_mcp_servers.txt, make sure it is readable by everybody. 
01/23 10:32:13 [1;31mERROR[0;39m [36mc.c.a.core.files.FileCollector:102[0;39m - Could not read file /home/crossman/projects/python-email/scripts/vscode_diagnostics_20250916_153831/top_cpu_processes.txt, make sure it is readable by everybody. 
01/23 10:32:13 [1;31mERROR[0;39m [36mc.c.a.core.files.FileCollector:102[0;39m - Could not read file /home/crossman/projects/python-email/scripts/vscode_diagnostics_20250916_153811/extensions.txt, make sure it is readable by everybody. 
01/23 10:32:13 [1;31mERROR[0;39m [36mc.c.a.core.files.FileCollector:102[0;39m - Could not read file /home/crossman/projects/python-email/migrate_add_deleted_column.py, make sure it is readable by everybody. 
01/23 10:32:13 [1;31mERROR[0;39m [36mc.c.a.core.files.FileCollector:102[0;39m - Could not read file /home/crossman/projects/python-email/scripts/vscode_diagnostics_20250916_153836/mcp_checks_check_mcp_servers.txt, make sure it is readable by everybody. 
01/23 10:32:13 [1;31mERROR[0;39m [36mc.c.a.core.files.FileCollector:102[0;39m - Could not read file /home/crossman/projects/python-email/scripts/vscode_diagnostics_20250916_150556/top_cpu_processes.txt, make sure it is readable by everybody. 
01/23 10:32:13 [1;31mERROR[0;39m [36mc.c.a.core.files.FileCollector:102[0;39m - Could not read file /home/crossman/projects/python-email/tools/server_manager.ps1, make sure it is readable by everybody. 
01/23 10:32:13 [1;31mERROR[0;39m [36mc.c.a.core.files.FileCollector:102[0;39m - Could not read file /home/crossman/projects/python-email/scripts/vscode_diagnostics_20250916_153836/top_cpu_processes.txt, make sure it is readable by everybody. 
01/23 10:32:13 [1;31mERROR[0;39m [36mc.c.a.core.files.FileCollector:102[0;39m - Could not read file /home/crossman/projects/python-email/scripts/vscode_diagnostics_20250916_153831/code_version.txt, make sure it is readable by everybody. 
01/23 10:32:13 [1;31mERROR[0;39m [36mc.c.a.core.files.FileCollector:102[0;39m - Could not read file /home/crossman/projects/python-email/scripts/vscode_diagnostics_20250916_151152/code_version.txt, make sure it is readable by everybody. 
01/23 10:32:13 [1;31mERROR[0;39m [36mc.c.a.core.files.FileCollector:102[0;39m - Could not read file /home/crossman/projects/python-email/.serena/.gitignore, make sure it is readable by everybody. 
01/23 10:32:13 [1;31mERROR[0;39m [36mc.c.a.core.files.FileCollector:102[0;39m - Could not read file /home/crossman/projects/python-email/scripts/vscode_diagnostics_20250916_150834/extension_host_processes.txt, make sure it is readable by everybody. 
01/23 10:32:13 [1;31mERROR[0;39m [36mc.c.a.core.files.FileCollector:102[0;39m - Could not read file /home/crossman/projects/python-email/scripts/vscode_diagnostics_20250916_150834/mcp_checks_check_mcp_servers_strict.txt, make sure it is readable by everybody. 
01/23 10:32:13 [1;31mERROR[0;39m [36mc.c.a.core.files.FileCollector:102[0;39m - Could not read file /home/crossman/projects/python-email/scripts/vscode_diagnostics_20250916_150556/mcp_checks_check_mcp_servers.txt, make sure it is readable by everybody. 
01/23 10:32:13 [1;31mERROR[0;39m [36mc.c.a.core.files.FileCollector:102[0;39m - Could not read file /home/crossman/projects/python-email/scripts/vscode_diagnostics_20250916_153825/top_cpu_processes.txt, make sure it is readable by everybody. 
01/23 10:32:13 [1;31mERROR[0;39m [36mc.c.a.core.files.FileCollector:102[0;39m - Could not read file /home/crossman/projects/python-email/.github/instructions/codacy.instructions.md, make sure it is readable by everybody. 
01/23 10:32:13 [1;31mERROR[0;39m [36mc.c.a.core.files.FileCollector:102[0;39m - Could not read file /home/crossman/projects/python-email/scripts/vscode_diagnostics_20250916_150556/code_version.txt, make sure it is readable by everybody. 
01/23 10:32:13 [1;31mERROR[0;39m [36mc.c.a.core.files.FileCollector:102[0;39m - Could not read file /home/crossman/projects/python-email/scripts/vscode_diagnostics_20250916_151152/mcp_checks_check_mcp_servers_strict.txt, make sure it is readable by everybody. 
01/23 10:32:13 [1;31mERROR[0;39m [36mc.c.a.core.files.FileCollector:102[0;39m - Could not read file /home/crossman/projects/python-email/scripts/vscode_diagnostics_20250916_150834/code_version.txt, make sure it is readable by everybody. 
01/23 10:32:13 [1;31mERROR[0;39m [36mc.c.a.core.files.FileCollector:102[0;39m - Could not read file /home/crossman/projects/python-email/.serena/memories/suggested_commands.md, make sure it is readable by everybody. 
01/23 10:32:13 [1;31mERROR[0;39m [36mc.c.a.core.files.FileCollector:102[0;39m - Could not read file /home/crossman/projects/python-email/scripts/vscode_diagnostics_20250916_154102/top_cpu_processes.txt, make sure it is readable by everybody. 
01/23 10:32:13 [1;31mERROR[0;39m [36mc.c.a.core.files.FileCollector:102[0;39m - Could not read file /home/crossman/projects/python-email/scripts/vscode_diagnostics_20250916_150556/mcp_checks_check_mcp_servers_strict.txt, make sure it is readable by everybody. 
01/23 10:32:13 [1;31mERROR[0;39m [36mc.c.a.core.files.FileCollector:102[0;39m - Could not read file /home/crossman/projects/python-email/scripts/vscode_diagnostics_20250916_154102/os_info.txt, make sure it is readable by everybody. 
01/23 10:32:13 [1;31mERROR[0;39m [36mc.c.a.core.files.FileCollector:102[0;39m - Could not read file /home/crossman/projects/python-email/README.md, make sure it is readable by everybody. 
01/23 10:32:13 [1;31mERROR[0;39m [36mc.c.a.core.files.FileCollector:102[0;39m - Could not read file /home/crossman/projects/python-email/scripts/vscode_diagnostics_20250916_154102/workbench.html, make sure it is readable by everybody. 
01/23 10:32:13 [1;31mERROR[0;39m [36mc.c.a.core.files.FileCollector:102[0;39m - Could not read file /home/crossman/projects/python-email/scripts/vscode_diagnostics_20250916_153819/top_cpu_processes.txt, make sure it is readable by everybody. 
01/23 10:32:13 [1;31mERROR[0;39m [36mc.c.a.core.files.FileCollector:102[0;39m - Could not read file /home/crossman/projects/python-email/scripts/vscode_diagnostics_20250916_150556/os_info.txt, make sure it is readable by everybody. 
01/23 10:32:13 [1;31mERROR[0;39m [36mc.c.a.core.files.FileCollector:102[0;39m - Could not read file /home/crossman/projects/python-email/scripts/vscode_diagnostics_20250916_150919/extensions.txt, make sure it is readable by everybody. 
01/23 10:32:13 [1;31mERROR[0;39m [36mc.c.a.core.files.FileCollector:102[0;39m - Could not read file /home/crossman/projects/python-email/scripts/vscode_diagnostics_20250916_152914/mcp_checks_check_mcp_servers.txt, make sure it is readable by everybody. 
01/23 10:32:13 [1;31mERROR[0;39m [36mc.c.a.core.files.FileCollector:102[0;39m - Could not read file /home/crossman/projects/python-email/scripts/vscode_diagnostics_20250916_153825/workbench.html, make sure it is readable by everybody. 
01/23 10:32:13 [1;31mERROR[0;39m [36mc.c.a.core.files.FileCollector:102[0;39m - Could not read file /home/crossman/projects/python-email/TEST_ENVIRONMENT_CHECK.md, make sure it is readable by everybody. 
01/23 10:32:13 [1;31mERROR[0;39m [36mc.c.a.core.files.FileCollector:102[0;39m - Could not read file /home/crossman/projects/python-email/scripts/vscode_diagnostics_20250916_152914/os_info.txt, make sure it is readable by everybody. 
01/23 10:32:13 [1;31mERROR[0;39m [36mc.c.a.core.files.FileCollector:102[0;39m - Could not read file /home/crossman/projects/python-email/scripts/vscode_diagnostics_20250916_153825/extension_host_processes.txt, make sure it is readable by everybody. 
01/23 10:32:13 [1;31mERROR[0;39m [36mc.c.a.core.files.FileCollector:102[0;39m - Could not read file /home/crossman/projects/python-email/scripts/vscode_diagnostics_20250916_151152/mcp_checks_check_mcp_servers.txt, make sure it is readable by everybody. 
01/23 10:32:13 [1;31mERROR[0;39m [36mc.c.a.core.files.FileCollector:102[0;39m - Could not read file /home/crossman/projects/python-email/scripts/vscode_diagnostics_20250916_153811/mcp_checks_check_mcp_servers_strict.txt, make sure it is readable by everybody. 
01/23 10:32:13 [1;31mERROR[0;39m [36mc.c.a.core.files.FileCollector:102[0;39m - Could not read file /home/crossman/projects/python-email/scripts/vscode_diagnostics_20250916_153811/mcp_checks_check_mcp_servers.txt, make sure it is readable by everybody. 
01/23 10:32:13 [1;31mERROR[0;39m [36mc.c.a.core.files.FileCollector:102[0;39m - Could not read file /home/crossman/projects/python-email/scripts/vscode_diagnostics_20250916_150834/top_cpu_processes.txt, make sure it is readable by everybody. 
01/23 10:32:13 [1;31mERROR[0;39m [36mc.c.a.core.files.FileCollector:102[0;39m - Could not read file /home/crossman/projects/python-email/.serena/project.yml, make sure it is readable by everybody. 
01/23 10:32:13 [1;31mERROR[0;39m [36mc.c.a.core.files.FileCollector:102[0;39m - Could not read file /home/crossman/projects/python-email/scripts/vscode_diagnostics_20250916_153811/code_version.txt, make sure it is readable by everybody. 
01/23 10:32:13 [1;31mERROR[0;39m [36mc.c.a.core.files.FileCollector:102[0;39m - Could not read file /home/crossman/projects/python-email/scripts/vscode_diagnostics_20250916_152914/extension_host_processes.txt, make sure it is readable by everybody. 
01/23 10:32:13 [1;31mERROR[0;39m [36mc.c.a.core.files.FileCollector:102[0;39m - Could not read file /home/crossman/projects/python-email/scripts/migrate_created_at.py, make sure it is readable by everybody. 
01/23 10:32:13 [1;31mERROR[0;39m [36mc.c.a.core.files.FileCollector:102[0;39m - Could not read file /home/crossman/projects/python-email/scripts/init_system_tests.py, make sure it is readable by everybody. 
01/23 10:32:13 [1;31mERROR[0;39m [36mc.c.a.core.files.FileCollector:102[0;39m - Could not read file /home/crossman/projects/python-email/scripts/vscode_diagnostics_20250916_150834/os_info.txt, make sure it is readable by everybody. 
01/23 10:32:13 [1;31mERROR[0;39m [36mc.c.a.core.files.FileCollector:102[0;39m - Could not read file /home/crossman/projects/python-email/.serena/memories/task_completion_checklist.md, make sure it is readable by everybody. 
01/23 10:32:13 [1;31mERROR[0;39m [36mc.c.a.core.files.FileCollector:102[0;39m - Could not read file /home/crossman/projects/python-email/scripts/vscode_diagnostics_20250916_153831/extensions.txt, make sure it is readable by everybody. 
01/23 10:32:13 [1;31mERROR[0;39m [36mc.c.a.core.files.FileCollector:102[0;39m - Could not read file /home/crossman/projects/python-email/scripts/vscode_diagnostics_20250916_150919/mcp_checks_check_mcp_servers.txt, make sure it is readable by everybody. 
01/23 10:32:13 [1;31mERROR[0;39m [36mc.c.a.core.files.FileCollector:102[0;39m - Could not read file /home/crossman/projects/python-email/scripts/vscode_diagnostics_20250916_154102/extensions.txt, make sure it is readable by everybody. 
01/23 10:32:13 [1;31mERROR[0;39m [36mc.c.a.core.files.FileCollector:102[0;39m - Could not read file /home/crossman/projects/python-email/scripts/vscode_diagnostics_20250916_151152/os_info.txt, make sure it is readable by everybody. 
01/23 10:32:13 [1;31mERROR[0;39m [36mc.c.a.core.files.FileCollector:102[0;39m - Could not read file /home/crossman/projects/python-email/scripts/vscode_diagnostics_20250916_153819/workbench.html, make sure it is readable by everybody. 
01/23 10:32:13 [1;31mERROR[0;39m [36mc.c.a.core.files.FileCollector:102[0;39m - Could not read file /home/crossman/projects/python-email/scripts/vscode_diagnostics_20250916_151152/top_cpu_processes.txt, make sure it is readable by everybody. 
01/23 10:32:13 [1;31mERROR[0;39m [36mc.c.a.core.files.FileCollector:102[0;39m - Could not read file /home/crossman/projects/python-email/.github/instructions/token-optimization.instructions.md, make sure it is readable by everybody. 
01/23 10:32:13 [1;31mERROR[0;39m [36mc.c.a.core.files.FileCollector:102[0;39m - Could not read file /home/crossman/projects/python-email/scripts/vscode_diagnostics_20250916_153811/extension_host_processes.txt, make sure it is readable by everybody. 
01/23 10:32:13 [1;31mERROR[0;39m [36mc.c.a.core.files.FileCollector:102[0;39m - Could not read file /home/crossman/projects/python-email/scripts/vscode_diagnostics_20250916_150919/os_info.txt, make sure it is readable by everybody. 
01/23 10:32:13 [1;31mERROR[0;39m [36mc.c.a.core.files.FileCollector:102[0;39m - Could not read file /home/crossman/projects/python-email/.serena/memories/recent_work_2025-12-30.md, make sure it is readable by everybody. 
01/23 10:32:13 [1;31mERROR[0;39m [36mc.c.a.core.files.FileCollector:102[0;39m - Could not read file /home/crossman/projects/python-email/scripts/vscode_diagnostics_20250916_153831/extension_host_processes.txt, make sure it is readable by everybody. 
01/23 10:32:13 [1;31mERROR[0;39m [36mc.c.a.core.files.FileCollector:102[0;39m - Could not read file /home/crossman/projects/python-email/scripts/convert_icons.py, make sure it is readable by everybody. 
01/23 10:32:13 [1;31mERROR[0;39m [36mc.c.a.core.files.FileCollector:102[0;39m - Could not read file /home/crossman/projects/python-email/.agentignore, make sure it is readable by everybody. 
01/23 10:32:13 [1;31mERROR[0;39m [36mc.c.a.core.files.FileCollector:102[0;39m - Could not read file /home/crossman/projects/python-email/.github/instructions/mcp-operations.instructions.md, make sure it is readable by everybody. 
01/23 10:32:13 [1;31mERROR[0;39m [36mc.c.a.core.files.FileCollector:102[0;39m - Could not read file /home/crossman/projects/python-email/scripts/update_test_categories.py, make sure it is readable by everybody. 
01/23 10:32:13 [1;31mERROR[0;39m [36mc.c.a.core.files.FileCollector:102[0;39m - Could not read file /home/crossman/projects/python-email/scripts/vscode_diagnostics_20250916_153819/extension_host_processes.txt, make sure it is readable by everybody. 
01/23 10:32:13 [1;31mERROR[0;39m [36mc.c.a.core.files.FileCollector:102[0;39m - Could not read file /home/crossman/projects/python-email/scripts/vscode_diagnostics_20250916_153825/mcp_checks_check_mcp_servers_strict.txt, make sure it is readable by everybody. 
01/23 10:32:13 [1;31mERROR[0;39m [36mc.c.a.core.files.FileCollector:102[0;39m - Could not read file /home/crossman/projects/python-email/scripts/vscode_diagnostics_20250916_152914/top_cpu_processes.txt, make sure it is readable by everybody. 
01/23 10:32:13 [1;31mERROR[0;39m [36mc.c.a.core.files.FileCollector:102[0;39m - Could not read file /home/crossman/projects/python-email/scripts/vscode_diagnostics_20250916_154102/mcp_checks_check_mcp_servers_strict.txt, make sure it is readable by everybody. 
01/23 10:32:13 [1;31mERROR[0;39m [36mc.c.a.core.files.FileCollector:102[0;39m - Could not read file /home/crossman/projects/python-email/scripts/vscode_diagnostics_20250916_153836/extensions.txt, make sure it is readable by everybody. 
01/23 10:32:13 [1;31mERROR[0;39m [36mc.c.a.core.files.FileCollector:102[0;39m - Could not read file /home/crossman/projects/python-email/scripts/vscode_diagnostics_20250916_153819/code_version.txt, make sure it is readable by everybody. 
01/23 10:32:13 [1;31mERROR[0;39m [36mc.c.a.core.files.FileCollector:102[0;39m - Could not read file /home/crossman/projects/python-email/scripts/vscode_diagnostics_20250916_152914/mcp_checks_check_mcp_servers_strict.txt, make sure it is readable by everybody. 
01/23 10:32:13 [1;31mERROR[0;39m [36mc.c.a.core.files.FileCollector:102[0;39m - Could not read file /home/crossman/projects/python-email/scripts/vscode_diagnostics_20250916_152914/code_version.txt, make sure it is readable by everybody. 
01/23 10:32:13 [1;31mERROR[0;39m [36mc.c.a.core.files.FileCollector:102[0;39m - Could not read file /home/crossman/projects/python-email/.serena/memories/serena_optimization_report.md, make sure it is readable by everybody. 
01/23 10:32:13 [1;31mERROR[0;39m [36mc.c.a.core.files.FileCollector:102[0;39m - Could not read file /home/crossman/projects/python-email/scripts/vscode_diagnostics_20250916_150919/extension_host_processes.txt, make sure it is readable by everybody. 
01/23 10:34:21 [1;31mERROR[0;39m [36mc.c.a.c.a.CodacyPluginsAnalyser:31[0;39m - Failed analysis for markdownlint 
java.lang.Throwable: 
Docker exited with code 126
stdout: 
stderr: docker: permission denied while trying to connect to the Docker daemon socket at unix:///var/run/docker.sock: Head "http://%2Fvar%2Frun%2Fdocker.sock/_ping": dial unix /var/run/docker.sock: connect: permission denied.
See 'docker run --help'.
           
	at com.codacy.plugins.runners.BinaryDockerRunner.$anonfun$run$4(BinaryDockerRunner.scala:84)
	at scala.util.Success.flatMap(Try.scala:251)
	at com.codacy.plugins.runners.BinaryDockerRunner.run(BinaryDockerRunner.scala:69)
	at com.codacy.plugins.results.traits.ToolRunner.$anonfun$apply$2(ToolRunner.scala:76)
	at com.codacy.plugins.results.traits.CodacyDocker$.$anonfun$usingDockerConfig$2(CodacyDocker.scala:45)
	at com.codacy.plugins.utils.FileHelper$.$anonfun$usingNewFile$2(FileHelper.scala:51)
	at scala.util.Try$.apply(Try.scala:213)
	at com.codacy.plugins.utils.FileHelper$.usingNewFile(FileHelper.scala:45)
	at com.codacy.plugins.results.traits.CodacyDocker$.usingConfigPath(CodacyDocker.scala:57)
	at com.codacy.plugins.results.traits.CodacyDocker$.$anonfun$usingDockerConfig$1(CodacyDocker.scala:39)
	at scala.Option.map(Option.scala:230)
	at com.codacy.plugins.results.traits.CodacyDocker$.usingDockerConfig(CodacyDocker.scala:38)
	at com.codacy.plugins.results.traits.ToolRunner.$anonfun$apply$1(ToolRunner.scala:75)
	at scala.util.Try$.apply(Try.scala:213)
	at com.codacy.plugins.results.traits.ToolRunner.apply(ToolRunner.scala:60)
	at com.codacy.plugins.results.traits.ToolRunner.run(ToolRunner.scala:48)
	at com.codacy.analysis.core.tools.Tool.run(Tool.scala:95)
	at com.codacy.analysis.core.analysis.CodacyPluginsAnalyser.analyse(CodacyPluginsAnalyser.scala:25)
	at com.codacy.analysis.cli.analysis.AnalyseExecutor.$anonfun$issues$1(AnalyseExecutor.scala:159)
	at scala.util.Success.flatMap(Try.scala:251)
	at com.codacy.analysis.cli.analysis.AnalyseExecutor.issues(AnalyseExecutor.scala:151)
	at com.codacy.analysis.cli.analysis.AnalyseExecutor.$anonfun$run$5(AnalyseExecutor.scala:70)
	at scala.collection.parallel.AugmentedIterableIterator.map2combiner(RemainsIterator.scala:116)
	at scala.collection.parallel.AugmentedIterableIterator.map2combiner$(RemainsIterator.scala:113)
	at scala.collection.parallel.immutable.ParHashSet$ParHashSetIterator.map2combiner(ParHashSet.scala:81)
	at scala.collection.parallel.ParIterableLike$Map.leaf(ParIterableLike.scala:1064)
	at scala.collection.parallel.Task.$anonfun$tryLeaf$1(Tasks.scala:53)
	at scala.runtime.java8.JFunction0$mcV$sp.apply(JFunction0$mcV$sp.java:23)
	at scala.util.control.Breaks$$anon$1.catchBreak(Breaks.scala:67)
	at scala.collection.parallel.Task.tryLeaf(Tasks.scala:56)
	at scala.collection.parallel.Task.tryLeaf$(Tasks.scala:50)
	at scala.collection.parallel.ParIterableLike$Map.tryLeaf(ParIterableLike.scala:1061)
	at scala.collection.parallel.AdaptiveWorkStealingTasks$WrappedTask.internal(Tasks.scala:160)
	at scala.collection.parallel.AdaptiveWorkStealingTasks$WrappedTask.internal$(Tasks.scala:157)
	at scala.collection.parallel.AdaptiveWorkStealingForkJoinTasks$WrappedTask.internal(Tasks.scala:440)
	at scala.collection.parallel.AdaptiveWorkStealingTasks$WrappedTask.compute(Tasks.scala:150)
	at scala.collection.parallel.AdaptiveWorkStealingTasks$WrappedTask.compute$(Tasks.scala:149)
	at scala.collection.parallel.AdaptiveWorkStealingForkJoinTasks$WrappedTask.compute(Tasks.scala:440)
	at java.util.concurrent.RecursiveAction.exec(RecursiveAction.java:189)
	at java.util.concurrent.ForkJoinTask.doExec(ForkJoinTask.java:289)
	at java.util.concurrent.ForkJoinTask.doJoin(ForkJoinTask.java:389)
	at java.util.concurrent.ForkJoinTask.join(ForkJoinTask.java:719)
	at scala.collection.parallel.ForkJoinTasks$WrappedTask.sync(Tasks.scala:379)
	at scala.collection.parallel.ForkJoinTasks$WrappedTask.sync$(Tasks.scala:379)
	at scala.collection.parallel.AdaptiveWorkStealingForkJoinTasks$WrappedTask.sync(Tasks.scala:440)
	at scala.collection.parallel.ForkJoinTasks.executeAndWaitResult(Tasks.scala:423)
	at scala.collection.parallel.ForkJoinTasks.executeAndWaitResult$(Tasks.scala:416)
	at scala.collection.parallel.ForkJoinTaskSupport.executeAndWaitResult(TaskSupport.scala:60)
	at scala.collection.parallel.ParIterableLike$ResultMapping.leaf(ParIterableLike.scala:968)
	at scala.collection.parallel.Task.$anonfun$tryLeaf$1(Tasks.scala:53)
	at scala.runtime.java8.JFunction0$mcV$sp.apply(JFunction0$mcV$sp.java:23)
	at scala.util.control.Breaks$$anon$1.catchBreak(Breaks.scala:67)
	at scala.collection.parallel.Task.tryLeaf(Tasks.scala:56)
	at scala.collection.parallel.Task.tryLeaf$(Tasks.scala:50)
	at scala.collection.parallel.ParIterableLike$ResultMapping.tryLeaf(ParIterableLike.scala:963)
	at scala.collection.parallel.AdaptiveWorkStealingTasks$WrappedTask.compute(Tasks.scala:153)
	at scala.collection.parallel.AdaptiveWorkStealingTasks$WrappedTask.compute$(Tasks.scala:149)
	at scala.collection.parallel.AdaptiveWorkStealingForkJoinTasks$WrappedTask.compute(Tasks.scala:440)
	at java.util.concurrent.RecursiveAction.exec(RecursiveAction.java:189)
	at java.util.concurrent.ForkJoinTask.doExec(ForkJoinTask.java:289)
	at java.util.concurrent.ForkJoinPool$WorkQueue.runTask(ForkJoinPool.java:1056)
	at java.util.concurrent.ForkJoinPool.runWorker(ForkJoinPool.java:1692)
	at java.util.concurrent.ForkJoinWorkerThread.run(ForkJoinWorkerThread.java:175)
01/23 10:34:21 [1;31mERROR[0;39m [36mc.c.a.c.a.CodacyPluginsAnalyser:31[0;39m - Failed analysis for lizard 
java.lang.Throwable: 
Docker exited with code 126
stdout: 
stderr: docker: permission denied while trying to connect to the Docker daemon socket at unix:///var/run/docker.sock: Head "http://%2Fvar%2Frun%2Fdocker.sock/_ping": dial unix /var/run/docker.sock: connect: permission denied.
See 'docker run --help'.
           
	at com.codacy.plugins.runners.BinaryDockerRunner.$anonfun$run$4(BinaryDockerRunner.scala:84)
	at scala.util.Success.flatMap(Try.scala:251)
	at com.codacy.plugins.runners.BinaryDockerRunner.run(BinaryDockerRunner.scala:69)
	at com.codacy.plugins.results.traits.ToolRunner.$anonfun$apply$2(ToolRunner.scala:76)
	at com.codacy.plugins.results.traits.CodacyDocker$.$anonfun$usingDockerConfig$2(CodacyDocker.scala:45)
	at com.codacy.plugins.utils.FileHelper$.$anonfun$usingNewFile$2(FileHelper.scala:51)
	at scala.util.Try$.apply(Try.scala:213)
	at com.codacy.plugins.utils.FileHelper$.usingNewFile(FileHelper.scala:45)
	at com.codacy.plugins.results.traits.CodacyDocker$.usingConfigPath(CodacyDocker.scala:57)
	at com.codacy.plugins.results.traits.CodacyDocker$.$anonfun$usingDockerConfig$1(CodacyDocker.scala:39)
	at scala.Option.map(Option.scala:230)
	at com.codacy.plugins.results.traits.CodacyDocker$.usingDockerConfig(CodacyDocker.scala:38)
	at com.codacy.plugins.results.traits.ToolRunner.$anonfun$apply$1(ToolRunner.scala:75)
	at scala.util.Try$.apply(Try.scala:213)
	at com.codacy.plugins.results.traits.ToolRunner.apply(ToolRunner.scala:60)
	at com.codacy.plugins.results.traits.ToolRunner.run(ToolRunner.scala:48)
	at com.codacy.analysis.core.tools.Tool.run(Tool.scala:95)
	at com.codacy.analysis.core.analysis.CodacyPluginsAnalyser.analyse(CodacyPluginsAnalyser.scala:25)
	at com.codacy.analysis.cli.analysis.AnalyseExecutor.$anonfun$issues$1(AnalyseExecutor.scala:159)
	at scala.util.Success.flatMap(Try.scala:251)
	at com.codacy.analysis.cli.analysis.AnalyseExecutor.issues(AnalyseExecutor.scala:151)
	at com.codacy.analysis.cli.analysis.AnalyseExecutor.$anonfun$run$5(AnalyseExecutor.scala:70)
	at scala.collection.parallel.AugmentedIterableIterator.map2combiner(RemainsIterator.scala:116)
	at scala.collection.parallel.AugmentedIterableIterator.map2combiner$(RemainsIterator.scala:113)
	at scala.collection.parallel.immutable.ParHashSet$ParHashSetIterator.map2combiner(ParHashSet.scala:81)
	at scala.collection.parallel.ParIterableLike$Map.leaf(ParIterableLike.scala:1064)
	at scala.collection.parallel.Task.$anonfun$tryLeaf$1(Tasks.scala:53)
	at scala.runtime.java8.JFunction0$mcV$sp.apply(JFunction0$mcV$sp.java:23)
	at scala.util.control.Breaks$$anon$1.catchBreak(Breaks.scala:67)
	at scala.collection.parallel.Task.tryLeaf(Tasks.scala:56)
	at scala.collection.parallel.Task.tryLeaf$(Tasks.scala:50)
	at scala.collection.parallel.ParIterableLike$Map.tryLeaf(ParIterableLike.scala:1061)
	at scala.collection.parallel.AdaptiveWorkStealingTasks$WrappedTask.internal(Tasks.scala:160)
	at scala.collection.parallel.AdaptiveWorkStealingTasks$WrappedTask.internal$(Tasks.scala:157)
	at scala.collection.parallel.AdaptiveWorkStealingForkJoinTasks$WrappedTask.internal(Tasks.scala:440)
	at scala.collection.parallel.AdaptiveWorkStealingTasks$WrappedTask.compute(Tasks.scala:150)
	at scala.collection.parallel.AdaptiveWorkStealingTasks$WrappedTask.compute$(Tasks.scala:149)
	at scala.collection.parallel.AdaptiveWorkStealingForkJoinTasks$WrappedTask.compute(Tasks.scala:440)
	at java.util.concurrent.RecursiveAction.exec(RecursiveAction.java:189)
	at java.util.concurrent.ForkJoinTask.doExec(ForkJoinTask.java:289)
	at java.util.concurrent.ForkJoinPool$WorkQueue.runTask(ForkJoinPool.java:1056)
	at java.util.concurrent.ForkJoinPool.runWorker(ForkJoinPool.java:1692)
	at java.util.concurrent.ForkJoinWorkerThread.run(ForkJoinWorkerThread.java:175)
01/23 10:34:22 [1;31mERROR[0;39m [36mc.c.a.c.a.CodacyPluginsAnalyser:31[0;39m - Failed analysis for trivy 
java.lang.Throwable: 
Docker exited with code 126
stdout: 
stderr: docker: permission denied while trying to connect to the Docker daemon socket at unix:///var/run/docker.sock: Head "http://%2Fvar%2Frun%2Fdocker.sock/_ping": dial unix /var/run/docker.sock: connect: permission denied.
See 'docker run --help'.
           
	at com.codacy.plugins.runners.BinaryDockerRunner.$anonfun$run$4(BinaryDockerRunner.scala:84)
	at scala.util.Success.flatMap(Try.scala:251)
	at com.codacy.plugins.runners.BinaryDockerRunner.run(BinaryDockerRunner.scala:69)
	at com.codacy.plugins.results.traits.ToolRunner.$anonfun$apply$2(ToolRunner.scala:76)
	at com.codacy.plugins.results.traits.CodacyDocker$.$anonfun$usingDockerConfig$2(CodacyDocker.scala:45)
	at com.codacy.plugins.utils.FileHelper$.$anonfun$usingNewFile$2(FileHelper.scala:51)
	at scala.util.Try$.apply(Try.scala:213)
	at com.codacy.plugins.utils.FileHelper$.usingNewFile(FileHelper.scala:45)
	at com.codacy.plugins.results.traits.CodacyDocker$.usingConfigPath(CodacyDocker.scala:57)
	at com.codacy.plugins.results.traits.CodacyDocker$.$anonfun$usingDockerConfig$1(CodacyDocker.scala:39)
	at scala.Option.map(Option.scala:230)
	at com.codacy.plugins.results.traits.CodacyDocker$.usingDockerConfig(CodacyDocker.scala:38)
	at com.codacy.plugins.results.traits.ToolRunner.$anonfun$apply$1(ToolRunner.scala:75)
	at scala.util.Try$.apply(Try.scala:213)
	at com.codacy.plugins.results.traits.ToolRunner.apply(ToolRunner.scala:60)
	at com.codacy.plugins.results.traits.ToolRunner.run(ToolRunner.scala:48)
	at com.codacy.analysis.core.tools.Tool.run(Tool.scala:95)
	at com.codacy.analysis.core.analysis.CodacyPluginsAnalyser.analyse(CodacyPluginsAnalyser.scala:25)
	at com.codacy.analysis.cli.analysis.AnalyseExecutor.$anonfun$issues$1(AnalyseExecutor.scala:159)
	at scala.util.Success.flatMap(Try.scala:251)
	at com.codacy.analysis.cli.analysis.AnalyseExecutor.issues(AnalyseExecutor.scala:151)
	at com.codacy.analysis.cli.analysis.AnalyseExecutor.$anonfun$run$5(AnalyseExecutor.scala:70)
	at scala.collection.parallel.AugmentedIterableIterator.map2combiner(RemainsIterator.scala:116)
	at scala.collection.parallel.AugmentedIterableIterator.map2combiner$(RemainsIterator.scala:113)
	at scala.collection.parallel.immutable.ParHashSet$ParHashSetIterator.map2combiner(ParHashSet.scala:81)
	at scala.collection.parallel.ParIterableLike$Map.leaf(ParIterableLike.scala:1064)
	at scala.collection.parallel.Task.$anonfun$tryLeaf$1(Tasks.scala:53)
	at scala.runtime.java8.JFunction0$mcV$sp.apply(JFunction0$mcV$sp.java:23)
	at scala.util.control.Breaks$$anon$1.catchBreak(Breaks.scala:67)
	at scala.collection.parallel.Task.tryLeaf(Tasks.scala:56)
	at scala.collection.parallel.Task.tryLeaf$(Tasks.scala:50)
	at scala.collection.parallel.ParIterableLike$Map.tryLeaf(ParIterableLike.scala:1061)
	at scala.collection.parallel.AdaptiveWorkStealingTasks$WrappedTask.internal(Tasks.scala:160)
	at scala.collection.parallel.AdaptiveWorkStealingTasks$WrappedTask.internal$(Tasks.scala:157)
	at scala.collection.parallel.AdaptiveWorkStealingForkJoinTasks$WrappedTask.internal(Tasks.scala:440)
	at scala.collection.parallel.AdaptiveWorkStealingTasks$WrappedTask.compute(Tasks.scala:150)
	at scala.collection.parallel.AdaptiveWorkStealingTasks$WrappedTask.compute$(Tasks.scala:149)
	at scala.collection.parallel.AdaptiveWorkStealingForkJoinTasks$WrappedTask.compute(Tasks.scala:440)
	at java.util.concurrent.RecursiveAction.exec(RecursiveAction.java:189)
	at java.util.concurrent.ForkJoinTask.doExec(ForkJoinTask.java:289)
	at java.util.concurrent.ForkJoinTask.doJoin(ForkJoinTask.java:389)
	at java.util.concurrent.ForkJoinTask.join(ForkJoinTask.java:719)
	at scala.collection.parallel.ForkJoinTasks$WrappedTask.sync(Tasks.scala:379)
	at scala.collection.parallel.ForkJoinTasks$WrappedTask.sync$(Tasks.scala:379)
	at scala.collection.parallel.AdaptiveWorkStealingForkJoinTasks$WrappedTask.sync(Tasks.scala:440)
	at scala.collection.parallel.ForkJoinTasks.executeAndWaitResult(Tasks.scala:423)
	at scala.collection.parallel.ForkJoinTasks.executeAndWaitResult$(Tasks.scala:416)
	at scala.collection.parallel.ForkJoinTaskSupport.executeAndWaitResult(TaskSupport.scala:60)
	at scala.collection.parallel.ParIterableLike$ResultMapping.leaf(ParIterableLike.scala:968)
	at scala.collection.parallel.Task.$anonfun$tryLeaf$1(Tasks.scala:53)
	at scala.runtime.java8.JFunction0$mcV$sp.apply(JFunction0$mcV$sp.java:23)
	at scala.util.control.Breaks$$anon$1.catchBreak(Breaks.scala:67)
	at scala.collection.parallel.Task.tryLeaf(Tasks.scala:56)
	at scala.collection.parallel.Task.tryLeaf$(Tasks.scala:50)
	at scala.collection.parallel.ParIterableLike$ResultMapping.tryLeaf(ParIterableLike.scala:963)
	at scala.collection.parallel.AdaptiveWorkStealingTasks$WrappedTask.compute(Tasks.scala:153)
	at scala.collection.parallel.AdaptiveWorkStealingTasks$WrappedTask.compute$(Tasks.scala:149)
	at scala.collection.parallel.AdaptiveWorkStealingForkJoinTasks$WrappedTask.compute(Tasks.scala:440)
	at java.util.concurrent.RecursiveAction.exec(RecursiveAction.java:189)
	at java.util.concurrent.ForkJoinTask.doExec(ForkJoinTask.java:289)
	at java.util.concurrent.ForkJoinPool$WorkQueue.runTask(ForkJoinPool.java:1056)
	at java.util.concurrent.ForkJoinPool.runWorker(ForkJoinPool.java:1692)
	at java.util.concurrent.ForkJoinWorkerThread.run(ForkJoinWorkerThread.java:175)
01/23 10:34:22 [1;31mERROR[0;39m [36mc.c.a.c.a.CodacyPluginsAnalyser:71[0;39m - Failed duplication for duplication 
java.lang.Throwable: 
Docker exited with code 126
stdout: 
stderr: docker: permission denied while trying to connect to the Docker daemon socket at unix:///var/run/docker.sock: Head "http://%2Fvar%2Frun%2Fdocker.sock/_ping": dial unix /var/run/docker.sock: connect: permission denied.
See 'docker run --help'.
           
	at com.codacy.plugins.runners.BinaryDockerRunner.$anonfun$run$4(BinaryDockerRunner.scala:84)
	at scala.util.Success.flatMap(Try.scala:251)
	at com.codacy.plugins.runners.BinaryDockerRunner.run(BinaryDockerRunner.scala:69)
	at com.codacy.plugins.duplication.traits.DuplicationRunner.$anonfun$run$1(DuplicationRunner.scala:45)
	at com.codacy.plugins.utils.FileHelper$.$anonfun$usingNewFile$2(FileHelper.scala:51)
	at scala.util.Try$.apply(Try.scala:213)
	at com.codacy.plugins.utils.FileHelper$.usingNewFile(FileHelper.scala:45)
	at com.codacy.plugins.duplication.traits.DuplicationRunner.usingConfiguration(DuplicationRunner.scala:52)
	at com.codacy.plugins.duplication.traits.DuplicationRunner.run(DuplicationRunner.scala:36)
	at com.codacy.analysis.core.tools.DuplicationTool.run(DuplicationTool.scala:47)
	at com.codacy.analysis.core.analysis.CodacyPluginsAnalyser.duplication(CodacyPluginsAnalyser.scala:65)
	at com.codacy.analysis.cli.analysis.AnalyseExecutor.$anonfun$run$5(AnalyseExecutor.scala:98)
	at scala.collection.parallel.AugmentedIterableIterator.map2combiner(RemainsIterator.scala:116)
	at scala.collection.parallel.AugmentedIterableIterator.map2combiner$(RemainsIterator.scala:113)
	at scala.collection.parallel.immutable.ParHashSet$ParHashSetIterator.map2combiner(ParHashSet.scala:81)
	at scala.collection.parallel.ParIterableLike$Map.leaf(ParIterableLike.scala:1064)
	at scala.collection.parallel.Task.$anonfun$tryLeaf$1(Tasks.scala:53)
	at scala.runtime.java8.JFunction0$mcV$sp.apply(JFunction0$mcV$sp.java:23)
	at scala.util.control.Breaks$$anon$1.catchBreak(Breaks.scala:67)
	at scala.collection.parallel.Task.tryLeaf(Tasks.scala:56)
	at scala.collection.parallel.Task.tryLeaf$(Tasks.scala:50)
	at scala.collection.parallel.ParIterableLike$Map.tryLeaf(ParIterableLike.scala:1061)
	at scala.collection.parallel.AdaptiveWorkStealingTasks$WrappedTask.internal(Tasks.scala:160)
	at scala.collection.parallel.AdaptiveWorkStealingTasks$WrappedTask.internal$(Tasks.scala:157)
	at scala.collection.parallel.AdaptiveWorkStealingForkJoinTasks$WrappedTask.internal(Tasks.scala:440)
	at scala.collection.parallel.AdaptiveWorkStealingTasks$WrappedTask.compute(Tasks.scala:150)
	at scala.collection.parallel.AdaptiveWorkStealingTasks$WrappedTask.compute$(Tasks.scala:149)
	at scala.collection.parallel.AdaptiveWorkStealingForkJoinTasks$WrappedTask.compute(Tasks.scala:440)
	at java.util.concurrent.RecursiveAction.exec(RecursiveAction.java:189)
	at java.util.concurrent.ForkJoinTask.doExec(ForkJoinTask.java:289)
	at java.util.concurrent.ForkJoinPool$WorkQueue.runTask(ForkJoinPool.java:1056)
	at java.util.concurrent.ForkJoinPool.runWorker(ForkJoinPool.java:1692)
	at java.util.concurrent.ForkJoinWorkerThread.run(ForkJoinWorkerThread.java:175)
01/23 10:34:23 [1;31mERROR[0;39m [36mc.c.a.c.a.CodacyPluginsAnalyser:31[0;39m - Failed analysis for stylelint 
java.lang.Throwable: 
Docker exited with code 126
stdout: 
stderr: docker: permission denied while trying to connect to the Docker daemon socket at unix:///var/run/docker.sock: Head "http://%2Fvar%2Frun%2Fdocker.sock/_ping": dial unix /var/run/docker.sock: connect: permission denied.
See 'docker run --help'.
           
	at com.codacy.plugins.runners.BinaryDockerRunner.$anonfun$run$4(BinaryDockerRunner.scala:84)
	at scala.util.Success.flatMap(Try.scala:251)
	at com.codacy.plugins.runners.BinaryDockerRunner.run(BinaryDockerRunner.scala:69)
	at com.codacy.plugins.results.traits.ToolRunner.$anonfun$apply$2(ToolRunner.scala:76)
	at com.codacy.plugins.results.traits.CodacyDocker$.$anonfun$usingDockerConfig$2(CodacyDocker.scala:45)
	at com.codacy.plugins.utils.FileHelper$.$anonfun$usingNewFile$2(FileHelper.scala:51)
	at scala.util.Try$.apply(Try.scala:213)
	at com.codacy.plugins.utils.FileHelper$.usingNewFile(FileHelper.scala:45)
	at com.codacy.plugins.results.traits.CodacyDocker$.usingConfigPath(CodacyDocker.scala:57)
	at com.codacy.plugins.results.traits.CodacyDocker$.$anonfun$usingDockerConfig$1(CodacyDocker.scala:39)
	at scala.Option.map(Option.scala:230)
	at com.codacy.plugins.results.traits.CodacyDocker$.usingDockerConfig(CodacyDocker.scala:38)
	at com.codacy.plugins.results.traits.ToolRunner.$anonfun$apply$1(ToolRunner.scala:75)
	at scala.util.Try$.apply(Try.scala:213)
	at com.codacy.plugins.results.traits.ToolRunner.apply(ToolRunner.scala:60)
	at com.codacy.plugins.results.traits.ToolRunner.run(ToolRunner.scala:48)
	at com.codacy.analysis.core.tools.Tool.run(Tool.scala:95)
	at com.codacy.analysis.core.analysis.CodacyPluginsAnalyser.analyse(CodacyPluginsAnalyser.scala:25)
	at com.codacy.analysis.cli.analysis.AnalyseExecutor.$anonfun$issues$1(AnalyseExecutor.scala:159)
	at scala.util.Success.flatMap(Try.scala:251)
	at com.codacy.analysis.cli.analysis.AnalyseExecutor.issues(AnalyseExecutor.scala:151)
	at com.codacy.analysis.cli.analysis.AnalyseExecutor.$anonfun$run$5(AnalyseExecutor.scala:70)
	at scala.collection.parallel.AugmentedIterableIterator.map2combiner(RemainsIterator.scala:116)
	at scala.collection.parallel.AugmentedIterableIterator.map2combiner$(RemainsIterator.scala:113)
	at scala.collection.parallel.immutable.ParHashSet$ParHashSetIterator.map2combiner(ParHashSet.scala:81)
	at scala.collection.parallel.ParIterableLike$Map.leaf(ParIterableLike.scala:1064)
	at scala.collection.parallel.Task.$anonfun$tryLeaf$1(Tasks.scala:53)
	at scala.runtime.java8.JFunction0$mcV$sp.apply(JFunction0$mcV$sp.java:23)
	at scala.util.control.Breaks$$anon$1.catchBreak(Breaks.scala:67)
	at scala.collection.parallel.Task.tryLeaf(Tasks.scala:56)
	at scala.collection.parallel.Task.tryLeaf$(Tasks.scala:50)
	at scala.collection.parallel.ParIterableLike$Map.tryLeaf(ParIterableLike.scala:1061)
	at scala.collection.parallel.AdaptiveWorkStealingTasks$WrappedTask.internal(Tasks.scala:170)
	at scala.collection.parallel.AdaptiveWorkStealingTasks$WrappedTask.internal$(Tasks.scala:157)
	at scala.collection.parallel.AdaptiveWorkStealingForkJoinTasks$WrappedTask.internal(Tasks.scala:440)
	at scala.collection.parallel.AdaptiveWorkStealingTasks$WrappedTask.compute(Tasks.scala:150)
	at scala.collection.parallel.AdaptiveWorkStealingTasks$WrappedTask.compute$(Tasks.scala:149)
	at scala.collection.parallel.AdaptiveWorkStealingForkJoinTasks$WrappedTask.compute(Tasks.scala:440)
	at java.util.concurrent.RecursiveAction.exec(RecursiveAction.java:189)
	at java.util.concurrent.ForkJoinTask.doExec(ForkJoinTask.java:289)
	at java.util.concurrent.ForkJoinTask.doJoin(ForkJoinTask.java:389)
	at java.util.concurrent.ForkJoinTask.join(ForkJoinTask.java:719)
	at scala.collection.parallel.ForkJoinTasks$WrappedTask.sync(Tasks.scala:379)
	at scala.collection.parallel.ForkJoinTasks$WrappedTask.sync$(Tasks.scala:379)
	at scala.collection.parallel.AdaptiveWorkStealingForkJoinTasks$WrappedTask.sync(Tasks.scala:440)
	at scala.collection.parallel.ForkJoinTasks.executeAndWaitResult(Tasks.scala:423)
	at scala.collection.parallel.ForkJoinTasks.executeAndWaitResult$(Tasks.scala:416)
	at scala.collection.parallel.ForkJoinTaskSupport.executeAndWaitResult(TaskSupport.scala:60)
	at scala.collection.parallel.ParIterableLike$ResultMapping.leaf(ParIterableLike.scala:968)
	at scala.collection.parallel.Task.$anonfun$tryLeaf$1(Tasks.scala:53)
	at scala.runtime.java8.JFunction0$mcV$sp.apply(JFunction0$mcV$sp.java:23)
	at scala.util.control.Breaks$$anon$1.catchBreak(Breaks.scala:67)
	at scala.collection.parallel.Task.tryLeaf(Tasks.scala:56)
	at scala.collection.parallel.Task.tryLeaf$(Tasks.scala:50)
	at scala.collection.parallel.ParIterableLike$ResultMapping.tryLeaf(ParIterableLike.scala:963)
	at scala.collection.parallel.AdaptiveWorkStealingTasks$WrappedTask.compute(Tasks.scala:153)
	at scala.collection.parallel.AdaptiveWorkStealingTasks$WrappedTask.compute$(Tasks.scala:149)
	at scala.collection.parallel.AdaptiveWorkStealingForkJoinTasks$WrappedTask.compute(Tasks.scala:440)
	at java.util.concurrent.RecursiveAction.exec(RecursiveAction.java:189)
	at java.util.concurrent.ForkJoinTask.doExec(ForkJoinTask.java:289)
	at java.util.concurrent.ForkJoinPool$WorkQueue.runTask(ForkJoinPool.java:1056)
	at java.util.concurrent.ForkJoinPool.runWorker(ForkJoinPool.java:1692)
	at java.util.concurrent.ForkJoinWorkerThread.run(ForkJoinWorkerThread.java:175)
01/23 10:34:23 [1;31mERROR[0;39m [36mc.c.a.c.a.CodacyPluginsAnalyser:31[0;39m - Failed analysis for semgrep 
java.lang.Throwable: 
Docker exited with code 126
stdout: 
stderr: docker: permission denied while trying to connect to the Docker daemon socket at unix:///var/run/docker.sock: Head "http://%2Fvar%2Frun%2Fdocker.sock/_ping": dial unix /var/run/docker.sock: connect: permission denied.
See 'docker run --help'.
           
	at com.codacy.plugins.runners.BinaryDockerRunner.$anonfun$run$4(BinaryDockerRunner.scala:84)
	at scala.util.Success.flatMap(Try.scala:251)
	at com.codacy.plugins.runners.BinaryDockerRunner.run(BinaryDockerRunner.scala:69)
	at com.codacy.plugins.results.traits.ToolRunner.$anonfun$apply$2(ToolRunner.scala:76)
	at com.codacy.plugins.results.traits.CodacyDocker$.$anonfun$usingDockerConfig$2(CodacyDocker.scala:45)
	at com.codacy.plugins.utils.FileHelper$.$anonfun$usingNewFile$2(FileHelper.scala:51)
	at scala.util.Try$.apply(Try.scala:213)
	at com.codacy.plugins.utils.FileHelper$.usingNewFile(FileHelper.scala:45)
	at com.codacy.plugins.results.traits.CodacyDocker$.usingConfigPath(CodacyDocker.scala:57)
	at com.codacy.plugins.results.traits.CodacyDocker$.$anonfun$usingDockerConfig$1(CodacyDocker.scala:39)
	at scala.Option.map(Option.scala:230)
	at com.codacy.plugins.results.traits.CodacyDocker$.usingDockerConfig(CodacyDocker.scala:38)
	at com.codacy.plugins.results.traits.ToolRunner.$anonfun$apply$1(ToolRunner.scala:75)
	at scala.util.Try$.apply(Try.scala:213)
	at com.codacy.plugins.results.traits.ToolRunner.apply(ToolRunner.scala:60)
	at com.codacy.plugins.results.traits.ToolRunner.run(ToolRunner.scala:48)
	at com.codacy.analysis.core.tools.Tool.run(Tool.scala:95)
	at com.codacy.analysis.core.analysis.CodacyPluginsAnalyser.analyse(CodacyPluginsAnalyser.scala:25)
	at com.codacy.analysis.cli.analysis.AnalyseExecutor.$anonfun$issues$1(AnalyseExecutor.scala:159)
	at scala.util.Success.flatMap(Try.scala:251)
	at com.codacy.analysis.cli.analysis.AnalyseExecutor.issues(AnalyseExecutor.scala:151)
	at com.codacy.analysis.cli.analysis.AnalyseExecutor.$anonfun$run$5(AnalyseExecutor.scala:70)
	at scala.collection.parallel.AugmentedIterableIterator.map2combiner(RemainsIterator.scala:116)
	at scala.collection.parallel.AugmentedIterableIterator.map2combiner$(RemainsIterator.scala:113)
	at scala.collection.parallel.immutable.ParHashSet$ParHashSetIterator.map2combiner(ParHashSet.scala:81)
	at scala.collection.parallel.ParIterableLike$Map.leaf(ParIterableLike.scala:1064)
	at scala.collection.parallel.Task.$anonfun$tryLeaf$1(Tasks.scala:53)
	at scala.runtime.java8.JFunction0$mcV$sp.apply(JFunction0$mcV$sp.java:23)
	at scala.util.control.Breaks$$anon$1.catchBreak(Breaks.scala:67)
	at scala.collection.parallel.Task.tryLeaf(Tasks.scala:56)
	at scala.collection.parallel.Task.tryLeaf$(Tasks.scala:50)
	at scala.collection.parallel.ParIterableLike$Map.tryLeaf(ParIterableLike.scala:1061)
	at scala.collection.parallel.AdaptiveWorkStealingTasks$WrappedTask.internal(Tasks.scala:170)
	at scala.collection.parallel.AdaptiveWorkStealingTasks$WrappedTask.internal$(Tasks.scala:157)
	at scala.collection.parallel.AdaptiveWorkStealingForkJoinTasks$WrappedTask.internal(Tasks.scala:440)
	at scala.collection.parallel.AdaptiveWorkStealingTasks$WrappedTask.compute(Tasks.scala:150)
	at scala.collection.parallel.AdaptiveWorkStealingTasks$WrappedTask.compute$(Tasks.scala:149)
	at scala.collection.parallel.AdaptiveWorkStealingForkJoinTasks$WrappedTask.compute(Tasks.scala:440)
	at java.util.concurrent.RecursiveAction.exec(RecursiveAction.java:189)
	at java.util.concurrent.ForkJoinTask.doExec(ForkJoinTask.java:289)
	at java.util.concurrent.ForkJoinPool$WorkQueue.runTask(ForkJoinPool.java:1056)
	at java.util.concurrent.ForkJoinPool.runWorker(ForkJoinPool.java:1692)
	at java.util.concurrent.ForkJoinWorkerThread.run(ForkJoinWorkerThread.java:175)
01/23 10:34:24 [1;31mERROR[0;39m [36mc.c.a.c.a.CodacyPluginsAnalyser:52[0;39m - Failed metrics for metrics 
java.lang.Throwable: 
Docker exited with code 126
stdout: 
stderr: docker: permission denied while trying to connect to the Docker daemon socket at unix:///var/run/docker.sock: Head "http://%2Fvar%2Frun%2Fdocker.sock/_ping": dial unix /var/run/docker.sock: connect: permission denied.
See 'docker run --help'.
           
	at com.codacy.plugins.runners.BinaryDockerRunner.$anonfun$run$4(BinaryDockerRunner.scala:84)
	at scala.util.Success.flatMap(Try.scala:251)
	at com.codacy.plugins.runners.BinaryDockerRunner.run(BinaryDockerRunner.scala:69)
	at com.codacy.plugins.metrics.traits.MetricsRunner.$anonfun$run$1(MetricsRunner.scala:46)
	at com.codacy.plugins.utils.FileHelper$.$anonfun$usingNewFile$2(FileHelper.scala:51)
	at scala.util.Try$.apply(Try.scala:213)
	at com.codacy.plugins.utils.FileHelper$.usingNewFile(FileHelper.scala:45)
	at com.codacy.plugins.metrics.traits.MetricsRunner.usingConfiguration(MetricsRunner.scala:53)
	at com.codacy.plugins.metrics.traits.MetricsRunner.run(MetricsRunner.scala:38)
	at com.codacy.analysis.core.tools.MetricsTool.run(MetricsTool.scala:53)
	at com.codacy.analysis.core.analysis.CodacyPluginsAnalyser.metrics(CodacyPluginsAnalyser.scala:46)
	at com.codacy.analysis.cli.analysis.AnalyseExecutor.$anonfun$run$5(AnalyseExecutor.scala:87)
	at scala.collection.parallel.AugmentedIterableIterator.map2combiner(RemainsIterator.scala:116)
	at scala.collection.parallel.AugmentedIterableIterator.map2combiner$(RemainsIterator.scala:113)
	at scala.collection.parallel.immutable.ParHashSet$ParHashSetIterator.map2combiner(ParHashSet.scala:81)
	at scala.collection.parallel.ParIterableLike$Map.leaf(ParIterableLike.scala:1064)
	at scala.collection.parallel.Task.$anonfun$tryLeaf$1(Tasks.scala:53)
	at scala.runtime.java8.JFunction0$mcV$sp.apply(JFunction0$mcV$sp.java:23)
	at scala.util.control.Breaks$$anon$1.catchBreak(Breaks.scala:67)
	at scala.collection.parallel.Task.tryLeaf(Tasks.scala:56)
	at scala.collection.parallel.Task.tryLeaf$(Tasks.scala:50)
	at scala.collection.parallel.ParIterableLike$Map.tryLeaf(ParIterableLike.scala:1061)
	at scala.collection.parallel.AdaptiveWorkStealingTasks$WrappedTask.internal(Tasks.scala:170)
	at scala.collection.parallel.AdaptiveWorkStealingTasks$WrappedTask.internal$(Tasks.scala:157)
	at scala.collection.parallel.AdaptiveWorkStealingForkJoinTasks$WrappedTask.internal(Tasks.scala:440)
	at scala.collection.parallel.AdaptiveWorkStealingTasks$WrappedTask.compute(Tasks.scala:150)
	at scala.collection.parallel.AdaptiveWorkStealingTasks$WrappedTask.compute$(Tasks.scala:149)
	at scala.collection.parallel.AdaptiveWorkStealingForkJoinTasks$WrappedTask.compute(Tasks.scala:440)
	at java.util.concurrent.RecursiveAction.exec(RecursiveAction.java:189)
	at java.util.concurrent.ForkJoinTask.doExec(ForkJoinTask.java:289)
	at java.util.concurrent.ForkJoinPool$WorkQueue.runTask(ForkJoinPool.java:1056)
	at java.util.concurrent.ForkJoinPool.runWorker(ForkJoinPool.java:1692)
	at java.util.concurrent.ForkJoinWorkerThread.run(ForkJoinWorkerThread.java:175)
01/23 10:34:24 [1;31mERROR[0;39m [36mc.c.a.c.a.CodacyPluginsAnalyser:31[0;39m - Failed analysis for eslint 
java.lang.Throwable: 
Docker exited with code 126
stdout: 
stderr: docker: permission denied while trying to connect to the Docker daemon socket at unix:///var/run/docker.sock: Head "http://%2Fvar%2Frun%2Fdocker.sock/_ping": dial unix /var/run/docker.sock: connect: permission denied.
See 'docker run --help'.
           
	at com.codacy.plugins.runners.BinaryDockerRunner.$anonfun$run$4(BinaryDockerRunner.scala:84)
	at scala.util.Success.flatMap(Try.scala:251)
	at com.codacy.plugins.runners.BinaryDockerRunner.run(BinaryDockerRunner.scala:69)
	at com.codacy.plugins.results.traits.ToolRunner.$anonfun$apply$2(ToolRunner.scala:76)
	at com.codacy.plugins.results.traits.CodacyDocker$.$anonfun$usingDockerConfig$2(CodacyDocker.scala:45)
	at com.codacy.plugins.utils.FileHelper$.$anonfun$usingNewFile$2(FileHelper.scala:51)
	at scala.util.Try$.apply(Try.scala:213)
	at com.codacy.plugins.utils.FileHelper$.usingNewFile(FileHelper.scala:45)
	at com.codacy.plugins.results.traits.CodacyDocker$.usingConfigPath(CodacyDocker.scala:57)
	at com.codacy.plugins.results.traits.CodacyDocker$.$anonfun$usingDockerConfig$1(CodacyDocker.scala:39)
	at scala.Option.map(Option.scala:230)
	at com.codacy.plugins.results.traits.CodacyDocker$.usingDockerConfig(CodacyDocker.scala:38)
	at com.codacy.plugins.results.traits.ToolRunner.$anonfun$apply$1(ToolRunner.scala:75)
	at scala.util.Try$.apply(Try.scala:213)
	at com.codacy.plugins.results.traits.ToolRunner.apply(ToolRunner.scala:60)
	at com.codacy.plugins.results.traits.ToolRunner.run(ToolRunner.scala:48)
	at com.codacy.analysis.core.tools.Tool.run(Tool.scala:95)
	at com.codacy.analysis.core.analysis.CodacyPluginsAnalyser.analyse(CodacyPluginsAnalyser.scala:25)
	at com.codacy.analysis.cli.analysis.AnalyseExecutor.$anonfun$issues$1(AnalyseExecutor.scala:159)
	at scala.util.Success.flatMap(Try.scala:251)
	at com.codacy.analysis.cli.analysis.AnalyseExecutor.issues(AnalyseExecutor.scala:151)
	at com.codacy.analysis.cli.analysis.AnalyseExecutor.$anonfun$run$5(AnalyseExecutor.scala:70)
	at scala.collection.parallel.AugmentedIterableIterator.map2combiner(RemainsIterator.scala:116)
	at scala.collection.parallel.AugmentedIterableIterator.map2combiner$(RemainsIterator.scala:113)
	at scala.collection.parallel.immutable.ParHashSet$ParHashSetIterator.map2combiner(ParHashSet.scala:81)
	at scala.collection.parallel.ParIterableLike$Map.leaf(ParIterableLike.scala:1064)
	at scala.collection.parallel.Task.$anonfun$tryLeaf$1(Tasks.scala:53)
	at scala.runtime.java8.JFunction0$mcV$sp.apply(JFunction0$mcV$sp.java:23)
	at scala.util.control.Breaks$$anon$1.catchBreak(Breaks.scala:67)
	at scala.collection.parallel.Task.tryLeaf(Tasks.scala:56)
	at scala.collection.parallel.Task.tryLeaf$(Tasks.scala:50)
	at scala.collection.parallel.ParIterableLike$Map.tryLeaf(ParIterableLike.scala:1061)
	at scala.collection.parallel.AdaptiveWorkStealingTasks$WrappedTask.internal(Tasks.scala:170)
	at scala.collection.parallel.AdaptiveWorkStealingTasks$WrappedTask.internal$(Tasks.scala:157)
	at scala.collection.parallel.AdaptiveWorkStealingForkJoinTasks$WrappedTask.internal(Tasks.scala:440)
	at scala.collection.parallel.AdaptiveWorkStealingTasks$WrappedTask.compute(Tasks.scala:150)
	at scala.collection.parallel.AdaptiveWorkStealingTasks$WrappedTask.compute$(Tasks.scala:149)
	at scala.collection.parallel.AdaptiveWorkStealingForkJoinTasks$WrappedTask.compute(Tasks.scala:440)
	at java.util.concurrent.RecursiveAction.exec(RecursiveAction.java:189)
	at java.util.concurrent.ForkJoinTask.doExec(ForkJoinTask.java:289)
	at java.util.concurrent.ForkJoinTask.doJoin(ForkJoinTask.java:389)
	at java.util.concurrent.ForkJoinTask.join(ForkJoinTask.java:719)
	at scala.collection.parallel.ForkJoinTasks$WrappedTask.sync(Tasks.scala:379)
	at scala.collection.parallel.ForkJoinTasks$WrappedTask.sync$(Tasks.scala:379)
	at scala.collection.parallel.AdaptiveWorkStealingForkJoinTasks$WrappedTask.sync(Tasks.scala:440)
	at scala.collection.parallel.ForkJoinTasks.executeAndWaitResult(Tasks.scala:423)
	at scala.collection.parallel.ForkJoinTasks.executeAndWaitResult$(Tasks.scala:416)
	at scala.collection.parallel.ForkJoinTaskSupport.executeAndWaitResult(TaskSupport.scala:60)
	at scala.collection.parallel.ParIterableLike$ResultMapping.leaf(ParIterableLike.scala:968)
	at scala.collection.parallel.Task.$anonfun$tryLeaf$1(Tasks.scala:53)
	at scala.runtime.java8.JFunction0$mcV$sp.apply(JFunction0$mcV$sp.java:23)
	at scala.util.control.Breaks$$anon$1.catchBreak(Breaks.scala:67)
	at scala.collection.parallel.Task.tryLeaf(Tasks.scala:56)
	at scala.collection.parallel.Task.tryLeaf$(Tasks.scala:50)
	at scala.collection.parallel.ParIterableLike$ResultMapping.tryLeaf(ParIterableLike.scala:963)
	at scala.collection.parallel.AdaptiveWorkStealingTasks$WrappedTask.compute(Tasks.scala:153)
	at scala.collection.parallel.AdaptiveWorkStealingTasks$WrappedTask.compute$(Tasks.scala:149)
	at scala.collection.parallel.AdaptiveWorkStealingForkJoinTasks$WrappedTask.compute(Tasks.scala:440)
	at java.util.concurrent.RecursiveAction.exec(RecursiveAction.java:189)
	at java.util.concurrent.ForkJoinTask.doExec(ForkJoinTask.java:289)
	at java.util.concurrent.ForkJoinPool$WorkQueue.runTask(ForkJoinPool.java:1056)
	at java.util.concurrent.ForkJoinPool.runWorker(ForkJoinPool.java:1692)
	at java.util.concurrent.ForkJoinWorkerThread.run(ForkJoinWorkerThread.java:175)
01/23 10:34:24 [1;31mERROR[0;39m [36mc.c.a.c.a.CodacyPluginsAnalyser:31[0;39m - Failed analysis for prospector 
java.lang.Throwable: 
Docker exited with code 126
stdout: 
stderr: docker: permission denied while trying to connect to the Docker daemon socket at unix:///var/run/docker.sock: Head "http://%2Fvar%2Frun%2Fdocker.sock/_ping": dial unix /var/run/docker.sock: connect: permission denied.
See 'docker run --help'.
           
	at com.codacy.plugins.runners.BinaryDockerRunner.$anonfun$run$4(BinaryDockerRunner.scala:84)
	at scala.util.Success.flatMap(Try.scala:251)
	at com.codacy.plugins.runners.BinaryDockerRunner.run(BinaryDockerRunner.scala:69)
	at com.codacy.plugins.results.traits.ToolRunner.$anonfun$apply$2(ToolRunner.scala:76)
	at com.codacy.plugins.results.traits.CodacyDocker$.$anonfun$usingDockerConfig$2(CodacyDocker.scala:45)
	at com.codacy.plugins.utils.FileHelper$.$anonfun$usingNewFile$2(FileHelper.scala:51)
	at scala.util.Try$.apply(Try.scala:213)
	at com.codacy.plugins.utils.FileHelper$.usingNewFile(FileHelper.scala:45)
	at com.codacy.plugins.results.traits.CodacyDocker$.usingConfigPath(CodacyDocker.scala:57)
	at com.codacy.plugins.results.traits.CodacyDocker$.$anonfun$usingDockerConfig$1(CodacyDocker.scala:39)
	at scala.Option.map(Option.scala:230)
	at com.codacy.plugins.results.traits.CodacyDocker$.usingDockerConfig(CodacyDocker.scala:38)
	at com.codacy.plugins.results.traits.ToolRunner.$anonfun$apply$1(ToolRunner.scala:75)
	at scala.util.Try$.apply(Try.scala:213)
	at com.codacy.plugins.results.traits.ToolRunner.apply(ToolRunner.scala:60)
	at com.codacy.plugins.results.traits.ToolRunner.run(ToolRunner.scala:48)
	at com.codacy.analysis.core.tools.Tool.run(Tool.scala:95)
	at com.codacy.analysis.core.analysis.CodacyPluginsAnalyser.analyse(CodacyPluginsAnalyser.scala:25)
	at com.codacy.analysis.cli.analysis.AnalyseExecutor.$anonfun$issues$1(AnalyseExecutor.scala:159)
	at scala.util.Success.flatMap(Try.scala:251)
	at com.codacy.analysis.cli.analysis.AnalyseExecutor.issues(AnalyseExecutor.scala:151)
	at com.codacy.analysis.cli.analysis.AnalyseExecutor.$anonfun$run$5(AnalyseExecutor.scala:70)
	at scala.collection.parallel.AugmentedIterableIterator.map2combiner(RemainsIterator.scala:116)
	at scala.collection.parallel.AugmentedIterableIterator.map2combiner$(RemainsIterator.scala:113)
	at scala.collection.parallel.immutable.ParHashSet$ParHashSetIterator.map2combiner(ParHashSet.scala:81)
	at scala.collection.parallel.ParIterableLike$Map.leaf(ParIterableLike.scala:1064)
	at scala.collection.parallel.Task.$anonfun$tryLeaf$1(Tasks.scala:53)
	at scala.runtime.java8.JFunction0$mcV$sp.apply(JFunction0$mcV$sp.java:23)
	at scala.util.control.Breaks$$anon$1.catchBreak(Breaks.scala:67)
	at scala.collection.parallel.Task.tryLeaf(Tasks.scala:56)
	at scala.collection.parallel.Task.tryLeaf$(Tasks.scala:50)
	at scala.collection.parallel.ParIterableLike$Map.tryLeaf(ParIterableLike.scala:1061)
	at scala.collection.parallel.AdaptiveWorkStealingTasks$WrappedTask.internal(Tasks.scala:170)
	at scala.collection.parallel.AdaptiveWorkStealingTasks$WrappedTask.internal$(Tasks.scala:157)
	at scala.collection.parallel.AdaptiveWorkStealingForkJoinTasks$WrappedTask.internal(Tasks.scala:440)
	at scala.collection.parallel.AdaptiveWorkStealingTasks$WrappedTask.compute(Tasks.scala:150)
	at scala.collection.parallel.AdaptiveWorkStealingTasks$WrappedTask.compute$(Tasks.scala:149)
	at scala.collection.parallel.AdaptiveWorkStealingForkJoinTasks$WrappedTask.compute(Tasks.scala:440)
	at java.util.concurrent.RecursiveAction.exec(RecursiveAction.java:189)
	at java.util.concurrent.ForkJoinTask.doExec(ForkJoinTask.java:289)
	at java.util.concurrent.ForkJoinPool$WorkQueue.runTask(ForkJoinPool.java:1056)
	at java.util.concurrent.ForkJoinPool.runWorker(ForkJoinPool.java:1692)
	at java.util.concurrent.ForkJoinWorkerThread.run(ForkJoinWorkerThread.java:175)
01/23 10:34:24 [1;31mERROR[0;39m [36mc.c.a.c.a.CodacyPluginsAnalyser:52[0;39m - Failed metrics for metrics 
java.lang.Throwable: 
Docker exited with code 126
stdout: 
stderr: docker: permission denied while trying to connect to the Docker daemon socket at unix:///var/run/docker.sock: Head "http://%2Fvar%2Frun%2Fdocker.sock/_ping": dial unix /var/run/docker.sock: connect: permission denied.
See 'docker run --help'.
           
	at com.codacy.plugins.runners.BinaryDockerRunner.$anonfun$run$4(BinaryDockerRunner.scala:84)
	at scala.util.Success.flatMap(Try.scala:251)
	at com.codacy.plugins.runners.BinaryDockerRunner.run(BinaryDockerRunner.scala:69)
	at com.codacy.plugins.metrics.traits.MetricsRunner.$anonfun$run$1(MetricsRunner.scala:46)
	at com.codacy.plugins.utils.FileHelper$.$anonfun$usingNewFile$2(FileHelper.scala:51)
	at scala.util.Try$.apply(Try.scala:213)
	at com.codacy.plugins.utils.FileHelper$.usingNewFile(FileHelper.scala:45)
	at com.codacy.plugins.metrics.traits.MetricsRunner.usingConfiguration(MetricsRunner.scala:53)
	at com.codacy.plugins.metrics.traits.MetricsRunner.run(MetricsRunner.scala:38)
	at com.codacy.analysis.core.tools.MetricsTool.run(MetricsTool.scala:53)
	at com.codacy.analysis.core.analysis.CodacyPluginsAnalyser.metrics(CodacyPluginsAnalyser.scala:46)
	at com.codacy.analysis.cli.analysis.AnalyseExecutor.$anonfun$run$5(AnalyseExecutor.scala:87)
	at scala.collection.parallel.AugmentedIterableIterator.map2combiner(RemainsIterator.scala:116)
	at scala.collection.parallel.AugmentedIterableIterator.map2combiner$(RemainsIterator.scala:113)
	at scala.collection.parallel.immutable.ParHashSet$ParHashSetIterator.map2combiner(ParHashSet.scala:81)
	at scala.collection.parallel.ParIterableLike$Map.leaf(ParIterableLike.scala:1064)
	at scala.collection.parallel.Task.$anonfun$tryLeaf$1(Tasks.scala:53)
	at scala.runtime.java8.JFunction0$mcV$sp.apply(JFunction0$mcV$sp.java:23)
	at scala.util.control.Breaks$$anon$1.catchBreak(Breaks.scala:67)
	at scala.collection.parallel.Task.tryLeaf(Tasks.scala:56)
	at scala.collection.parallel.Task.tryLeaf$(Tasks.scala:50)
	at scala.collection.parallel.ParIterableLike$Map.tryLeaf(ParIterableLike.scala:1061)
	at scala.collection.parallel.AdaptiveWorkStealingTasks$WrappedTask.internal(Tasks.scala:170)
	at scala.collection.parallel.AdaptiveWorkStealingTasks$WrappedTask.internal$(Tasks.scala:157)
	at scala.collection.parallel.AdaptiveWorkStealingForkJoinTasks$WrappedTask.internal(Tasks.scala:440)
	at scala.collection.parallel.AdaptiveWorkStealingTasks$WrappedTask.compute(Tasks.scala:150)
	at scala.collection.parallel.AdaptiveWorkStealingTasks$WrappedTask.compute$(Tasks.scala:149)
	at scala.collection.parallel.AdaptiveWorkStealingForkJoinTasks$WrappedTask.compute(Tasks.scala:440)
	at java.util.concurrent.RecursiveAction.exec(RecursiveAction.java:189)
	at java.util.concurrent.ForkJoinTask.doExec(ForkJoinTask.java:289)
	at java.util.concurrent.ForkJoinTask.doJoin(ForkJoinTask.java:389)
	at java.util.concurrent.ForkJoinTask.join(ForkJoinTask.java:719)
	at scala.collection.parallel.ForkJoinTasks$WrappedTask.sync(Tasks.scala:379)
	at scala.collection.parallel.ForkJoinTasks$WrappedTask.sync$(Tasks.scala:379)
	at scala.collection.parallel.AdaptiveWorkStealingForkJoinTasks$WrappedTask.sync(Tasks.scala:440)
	at scala.collection.parallel.ForkJoinTasks.executeAndWaitResult(Tasks.scala:423)
	at scala.collection.parallel.ForkJoinTasks.executeAndWaitResult$(Tasks.scala:416)
	at scala.collection.parallel.ForkJoinTaskSupport.executeAndWaitResult(TaskSupport.scala:60)
	at scala.collection.parallel.ParIterableLike$ResultMapping.leaf(ParIterableLike.scala:968)
	at scala.collection.parallel.Task.$anonfun$tryLeaf$1(Tasks.scala:53)
	at scala.runtime.java8.JFunction0$mcV$sp.apply(JFunction0$mcV$sp.java:23)
	at scala.util.control.Breaks$$anon$1.catchBreak(Breaks.scala:67)
	at scala.collection.parallel.Task.tryLeaf(Tasks.scala:56)
	at scala.collection.parallel.Task.tryLeaf$(Tasks.scala:50)
	at scala.collection.parallel.ParIterableLike$ResultMapping.tryLeaf(ParIterableLike.scala:963)
	at scala.collection.parallel.AdaptiveWorkStealingTasks$WrappedTask.compute(Tasks.scala:153)
	at scala.collection.parallel.AdaptiveWorkStealingTasks$WrappedTask.compute$(Tasks.scala:149)
	at scala.collection.parallel.AdaptiveWorkStealingForkJoinTasks$WrappedTask.compute(Tasks.scala:440)
	at java.util.concurrent.RecursiveAction.exec(RecursiveAction.java:189)
	at java.util.concurrent.ForkJoinTask.doExec(ForkJoinTask.java:289)
	at java.util.concurrent.ForkJoinPool$WorkQueue.runTask(ForkJoinPool.java:1056)
	at java.util.concurrent.ForkJoinPool.runWorker(ForkJoinPool.java:1692)
	at java.util.concurrent.ForkJoinWorkerThread.run(ForkJoinWorkerThread.java:175)
01/23 10:34:24 [1;31mERROR[0;39m [36mc.c.a.c.a.CodacyPluginsAnalyser:31[0;39m - Failed analysis for ruff 
java.lang.Throwable: 
Docker exited with code 126
stdout: 
stderr: docker: permission denied while trying to connect to the Docker daemon socket at unix:///var/run/docker.sock: Head "http://%2Fvar%2Frun%2Fdocker.sock/_ping": dial unix /var/run/docker.sock: connect: permission denied.
See 'docker run --help'.
           
	at com.codacy.plugins.runners.BinaryDockerRunner.$anonfun$run$4(BinaryDockerRunner.scala:84)
	at scala.util.Success.flatMap(Try.scala:251)
	at com.codacy.plugins.runners.BinaryDockerRunner.run(BinaryDockerRunner.scala:69)
	at com.codacy.plugins.results.traits.ToolRunner.$anonfun$apply$2(ToolRunner.scala:76)
	at com.codacy.plugins.results.traits.CodacyDocker$.$anonfun$usingDockerConfig$2(CodacyDocker.scala:45)
	at com.codacy.plugins.utils.FileHelper$.$anonfun$usingNewFile$2(FileHelper.scala:51)
	at scala.util.Try$.apply(Try.scala:213)
	at com.codacy.plugins.utils.FileHelper$.usingNewFile(FileHelper.scala:45)
	at com.codacy.plugins.results.traits.CodacyDocker$.usingConfigPath(CodacyDocker.scala:57)
	at com.codacy.plugins.results.traits.CodacyDocker$.$anonfun$usingDockerConfig$1(CodacyDocker.scala:39)
	at scala.Option.map(Option.scala:230)
	at com.codacy.plugins.results.traits.CodacyDocker$.usingDockerConfig(CodacyDocker.scala:38)
	at com.codacy.plugins.results.traits.ToolRunner.$anonfun$apply$1(ToolRunner.scala:75)
	at scala.util.Try$.apply(Try.scala:213)
	at com.codacy.plugins.results.traits.ToolRunner.apply(ToolRunner.scala:60)
	at com.codacy.plugins.results.traits.ToolRunner.run(ToolRunner.scala:48)
	at com.codacy.analysis.core.tools.Tool.run(Tool.scala:95)
	at com.codacy.analysis.core.analysis.CodacyPluginsAnalyser.analyse(CodacyPluginsAnalyser.scala:25)
	at com.codacy.analysis.cli.analysis.AnalyseExecutor.$anonfun$issues$1(AnalyseExecutor.scala:159)
	at scala.util.Success.flatMap(Try.scala:251)
	at com.codacy.analysis.cli.analysis.AnalyseExecutor.issues(AnalyseExecutor.scala:151)
	at com.codacy.analysis.cli.analysis.AnalyseExecutor.$anonfun$run$5(AnalyseExecutor.scala:70)
	at scala.collection.parallel.AugmentedIterableIterator.map2combiner(RemainsIterator.scala:116)
	at scala.collection.parallel.AugmentedIterableIterator.map2combiner$(RemainsIterator.scala:113)
	at scala.collection.parallel.immutable.ParHashSet$ParHashSetIterator.map2combiner(ParHashSet.scala:81)
	at scala.collection.parallel.ParIterableLike$Map.leaf(ParIterableLike.scala:1064)
	at scala.collection.parallel.Task.$anonfun$tryLeaf$1(Tasks.scala:53)
	at scala.runtime.java8.JFunction0$mcV$sp.apply(JFunction0$mcV$sp.java:23)
	at scala.util.control.Breaks$$anon$1.catchBreak(Breaks.scala:67)
	at scala.collection.parallel.Task.tryLeaf(Tasks.scala:56)
	at scala.collection.parallel.Task.tryLeaf$(Tasks.scala:50)
	at scala.collection.parallel.ParIterableLike$Map.tryLeaf(ParIterableLike.scala:1061)
	at scala.collection.parallel.AdaptiveWorkStealingTasks$WrappedTask.internal(Tasks.scala:170)
	at scala.collection.parallel.AdaptiveWorkStealingTasks$WrappedTask.internal$(Tasks.scala:157)
	at scala.collection.parallel.AdaptiveWorkStealingForkJoinTasks$WrappedTask.internal(Tasks.scala:440)
	at scala.collection.parallel.AdaptiveWorkStealingTasks$WrappedTask.compute(Tasks.scala:150)
	at scala.collection.parallel.AdaptiveWorkStealingTasks$WrappedTask.compute$(Tasks.scala:149)
	at scala.collection.parallel.AdaptiveWorkStealingForkJoinTasks$WrappedTask.compute(Tasks.scala:440)
	at java.util.concurrent.RecursiveAction.exec(RecursiveAction.java:189)
	at java.util.concurrent.ForkJoinTask.doExec(ForkJoinTask.java:289)
	at java.util.concurrent.ForkJoinPool$WorkQueue.runTask(ForkJoinPool.java:1056)
	at java.util.concurrent.ForkJoinPool.runWorker(ForkJoinPool.java:1692)
	at java.util.concurrent.ForkJoinWorkerThread.run(ForkJoinWorkerThread.java:175)
01/23 10:34:24 [1;31mERROR[0;39m [36mc.c.a.c.a.CodacyPluginsAnalyser:31[0;39m - Failed analysis for remark-lint 
java.lang.Throwable: 
Docker exited with code 126
stdout: 
stderr: docker: permission denied while trying to connect to the Docker daemon socket at unix:///var/run/docker.sock: Head "http://%2Fvar%2Frun%2Fdocker.sock/_ping": dial unix /var/run/docker.sock: connect: permission denied.
See 'docker run --help'.
           
	at com.codacy.plugins.runners.BinaryDockerRunner.$anonfun$run$4(BinaryDockerRunner.scala:84)
	at scala.util.Success.flatMap(Try.scala:251)
	at com.codacy.plugins.runners.BinaryDockerRunner.run(BinaryDockerRunner.scala:69)
	at com.codacy.plugins.results.traits.ToolRunner.$anonfun$apply$2(ToolRunner.scala:76)
	at com.codacy.plugins.results.traits.CodacyDocker$.$anonfun$usingDockerConfig$2(CodacyDocker.scala:45)
	at com.codacy.plugins.utils.FileHelper$.$anonfun$usingNewFile$2(FileHelper.scala:51)
	at scala.util.Try$.apply(Try.scala:213)
	at com.codacy.plugins.utils.FileHelper$.usingNewFile(FileHelper.scala:45)
	at com.codacy.plugins.results.traits.CodacyDocker$.usingConfigPath(CodacyDocker.scala:57)
	at com.codacy.plugins.results.traits.CodacyDocker$.$anonfun$usingDockerConfig$1(CodacyDocker.scala:39)
	at scala.Option.map(Option.scala:230)
	at com.codacy.plugins.results.traits.CodacyDocker$.usingDockerConfig(CodacyDocker.scala:38)
	at com.codacy.plugins.results.traits.ToolRunner.$anonfun$apply$1(ToolRunner.scala:75)
	at scala.util.Try$.apply(Try.scala:213)
	at com.codacy.plugins.results.traits.ToolRunner.apply(ToolRunner.scala:60)
	at com.codacy.plugins.results.traits.ToolRunner.run(ToolRunner.scala:48)
	at com.codacy.analysis.core.tools.Tool.run(Tool.scala:95)
	at com.codacy.analysis.core.analysis.CodacyPluginsAnalyser.analyse(CodacyPluginsAnalyser.scala:25)
	at com.codacy.analysis.cli.analysis.AnalyseExecutor.$anonfun$issues$1(AnalyseExecutor.scala:159)
	at scala.util.Success.flatMap(Try.scala:251)
	at com.codacy.analysis.cli.analysis.AnalyseExecutor.issues(AnalyseExecutor.scala:151)
	at com.codacy.analysis.cli.analysis.AnalyseExecutor.$anonfun$run$5(AnalyseExecutor.scala:70)
	at scala.collection.parallel.AugmentedIterableIterator.map2combiner(RemainsIterator.scala:116)
	at scala.collection.parallel.AugmentedIterableIterator.map2combiner$(RemainsIterator.scala:113)
	at scala.collection.parallel.immutable.ParHashSet$ParHashSetIterator.map2combiner(ParHashSet.scala:81)
	at scala.collection.parallel.ParIterableLike$Map.leaf(ParIterableLike.scala:1064)
	at scala.collection.parallel.Task.$anonfun$tryLeaf$1(Tasks.scala:53)
	at scala.runtime.java8.JFunction0$mcV$sp.apply(JFunction0$mcV$sp.java:23)
	at scala.util.control.Breaks$$anon$1.catchBreak(Breaks.scala:67)
	at scala.collection.parallel.Task.tryLeaf(Tasks.scala:56)
	at scala.collection.parallel.Task.tryLeaf$(Tasks.scala:50)
	at scala.collection.parallel.ParIterableLike$Map.tryLeaf(ParIterableLike.scala:1061)
	at scala.collection.parallel.AdaptiveWorkStealingTasks$WrappedTask.internal(Tasks.scala:170)
	at scala.collection.parallel.AdaptiveWorkStealingTasks$WrappedTask.internal$(Tasks.scala:157)
	at scala.collection.parallel.AdaptiveWorkStealingForkJoinTasks$WrappedTask.internal(Tasks.scala:440)
	at scala.collection.parallel.AdaptiveWorkStealingTasks$WrappedTask.compute(Tasks.scala:150)
	at scala.collection.parallel.AdaptiveWorkStealingTasks$WrappedTask.compute$(Tasks.scala:149)
	at scala.collection.parallel.AdaptiveWorkStealingForkJoinTasks$WrappedTask.compute(Tasks.scala:440)
	at java.util.concurrent.RecursiveAction.exec(RecursiveAction.java:189)
	at java.util.concurrent.ForkJoinTask.doExec(ForkJoinTask.java:289)
	at java.util.concurrent.ForkJoinPool$WorkQueue.runTask(ForkJoinPool.java:1056)
	at java.util.concurrent.ForkJoinPool.runWorker(ForkJoinPool.java:1692)
	at java.util.concurrent.ForkJoinWorkerThread.run(ForkJoinWorkerThread.java:175)
01/23 10:34:24 [1;31mERROR[0;39m [36mc.c.a.c.a.CodacyPluginsAnalyser:31[0;39m - Failed analysis for eslint-9 
java.lang.Throwable: 
Docker exited with code 126
stdout: 
stderr: docker: permission denied while trying to connect to the Docker daemon socket at unix:///var/run/docker.sock: Head "http://%2Fvar%2Frun%2Fdocker.sock/_ping": dial unix /var/run/docker.sock: connect: permission denied.
See 'docker run --help'.
           
	at com.codacy.plugins.runners.BinaryDockerRunner.$anonfun$run$4(BinaryDockerRunner.scala:84)
	at scala.util.Success.flatMap(Try.scala:251)
	at com.codacy.plugins.runners.BinaryDockerRunner.run(BinaryDockerRunner.scala:69)
	at com.codacy.plugins.results.traits.ToolRunner.$anonfun$apply$2(ToolRunner.scala:76)
	at com.codacy.plugins.results.traits.CodacyDocker$.$anonfun$usingDockerConfig$2(CodacyDocker.scala:45)
	at com.codacy.plugins.utils.FileHelper$.$anonfun$usingNewFile$2(FileHelper.scala:51)
	at scala.util.Try$.apply(Try.scala:213)
	at com.codacy.plugins.utils.FileHelper$.usingNewFile(FileHelper.scala:45)
	at com.codacy.plugins.results.traits.CodacyDocker$.usingConfigPath(CodacyDocker.scala:57)
	at com.codacy.plugins.results.traits.CodacyDocker$.$anonfun$usingDockerConfig$1(CodacyDocker.scala:39)
	at scala.Option.map(Option.scala:230)
	at com.codacy.plugins.results.traits.CodacyDocker$.usingDockerConfig(CodacyDocker.scala:38)
	at com.codacy.plugins.results.traits.ToolRunner.$anonfun$apply$1(ToolRunner.scala:75)
	at scala.util.Try$.apply(Try.scala:213)
	at com.codacy.plugins.results.traits.ToolRunner.apply(ToolRunner.scala:60)
	at com.codacy.plugins.results.traits.ToolRunner.run(ToolRunner.scala:48)
	at com.codacy.analysis.core.tools.Tool.run(Tool.scala:95)
	at com.codacy.analysis.core.analysis.CodacyPluginsAnalyser.analyse(CodacyPluginsAnalyser.scala:25)
	at com.codacy.analysis.cli.analysis.AnalyseExecutor.$anonfun$issues$1(AnalyseExecutor.scala:159)
	at scala.util.Success.flatMap(Try.scala:251)
	at com.codacy.analysis.cli.analysis.AnalyseExecutor.issues(AnalyseExecutor.scala:151)
	at com.codacy.analysis.cli.analysis.AnalyseExecutor.$anonfun$run$5(AnalyseExecutor.scala:70)
	at scala.collection.parallel.AugmentedIterableIterator.map2combiner(RemainsIterator.scala:116)
	at scala.collection.parallel.AugmentedIterableIterator.map2combiner$(RemainsIterator.scala:113)
	at scala.collection.parallel.immutable.ParHashSet$ParHashSetIterator.map2combiner(ParHashSet.scala:81)
	at scala.collection.parallel.ParIterableLike$Map.leaf(ParIterableLike.scala:1064)
	at scala.collection.parallel.Task.$anonfun$tryLeaf$1(Tasks.scala:53)
	at scala.runtime.java8.JFunction0$mcV$sp.apply(JFunction0$mcV$sp.java:23)
	at scala.util.control.Breaks$$anon$1.catchBreak(Breaks.scala:67)
	at scala.collection.parallel.Task.tryLeaf(Tasks.scala:56)
	at scala.collection.parallel.Task.tryLeaf$(Tasks.scala:50)
	at scala.collection.parallel.ParIterableLike$Map.tryLeaf(ParIterableLike.scala:1061)
	at scala.collection.parallel.AdaptiveWorkStealingTasks$WrappedTask.internal(Tasks.scala:170)
	at scala.collection.parallel.AdaptiveWorkStealingTasks$WrappedTask.internal$(Tasks.scala:157)
	at scala.collection.parallel.AdaptiveWorkStealingForkJoinTasks$WrappedTask.internal(Tasks.scala:440)
	at scala.collection.parallel.AdaptiveWorkStealingTasks$WrappedTask.compute(Tasks.scala:150)
	at scala.collection.parallel.AdaptiveWorkStealingTasks$WrappedTask.compute$(Tasks.scala:149)
	at scala.collection.parallel.AdaptiveWorkStealingForkJoinTasks$WrappedTask.compute(Tasks.scala:440)
	at java.util.concurrent.RecursiveAction.exec(RecursiveAction.java:189)
	at java.util.concurrent.ForkJoinTask.doExec(ForkJoinTask.java:289)
	at java.util.concurrent.ForkJoinTask.doJoin(ForkJoinTask.java:389)
	at java.util.concurrent.ForkJoinTask.join(ForkJoinTask.java:719)
	at scala.collection.parallel.ForkJoinTasks$WrappedTask.sync(Tasks.scala:379)
	at scala.collection.parallel.ForkJoinTasks$WrappedTask.sync$(Tasks.scala:379)
	at scala.collection.parallel.AdaptiveWorkStealingForkJoinTasks$WrappedTask.sync(Tasks.scala:440)
	at scala.collection.parallel.ForkJoinTasks.executeAndWaitResult(Tasks.scala:423)
	at scala.collection.parallel.ForkJoinTasks.executeAndWaitResult$(Tasks.scala:416)
	at scala.collection.parallel.ForkJoinTaskSupport.executeAndWaitResult(TaskSupport.scala:60)
	at scala.collection.parallel.ParIterableLike$ResultMapping.leaf(ParIterableLike.scala:968)
	at scala.collection.parallel.Task.$anonfun$tryLeaf$1(Tasks.scala:53)
	at scala.runtime.java8.JFunction0$mcV$sp.apply(JFunction0$mcV$sp.java:23)
	at scala.util.control.Breaks$$anon$1.catchBreak(Breaks.scala:67)
	at scala.collection.parallel.Task.tryLeaf(Tasks.scala:56)
	at scala.collection.parallel.Task.tryLeaf$(Tasks.scala:50)
	at scala.collection.parallel.ParIterableLike$ResultMapping.tryLeaf(ParIterableLike.scala:963)
	at scala.collection.parallel.AdaptiveWorkStealingTasks$WrappedTask.compute(Tasks.scala:153)
	at scala.collection.parallel.AdaptiveWorkStealingTasks$WrappedTask.compute$(Tasks.scala:149)
	at scala.collection.parallel.AdaptiveWorkStealingForkJoinTasks$WrappedTask.compute(Tasks.scala:440)
	at java.util.concurrent.RecursiveAction.exec(RecursiveAction.java:189)
	at java.util.concurrent.ForkJoinTask.doExec(ForkJoinTask.java:289)
	at java.util.concurrent.ForkJoinPool$WorkQueue.runTask(ForkJoinPool.java:1056)
	at java.util.concurrent.ForkJoinPool.runWorker(ForkJoinPool.java:1692)
	at java.util.concurrent.ForkJoinWorkerThread.run(ForkJoinWorkerThread.java:175)
01/23 10:34:25 [1;31mERROR[0;39m [36mc.c.a.c.a.CodacyPluginsAnalyser:31[0;39m - Failed analysis for semgrep 
java.lang.Throwable: 
Docker exited with code 126
stdout: 
stderr: docker: permission denied while trying to connect to the Docker daemon socket at unix:///var/run/docker.sock: Head "http://%2Fvar%2Frun%2Fdocker.sock/_ping": dial unix /var/run/docker.sock: connect: permission denied.
See 'docker run --help'.
           
	at com.codacy.plugins.runners.BinaryDockerRunner.$anonfun$run$4(BinaryDockerRunner.scala:84)
	at scala.util.Success.flatMap(Try.scala:251)
	at com.codacy.plugins.runners.BinaryDockerRunner.run(BinaryDockerRunner.scala:69)
	at com.codacy.plugins.results.traits.ToolRunner.$anonfun$apply$2(ToolRunner.scala:76)
	at com.codacy.plugins.results.traits.CodacyDocker$.$anonfun$usingDockerConfig$2(CodacyDocker.scala:45)
	at com.codacy.plugins.utils.FileHelper$.$anonfun$usingNewFile$2(FileHelper.scala:51)
	at scala.util.Try$.apply(Try.scala:213)
	at com.codacy.plugins.utils.FileHelper$.usingNewFile(FileHelper.scala:45)
	at com.codacy.plugins.results.traits.CodacyDocker$.usingConfigPath(CodacyDocker.scala:57)
	at com.codacy.plugins.results.traits.CodacyDocker$.$anonfun$usingDockerConfig$1(CodacyDocker.scala:39)
	at scala.Option.map(Option.scala:230)
	at com.codacy.plugins.results.traits.CodacyDocker$.usingDockerConfig(CodacyDocker.scala:38)
	at com.codacy.plugins.results.traits.ToolRunner.$anonfun$apply$1(ToolRunner.scala:75)
	at scala.util.Try$.apply(Try.scala:213)
	at com.codacy.plugins.results.traits.ToolRunner.apply(ToolRunner.scala:60)
	at com.codacy.plugins.results.traits.ToolRunner.run(ToolRunner.scala:48)
	at com.codacy.analysis.core.tools.Tool.run(Tool.scala:95)
	at com.codacy.analysis.core.analysis.CodacyPluginsAnalyser.analyse(CodacyPluginsAnalyser.scala:25)
	at com.codacy.analysis.cli.analysis.AnalyseExecutor.$anonfun$issues$1(AnalyseExecutor.scala:159)
	at scala.util.Success.flatMap(Try.scala:251)
	at com.codacy.analysis.cli.analysis.AnalyseExecutor.issues(AnalyseExecutor.scala:151)
	at com.codacy.analysis.cli.analysis.AnalyseExecutor.$anonfun$run$5(AnalyseExecutor.scala:70)
	at scala.collection.parallel.AugmentedIterableIterator.map2combiner(RemainsIterator.scala:116)
	at scala.collection.parallel.AugmentedIterableIterator.map2combiner$(RemainsIterator.scala:113)
	at scala.collection.parallel.immutable.ParHashSet$ParHashSetIterator.map2combiner(ParHashSet.scala:81)
	at scala.collection.parallel.ParIterableLike$Map.leaf(ParIterableLike.scala:1064)
	at scala.collection.parallel.Task.$anonfun$tryLeaf$1(Tasks.scala:53)
	at scala.runtime.java8.JFunction0$mcV$sp.apply(JFunction0$mcV$sp.java:23)
	at scala.util.control.Breaks$$anon$1.catchBreak(Breaks.scala:67)
	at scala.collection.parallel.Task.tryLeaf(Tasks.scala:56)
	at scala.collection.parallel.Task.tryLeaf$(Tasks.scala:50)
	at scala.collection.parallel.ParIterableLike$Map.tryLeaf(ParIterableLike.scala:1061)
	at scala.collection.parallel.AdaptiveWorkStealingTasks$WrappedTask.internal(Tasks.scala:170)
	at scala.collection.parallel.AdaptiveWorkStealingTasks$WrappedTask.internal$(Tasks.scala:157)
	at scala.collection.parallel.AdaptiveWorkStealingForkJoinTasks$WrappedTask.internal(Tasks.scala:440)
	at scala.collection.parallel.AdaptiveWorkStealingTasks$WrappedTask.compute(Tasks.scala:150)
	at scala.collection.parallel.AdaptiveWorkStealingTasks$WrappedTask.compute$(Tasks.scala:149)
	at scala.collection.parallel.AdaptiveWorkStealingForkJoinTasks$WrappedTask.compute(Tasks.scala:440)
	at java.util.concurrent.RecursiveAction.exec(RecursiveAction.java:189)
	at java.util.concurrent.ForkJoinTask.doExec(ForkJoinTask.java:289)
	at java.util.concurrent.ForkJoinPool$WorkQueue.runTask(ForkJoinPool.java:1056)
	at java.util.concurrent.ForkJoinPool.runWorker(ForkJoinPool.java:1692)
	at java.util.concurrent.ForkJoinWorkerThread.run(ForkJoinWorkerThread.java:175)
01/23 10:34:25 [1;31mERROR[0;39m [36mc.c.a.c.a.CodacyPluginsAnalyser:31[0;39m - Failed analysis for trivy 
java.lang.Throwable: 
Docker exited with code 126
stdout: 
stderr: docker: permission denied while trying to connect to the Docker daemon socket at unix:///var/run/docker.sock: Head "http://%2Fvar%2Frun%2Fdocker.sock/_ping": dial unix /var/run/docker.sock: connect: permission denied.
See 'docker run --help'.
           
	at com.codacy.plugins.runners.BinaryDockerRunner.$anonfun$run$4(BinaryDockerRunner.scala:84)
	at scala.util.Success.flatMap(Try.scala:251)
	at com.codacy.plugins.runners.BinaryDockerRunner.run(BinaryDockerRunner.scala:69)
	at com.codacy.plugins.results.traits.ToolRunner.$anonfun$apply$2(ToolRunner.scala:76)
	at com.codacy.plugins.results.traits.CodacyDocker$.$anonfun$usingDockerConfig$2(CodacyDocker.scala:45)
	at com.codacy.plugins.utils.FileHelper$.$anonfun$usingNewFile$2(FileHelper.scala:51)
	at scala.util.Try$.apply(Try.scala:213)
	at com.codacy.plugins.utils.FileHelper$.usingNewFile(FileHelper.scala:45)
	at com.codacy.plugins.results.traits.CodacyDocker$.usingConfigPath(CodacyDocker.scala:57)
	at com.codacy.plugins.results.traits.CodacyDocker$.$anonfun$usingDockerConfig$1(CodacyDocker.scala:39)
	at scala.Option.map(Option.scala:230)
	at com.codacy.plugins.results.traits.CodacyDocker$.usingDockerConfig(CodacyDocker.scala:38)
	at com.codacy.plugins.results.traits.ToolRunner.$anonfun$apply$1(ToolRunner.scala:75)
	at scala.util.Try$.apply(Try.scala:213)
	at com.codacy.plugins.results.traits.ToolRunner.apply(ToolRunner.scala:60)
	at com.codacy.plugins.results.traits.ToolRunner.run(ToolRunner.scala:48)
	at com.codacy.analysis.core.tools.Tool.run(Tool.scala:95)
	at com.codacy.analysis.core.analysis.CodacyPluginsAnalyser.analyse(CodacyPluginsAnalyser.scala:25)
	at com.codacy.analysis.cli.analysis.AnalyseExecutor.$anonfun$issues$1(AnalyseExecutor.scala:159)
	at scala.util.Success.flatMap(Try.scala:251)
	at com.codacy.analysis.cli.analysis.AnalyseExecutor.issues(AnalyseExecutor.scala:151)
	at com.codacy.analysis.cli.analysis.AnalyseExecutor.$anonfun$run$5(AnalyseExecutor.scala:70)
	at scala.collection.parallel.AugmentedIterableIterator.map2combiner(RemainsIterator.scala:116)
	at scala.collection.parallel.AugmentedIterableIterator.map2combiner$(RemainsIterator.scala:113)
	at scala.collection.parallel.immutable.ParHashSet$ParHashSetIterator.map2combiner(ParHashSet.scala:81)
	at scala.collection.parallel.ParIterableLike$Map.leaf(ParIterableLike.scala:1064)
	at scala.collection.parallel.Task.$anonfun$tryLeaf$1(Tasks.scala:53)
	at scala.runtime.java8.JFunction0$mcV$sp.apply(JFunction0$mcV$sp.java:23)
	at scala.util.control.Breaks$$anon$1.catchBreak(Breaks.scala:67)
	at scala.collection.parallel.Task.tryLeaf(Tasks.scala:56)
	at scala.collection.parallel.Task.tryLeaf$(Tasks.scala:50)
	at scala.collection.parallel.ParIterableLike$Map.tryLeaf(ParIterableLike.scala:1061)
	at scala.collection.parallel.AdaptiveWorkStealingTasks$WrappedTask.internal(Tasks.scala:170)
	at scala.collection.parallel.AdaptiveWorkStealingTasks$WrappedTask.internal$(Tasks.scala:157)
	at scala.collection.parallel.AdaptiveWorkStealingForkJoinTasks$WrappedTask.internal(Tasks.scala:440)
	at scala.collection.parallel.AdaptiveWorkStealingTasks$WrappedTask.compute(Tasks.scala:150)
	at scala.collection.parallel.AdaptiveWorkStealingTasks$WrappedTask.compute$(Tasks.scala:149)
	at scala.collection.parallel.AdaptiveWorkStealingForkJoinTasks$WrappedTask.compute(Tasks.scala:440)
	at java.util.concurrent.RecursiveAction.exec(RecursiveAction.java:189)
	at java.util.concurrent.ForkJoinTask.doExec(ForkJoinTask.java:289)
	at java.util.concurrent.ForkJoinTask.doJoin(ForkJoinTask.java:389)
	at java.util.concurrent.ForkJoinTask.join(ForkJoinTask.java:719)
	at scala.collection.parallel.ForkJoinTasks$WrappedTask.sync(Tasks.scala:379)
	at scala.collection.parallel.ForkJoinTasks$WrappedTask.sync$(Tasks.scala:379)
	at scala.collection.parallel.AdaptiveWorkStealingForkJoinTasks$WrappedTask.sync(Tasks.scala:440)
	at scala.collection.parallel.ForkJoinTasks.executeAndWaitResult(Tasks.scala:423)
	at scala.collection.parallel.ForkJoinTasks.executeAndWaitResult$(Tasks.scala:416)
	at scala.collection.parallel.ForkJoinTaskSupport.executeAndWaitResult(TaskSupport.scala:60)
	at scala.collection.parallel.ParIterableLike$ResultMapping.leaf(ParIterableLike.scala:968)
	at scala.collection.parallel.Task.$anonfun$tryLeaf$1(Tasks.scala:53)
	at scala.runtime.java8.JFunction0$mcV$sp.apply(JFunction0$mcV$sp.java:23)
	at scala.util.control.Breaks$$anon$1.catchBreak(Breaks.scala:67)
	at scala.collection.parallel.Task.tryLeaf(Tasks.scala:56)
	at scala.collection.parallel.Task.tryLeaf$(Tasks.scala:50)
	at scala.collection.parallel.ParIterableLike$ResultMapping.tryLeaf(ParIterableLike.scala:963)
	at scala.collection.parallel.AdaptiveWorkStealingTasks$WrappedTask.compute(Tasks.scala:153)
	at scala.collection.parallel.AdaptiveWorkStealingTasks$WrappedTask.compute$(Tasks.scala:149)
	at scala.collection.parallel.AdaptiveWorkStealingForkJoinTasks$WrappedTask.compute(Tasks.scala:440)
	at java.util.concurrent.RecursiveAction.exec(RecursiveAction.java:189)
	at java.util.concurrent.ForkJoinTask.doExec(ForkJoinTask.java:289)
	at java.util.concurrent.ForkJoinPool$WorkQueue.runTask(ForkJoinPool.java:1056)
	at java.util.concurrent.ForkJoinPool.runWorker(ForkJoinPool.java:1692)
	at java.util.concurrent.ForkJoinWorkerThread.run(ForkJoinWorkerThread.java:175)
01/23 10:34:25 [1;31mERROR[0;39m [36mc.c.a.c.a.CodacyPluginsAnalyser:31[0;39m - Failed analysis for bandit 
java.lang.Throwable: 
Docker exited with code 126
stdout: 
stderr: docker: permission denied while trying to connect to the Docker daemon socket at unix:///var/run/docker.sock: Head "http://%2Fvar%2Frun%2Fdocker.sock/_ping": dial unix /var/run/docker.sock: connect: permission denied.
See 'docker run --help'.
           
	at com.codacy.plugins.runners.BinaryDockerRunner.$anonfun$run$4(BinaryDockerRunner.scala:84)
	at scala.util.Success.flatMap(Try.scala:251)
	at com.codacy.plugins.runners.BinaryDockerRunner.run(BinaryDockerRunner.scala:69)
	at com.codacy.plugins.results.traits.ToolRunner.$anonfun$apply$2(ToolRunner.scala:76)
	at com.codacy.plugins.results.traits.CodacyDocker$.$anonfun$usingDockerConfig$2(CodacyDocker.scala:45)
	at com.codacy.plugins.utils.FileHelper$.$anonfun$usingNewFile$2(FileHelper.scala:51)
	at scala.util.Try$.apply(Try.scala:213)
	at com.codacy.plugins.utils.FileHelper$.usingNewFile(FileHelper.scala:45)
	at com.codacy.plugins.results.traits.CodacyDocker$.usingConfigPath(CodacyDocker.scala:57)
	at com.codacy.plugins.results.traits.CodacyDocker$.$anonfun$usingDockerConfig$1(CodacyDocker.scala:39)
	at scala.Option.map(Option.scala:230)
	at com.codacy.plugins.results.traits.CodacyDocker$.usingDockerConfig(CodacyDocker.scala:38)
	at com.codacy.plugins.results.traits.ToolRunner.$anonfun$apply$1(ToolRunner.scala:75)
	at scala.util.Try$.apply(Try.scala:213)
	at com.codacy.plugins.results.traits.ToolRunner.apply(ToolRunner.scala:60)
	at com.codacy.plugins.results.traits.ToolRunner.run(ToolRunner.scala:48)
	at com.codacy.analysis.core.tools.Tool.run(Tool.scala:95)
	at com.codacy.analysis.core.analysis.CodacyPluginsAnalyser.analyse(CodacyPluginsAnalyser.scala:25)
	at com.codacy.analysis.cli.analysis.AnalyseExecutor.$anonfun$issues$1(AnalyseExecutor.scala:159)
	at scala.util.Success.flatMap(Try.scala:251)
	at com.codacy.analysis.cli.analysis.AnalyseExecutor.issues(AnalyseExecutor.scala:151)
	at com.codacy.analysis.cli.analysis.AnalyseExecutor.$anonfun$run$5(AnalyseExecutor.scala:70)
	at scala.collection.parallel.AugmentedIterableIterator.map2combiner(RemainsIterator.scala:116)
	at scala.collection.parallel.AugmentedIterableIterator.map2combiner$(RemainsIterator.scala:113)
	at scala.collection.parallel.immutable.ParHashSet$ParHashSetIterator.map2combiner(ParHashSet.scala:81)
	at scala.collection.parallel.ParIterableLike$Map.leaf(ParIterableLike.scala:1064)
	at scala.collection.parallel.Task.$anonfun$tryLeaf$1(Tasks.scala:53)
	at scala.runtime.java8.JFunction0$mcV$sp.apply(JFunction0$mcV$sp.java:23)
	at scala.util.control.Breaks$$anon$1.catchBreak(Breaks.scala:67)
	at scala.collection.parallel.Task.tryLeaf(Tasks.scala:56)
	at scala.collection.parallel.Task.tryLeaf$(Tasks.scala:50)
	at scala.collection.parallel.ParIterableLike$Map.tryLeaf(ParIterableLike.scala:1061)
	at scala.collection.parallel.AdaptiveWorkStealingTasks$WrappedTask.internal(Tasks.scala:170)
	at scala.collection.parallel.AdaptiveWorkStealingTasks$WrappedTask.internal$(Tasks.scala:157)
	at scala.collection.parallel.AdaptiveWorkStealingForkJoinTasks$WrappedTask.internal(Tasks.scala:440)
	at scala.collection.parallel.AdaptiveWorkStealingTasks$WrappedTask.compute(Tasks.scala:150)
	at scala.collection.parallel.AdaptiveWorkStealingTasks$WrappedTask.compute$(Tasks.scala:149)
	at scala.collection.parallel.AdaptiveWorkStealingForkJoinTasks$WrappedTask.compute(Tasks.scala:440)
	at java.util.concurrent.RecursiveAction.exec(RecursiveAction.java:189)
	at java.util.concurrent.ForkJoinTask.doExec(ForkJoinTask.java:289)
	at java.util.concurrent.ForkJoinPool$WorkQueue.runTask(ForkJoinPool.java:1056)
	at java.util.concurrent.ForkJoinPool.runWorker(ForkJoinPool.java:1692)
	at java.util.concurrent.ForkJoinWorkerThread.run(ForkJoinWorkerThread.java:175)
01/23 10:34:25 [1;31mERROR[0;39m [36mc.c.a.c.a.CodacyPluginsAnalyser:71[0;39m - Failed duplication for duplication 
java.lang.Throwable: 
Docker exited with code 126
stdout: 
stderr: docker: permission denied while trying to connect to the Docker daemon socket at unix:///var/run/docker.sock: Head "http://%2Fvar%2Frun%2Fdocker.sock/_ping": dial unix /var/run/docker.sock: connect: permission denied.
See 'docker run --help'.
           
	at com.codacy.plugins.runners.BinaryDockerRunner.$anonfun$run$4(BinaryDockerRunner.scala:84)
	at scala.util.Success.flatMap(Try.scala:251)
	at com.codacy.plugins.runners.BinaryDockerRunner.run(BinaryDockerRunner.scala:69)
	at com.codacy.plugins.duplication.traits.DuplicationRunner.$anonfun$run$1(DuplicationRunner.scala:45)
	at com.codacy.plugins.utils.FileHelper$.$anonfun$usingNewFile$2(FileHelper.scala:51)
	at scala.util.Try$.apply(Try.scala:213)
	at com.codacy.plugins.utils.FileHelper$.usingNewFile(FileHelper.scala:45)
	at com.codacy.plugins.duplication.traits.DuplicationRunner.usingConfiguration(DuplicationRunner.scala:52)
	at com.codacy.plugins.duplication.traits.DuplicationRunner.run(DuplicationRunner.scala:36)
	at com.codacy.analysis.core.tools.DuplicationTool.run(DuplicationTool.scala:47)
	at com.codacy.analysis.core.analysis.CodacyPluginsAnalyser.duplication(CodacyPluginsAnalyser.scala:65)
	at com.codacy.analysis.cli.analysis.AnalyseExecutor.$anonfun$run$5(AnalyseExecutor.scala:98)
	at scala.collection.parallel.AugmentedIterableIterator.map2combiner(RemainsIterator.scala:116)
	at scala.collection.parallel.AugmentedIterableIterator.map2combiner$(RemainsIterator.scala:113)
	at scala.collection.parallel.immutable.ParHashSet$ParHashSetIterator.map2combiner(ParHashSet.scala:81)
	at scala.collection.parallel.ParIterableLike$Map.leaf(ParIterableLike.scala:1064)
	at scala.collection.parallel.Task.$anonfun$tryLeaf$1(Tasks.scala:53)
	at scala.runtime.java8.JFunction0$mcV$sp.apply(JFunction0$mcV$sp.java:23)
	at scala.util.control.Breaks$$anon$1.catchBreak(Breaks.scala:67)
	at scala.collection.parallel.Task.tryLeaf(Tasks.scala:56)
	at scala.collection.parallel.Task.tryLeaf$(Tasks.scala:50)
	at scala.collection.parallel.ParIterableLike$Map.tryLeaf(ParIterableLike.scala:1061)
	at scala.collection.parallel.AdaptiveWorkStealingTasks$WrappedTask.internal(Tasks.scala:170)
	at scala.collection.parallel.AdaptiveWorkStealingTasks$WrappedTask.internal$(Tasks.scala:157)
	at scala.collection.parallel.AdaptiveWorkStealingForkJoinTasks$WrappedTask.internal(Tasks.scala:440)
	at scala.collection.parallel.AdaptiveWorkStealingTasks$WrappedTask.compute(Tasks.scala:150)
	at scala.collection.parallel.AdaptiveWorkStealingTasks$WrappedTask.compute$(Tasks.scala:149)
	at scala.collection.parallel.AdaptiveWorkStealingForkJoinTasks$WrappedTask.compute(Tasks.scala:440)
	at java.util.concurrent.RecursiveAction.exec(RecursiveAction.java:189)
	at java.util.concurrent.ForkJoinTask.doExec(ForkJoinTask.java:289)
	at java.util.concurrent.ForkJoinTask.doJoin(ForkJoinTask.java:389)
	at java.util.concurrent.ForkJoinTask.join(ForkJoinTask.java:719)
	at scala.collection.parallel.ForkJoinTasks$WrappedTask.sync(Tasks.scala:379)
	at scala.collection.parallel.ForkJoinTasks$WrappedTask.sync$(Tasks.scala:379)
	at scala.collection.parallel.AdaptiveWorkStealingForkJoinTasks$WrappedTask.sync(Tasks.scala:440)
	at scala.collection.parallel.ForkJoinTasks.executeAndWaitResult(Tasks.scala:423)
	at scala.collection.parallel.ForkJoinTasks.executeAndWaitResult$(Tasks.scala:416)
	at scala.collection.parallel.ForkJoinTaskSupport.executeAndWaitResult(TaskSupport.scala:60)
	at scala.collection.parallel.ParIterableLike$ResultMapping.leaf(ParIterableLike.scala:968)
	at scala.collection.parallel.Task.$anonfun$tryLeaf$1(Tasks.scala:53)
	at scala.runtime.java8.JFunction0$mcV$sp.apply(JFunction0$mcV$sp.java:23)
	at scala.util.control.Breaks$$anon$1.catchBreak(Breaks.scala:67)
	at scala.collection.parallel.Task.tryLeaf(Tasks.scala:56)
	at scala.collection.parallel.Task.tryLeaf$(Tasks.scala:50)
	at scala.collection.parallel.ParIterableLike$ResultMapping.tryLeaf(ParIterableLike.scala:963)
	at scala.collection.parallel.AdaptiveWorkStealingTasks$WrappedTask.compute(Tasks.scala:153)
	at scala.collection.parallel.AdaptiveWorkStealingTasks$WrappedTask.compute$(Tasks.scala:149)
	at scala.collection.parallel.AdaptiveWorkStealingForkJoinTasks$WrappedTask.compute(Tasks.scala:440)
	at java.util.concurrent.RecursiveAction.exec(RecursiveAction.java:189)
	at java.util.concurrent.ForkJoinTask.doExec(ForkJoinTask.java:289)
	at java.util.concurrent.ForkJoinPool$WorkQueue.runTask(ForkJoinPool.java:1056)
	at java.util.concurrent.ForkJoinPool.runWorker(ForkJoinPool.java:1692)
	at java.util.concurrent.ForkJoinWorkerThread.run(ForkJoinWorkerThread.java:175)
01/23 10:34:25 [1;31mERROR[0;39m [36mc.c.a.c.a.CodacyPluginsAnalyser:31[0;39m - Failed analysis for pmd 
java.lang.Throwable: 
Docker exited with code 126
stdout: 
stderr: docker: permission denied while trying to connect to the Docker daemon socket at unix:///var/run/docker.sock: Head "http://%2Fvar%2Frun%2Fdocker.sock/_ping": dial unix /var/run/docker.sock: connect: permission denied.
See 'docker run --help'.
           
	at com.codacy.plugins.runners.BinaryDockerRunner.$anonfun$run$4(BinaryDockerRunner.scala:84)
	at scala.util.Success.flatMap(Try.scala:251)
	at com.codacy.plugins.runners.BinaryDockerRunner.run(BinaryDockerRunner.scala:69)
	at com.codacy.plugins.results.traits.ToolRunner.$anonfun$apply$2(ToolRunner.scala:76)
	at com.codacy.plugins.results.traits.CodacyDocker$.$anonfun$usingDockerConfig$2(CodacyDocker.scala:45)
	at com.codacy.plugins.utils.FileHelper$.$anonfun$usingNewFile$2(FileHelper.scala:51)
	at scala.util.Try$.apply(Try.scala:213)
	at com.codacy.plugins.utils.FileHelper$.usingNewFile(FileHelper.scala:45)
	at com.codacy.plugins.results.traits.CodacyDocker$.usingConfigPath(CodacyDocker.scala:57)
	at com.codacy.plugins.results.traits.CodacyDocker$.$anonfun$usingDockerConfig$1(CodacyDocker.scala:39)
	at scala.Option.map(Option.scala:230)
	at com.codacy.plugins.results.traits.CodacyDocker$.usingDockerConfig(CodacyDocker.scala:38)
	at com.codacy.plugins.results.traits.ToolRunner.$anonfun$apply$1(ToolRunner.scala:75)
	at scala.util.Try$.apply(Try.scala:213)
	at com.codacy.plugins.results.traits.ToolRunner.apply(ToolRunner.scala:60)
	at com.codacy.plugins.results.traits.ToolRunner.run(ToolRunner.scala:48)
	at com.codacy.analysis.core.tools.Tool.run(Tool.scala:95)
	at com.codacy.analysis.core.analysis.CodacyPluginsAnalyser.analyse(CodacyPluginsAnalyser.scala:25)
	at com.codacy.analysis.cli.analysis.AnalyseExecutor.$anonfun$issues$1(AnalyseExecutor.scala:159)
	at scala.util.Success.flatMap(Try.scala:251)
	at com.codacy.analysis.cli.analysis.AnalyseExecutor.issues(AnalyseExecutor.scala:151)
	at com.codacy.analysis.cli.analysis.AnalyseExecutor.$anonfun$run$5(AnalyseExecutor.scala:70)
	at scala.collection.parallel.AugmentedIterableIterator.map2combiner(RemainsIterator.scala:116)
	at scala.collection.parallel.AugmentedIterableIterator.map2combiner$(RemainsIterator.scala:113)
	at scala.collection.parallel.immutable.ParHashSet$ParHashSetIterator.map2combiner(ParHashSet.scala:81)
	at scala.collection.parallel.ParIterableLike$Map.leaf(ParIterableLike.scala:1064)
	at scala.collection.parallel.Task.$anonfun$tryLeaf$1(Tasks.scala:53)
	at scala.runtime.java8.JFunction0$mcV$sp.apply(JFunction0$mcV$sp.java:23)
	at scala.util.control.Breaks$$anon$1.catchBreak(Breaks.scala:67)
	at scala.collection.parallel.Task.tryLeaf(Tasks.scala:56)
	at scala.collection.parallel.Task.tryLeaf$(Tasks.scala:50)
	at scala.collection.parallel.ParIterableLike$Map.tryLeaf(ParIterableLike.scala:1061)
	at scala.collection.parallel.AdaptiveWorkStealingTasks$WrappedTask.internal(Tasks.scala:170)
	at scala.collection.parallel.AdaptiveWorkStealingTasks$WrappedTask.internal$(Tasks.scala:157)
	at scala.collection.parallel.AdaptiveWorkStealingForkJoinTasks$WrappedTask.internal(Tasks.scala:440)
	at scala.collection.parallel.AdaptiveWorkStealingTasks$WrappedTask.compute(Tasks.scala:150)
	at scala.collection.parallel.AdaptiveWorkStealingTasks$WrappedTask.compute$(Tasks.scala:149)
	at scala.collection.parallel.AdaptiveWorkStealingForkJoinTasks$WrappedTask.compute(Tasks.scala:440)
	at java.util.concurrent.RecursiveAction.exec(RecursiveAction.java:189)
	at java.util.concurrent.ForkJoinTask.doExec(ForkJoinTask.java:289)
	at java.util.concurrent.ForkJoinPool$WorkQueue.runTask(ForkJoinPool.java:1056)
	at java.util.concurrent.ForkJoinPool.runWorker(ForkJoinPool.java:1692)
	at java.util.concurrent.ForkJoinWorkerThread.run(ForkJoinWorkerThread.java:175)
01/23 10:34:25 [1;31mERROR[0;39m [36mc.c.a.c.a.CodacyPluginsAnalyser:52[0;39m - Failed metrics for metrics 
java.lang.Throwable: 
Docker exited with code 126
stdout: 
stderr: docker: permission denied while trying to connect to the Docker daemon socket at unix:///var/run/docker.sock: Head "http://%2Fvar%2Frun%2Fdocker.sock/_ping": dial unix /var/run/docker.sock: connect: permission denied.
See 'docker run --help'.
           
	at com.codacy.plugins.runners.BinaryDockerRunner.$anonfun$run$4(BinaryDockerRunner.scala:84)
	at scala.util.Success.flatMap(Try.scala:251)
	at com.codacy.plugins.runners.BinaryDockerRunner.run(BinaryDockerRunner.scala:69)
	at com.codacy.plugins.metrics.traits.MetricsRunner.$anonfun$run$1(MetricsRunner.scala:46)
	at com.codacy.plugins.utils.FileHelper$.$anonfun$usingNewFile$2(FileHelper.scala:51)
	at scala.util.Try$.apply(Try.scala:213)
	at com.codacy.plugins.utils.FileHelper$.usingNewFile(FileHelper.scala:45)
	at com.codacy.plugins.metrics.traits.MetricsRunner.usingConfiguration(MetricsRunner.scala:53)
	at com.codacy.plugins.metrics.traits.MetricsRunner.run(MetricsRunner.scala:38)
	at com.codacy.analysis.core.tools.MetricsTool.run(MetricsTool.scala:53)
	at com.codacy.analysis.core.analysis.CodacyPluginsAnalyser.metrics(CodacyPluginsAnalyser.scala:46)
	at com.codacy.analysis.cli.analysis.AnalyseExecutor.$anonfun$run$5(AnalyseExecutor.scala:87)
	at scala.collection.parallel.AugmentedIterableIterator.map2combiner(RemainsIterator.scala:116)
	at scala.collection.parallel.AugmentedIterableIterator.map2combiner$(RemainsIterator.scala:113)
	at scala.collection.parallel.immutable.ParHashSet$ParHashSetIterator.map2combiner(ParHashSet.scala:81)
	at scala.collection.parallel.ParIterableLike$Map.leaf(ParIterableLike.scala:1064)
	at scala.collection.parallel.Task.$anonfun$tryLeaf$1(Tasks.scala:53)
	at scala.runtime.java8.JFunction0$mcV$sp.apply(JFunction0$mcV$sp.java:23)
	at scala.util.control.Breaks$$anon$1.catchBreak(Breaks.scala:67)
	at scala.collection.parallel.Task.tryLeaf(Tasks.scala:56)
	at scala.collection.parallel.Task.tryLeaf$(Tasks.scala:50)
	at scala.collection.parallel.ParIterableLike$Map.tryLeaf(ParIterableLike.scala:1061)
	at scala.collection.parallel.AdaptiveWorkStealingTasks$WrappedTask.internal(Tasks.scala:170)
	at scala.collection.parallel.AdaptiveWorkStealingTasks$WrappedTask.internal$(Tasks.scala:157)
	at scala.collection.parallel.AdaptiveWorkStealingForkJoinTasks$WrappedTask.internal(Tasks.scala:440)
	at scala.collection.parallel.AdaptiveWorkStealingTasks$WrappedTask.compute(Tasks.scala:150)
	at scala.collection.parallel.AdaptiveWorkStealingTasks$WrappedTask.compute$(Tasks.scala:149)
	at scala.collection.parallel.AdaptiveWorkStealingForkJoinTasks$WrappedTask.compute(Tasks.scala:440)
	at java.util.concurrent.RecursiveAction.exec(RecursiveAction.java:189)
	at java.util.concurrent.ForkJoinTask.doExec(ForkJoinTask.java:289)
	at java.util.concurrent.ForkJoinTask.doJoin(ForkJoinTask.java:389)
	at java.util.concurrent.ForkJoinTask.join(ForkJoinTask.java:719)
	at scala.collection.parallel.ForkJoinTasks$WrappedTask.sync(Tasks.scala:379)
	at scala.collection.parallel.ForkJoinTasks$WrappedTask.sync$(Tasks.scala:379)
	at scala.collection.parallel.AdaptiveWorkStealingForkJoinTasks$WrappedTask.sync(Tasks.scala:440)
	at scala.collection.parallel.ForkJoinTasks.executeAndWaitResult(Tasks.scala:423)
	at scala.collection.parallel.ForkJoinTasks.executeAndWaitResult$(Tasks.scala:416)
	at scala.collection.parallel.ForkJoinTaskSupport.executeAndWaitResult(TaskSupport.scala:60)
	at scala.collection.parallel.ParIterableLike$ResultMapping.leaf(ParIterableLike.scala:968)
	at scala.collection.parallel.Task.$anonfun$tryLeaf$1(Tasks.scala:53)
	at scala.runtime.java8.JFunction0$mcV$sp.apply(JFunction0$mcV$sp.java:23)
	at scala.util.control.Breaks$$anon$1.catchBreak(Breaks.scala:67)
	at scala.collection.parallel.Task.tryLeaf(Tasks.scala:56)
	at scala.collection.parallel.Task.tryLeaf$(Tasks.scala:50)
	at scala.collection.parallel.ParIterableLike$ResultMapping.tryLeaf(ParIterableLike.scala:963)
	at scala.collection.parallel.AdaptiveWorkStealingTasks$WrappedTask.compute(Tasks.scala:153)
	at scala.collection.parallel.AdaptiveWorkStealingTasks$WrappedTask.compute$(Tasks.scala:149)
	at scala.collection.parallel.AdaptiveWorkStealingForkJoinTasks$WrappedTask.compute(Tasks.scala:440)
	at java.util.concurrent.RecursiveAction.exec(RecursiveAction.java:189)
	at java.util.concurrent.ForkJoinTask.doExec(ForkJoinTask.java:289)
	at java.util.concurrent.ForkJoinPool$WorkQueue.runTask(ForkJoinPool.java:1056)
	at java.util.concurrent.ForkJoinPool.runWorker(ForkJoinPool.java:1692)
	at java.util.concurrent.ForkJoinWorkerThread.run(ForkJoinWorkerThread.java:175)
01/23 10:34:25 [1;31mERROR[0;39m [36mc.c.a.c.a.CodacyPluginsAnalyser:31[0;39m - Failed analysis for pylint 
java.lang.Throwable: 
Docker exited with code 126
stdout: 
stderr: docker: permission denied while trying to connect to the Docker daemon socket at unix:///var/run/docker.sock: Head "http://%2Fvar%2Frun%2Fdocker.sock/_ping": dial unix /var/run/docker.sock: connect: permission denied.
See 'docker run --help'.
           
	at com.codacy.plugins.runners.BinaryDockerRunner.$anonfun$run$4(BinaryDockerRunner.scala:84)
	at scala.util.Success.flatMap(Try.scala:251)
	at com.codacy.plugins.runners.BinaryDockerRunner.run(BinaryDockerRunner.scala:69)
	at com.codacy.plugins.results.traits.ToolRunner.$anonfun$apply$2(ToolRunner.scala:76)
	at com.codacy.plugins.results.traits.CodacyDocker$.$anonfun$usingDockerConfig$2(CodacyDocker.scala:45)
	at com.codacy.plugins.utils.FileHelper$.$anonfun$usingNewFile$2(FileHelper.scala:51)
	at scala.util.Try$.apply(Try.scala:213)
	at com.codacy.plugins.utils.FileHelper$.usingNewFile(FileHelper.scala:45)
	at com.codacy.plugins.results.traits.CodacyDocker$.usingConfigPath(CodacyDocker.scala:57)
	at com.codacy.plugins.results.traits.CodacyDocker$.$anonfun$usingDockerConfig$1(CodacyDocker.scala:39)
	at scala.Option.map(Option.scala:230)
	at com.codacy.plugins.results.traits.CodacyDocker$.usingDockerConfig(CodacyDocker.scala:38)
	at com.codacy.plugins.results.traits.ToolRunner.$anonfun$apply$1(ToolRunner.scala:75)
	at scala.util.Try$.apply(Try.scala:213)
	at com.codacy.plugins.results.traits.ToolRunner.apply(ToolRunner.scala:60)
	at com.codacy.plugins.results.traits.ToolRunner.run(ToolRunner.scala:48)
	at com.codacy.analysis.core.tools.Tool.run(Tool.scala:95)
	at com.codacy.analysis.core.analysis.CodacyPluginsAnalyser.analyse(CodacyPluginsAnalyser.scala:25)
	at com.codacy.analysis.cli.analysis.AnalyseExecutor.$anonfun$issues$1(AnalyseExecutor.scala:159)
	at scala.util.Success.flatMap(Try.scala:251)
	at com.codacy.analysis.cli.analysis.AnalyseExecutor.issues(AnalyseExecutor.scala:151)
	at com.codacy.analysis.cli.analysis.AnalyseExecutor.$anonfun$run$5(AnalyseExecutor.scala:70)
	at scala.collection.parallel.AugmentedIterableIterator.map2combiner(RemainsIterator.scala:116)
	at scala.collection.parallel.AugmentedIterableIterator.map2combiner$(RemainsIterator.scala:113)
	at scala.collection.parallel.immutable.ParHashSet$ParHashSetIterator.map2combiner(ParHashSet.scala:81)
	at scala.collection.parallel.ParIterableLike$Map.leaf(ParIterableLike.scala:1064)
	at scala.collection.parallel.Task.$anonfun$tryLeaf$1(Tasks.scala:53)
	at scala.runtime.java8.JFunction0$mcV$sp.apply(JFunction0$mcV$sp.java:23)
	at scala.util.control.Breaks$$anon$1.catchBreak(Breaks.scala:67)
	at scala.collection.parallel.Task.tryLeaf(Tasks.scala:56)
	at scala.collection.parallel.Task.tryLeaf$(Tasks.scala:50)
	at scala.collection.parallel.ParIterableLike$Map.tryLeaf(ParIterableLike.scala:1061)
	at scala.collection.parallel.AdaptiveWorkStealingTasks$WrappedTask.internal(Tasks.scala:170)
	at scala.collection.parallel.AdaptiveWorkStealingTasks$WrappedTask.internal$(Tasks.scala:157)
	at scala.collection.parallel.AdaptiveWorkStealingForkJoinTasks$WrappedTask.internal(Tasks.scala:440)
	at scala.collection.parallel.AdaptiveWorkStealingTasks$WrappedTask.compute(Tasks.scala:150)
	at scala.collection.parallel.AdaptiveWorkStealingTasks$WrappedTask.compute$(Tasks.scala:149)
	at scala.collection.parallel.AdaptiveWorkStealingForkJoinTasks$WrappedTask.compute(Tasks.scala:440)
	at java.util.concurrent.RecursiveAction.exec(RecursiveAction.java:189)
	at java.util.concurrent.ForkJoinTask.doExec(ForkJoinTask.java:289)
	at java.util.concurrent.ForkJoinPool$WorkQueue.runTask(ForkJoinPool.java:1056)
	at java.util.concurrent.ForkJoinPool.runWorker(ForkJoinPool.java:1692)
	at java.util.concurrent.ForkJoinWorkerThread.run(ForkJoinWorkerThread.java:175)
01/23 10:34:25 [1;31mERROR[0;39m [36mc.c.a.c.a.CodacyPluginsAnalyser:52[0;39m - Failed metrics for metrics 
java.lang.Throwable: 
Docker exited with code 126
stdout: 
stderr: docker: permission denied while trying to connect to the Docker daemon socket at unix:///var/run/docker.sock: Head "http://%2Fvar%2Frun%2Fdocker.sock/_ping": dial unix /var/run/docker.sock: connect: permission denied.
See 'docker run --help'.
           
	at com.codacy.plugins.runners.BinaryDockerRunner.$anonfun$run$4(BinaryDockerRunner.scala:84)
	at scala.util.Success.flatMap(Try.scala:251)
	at com.codacy.plugins.runners.BinaryDockerRunner.run(BinaryDockerRunner.scala:69)
	at com.codacy.plugins.metrics.traits.MetricsRunner.$anonfun$run$1(MetricsRunner.scala:46)
	at com.codacy.plugins.utils.FileHelper$.$anonfun$usingNewFile$2(FileHelper.scala:51)
	at scala.util.Try$.apply(Try.scala:213)
	at com.codacy.plugins.utils.FileHelper$.usingNewFile(FileHelper.scala:45)
	at com.codacy.plugins.metrics.traits.MetricsRunner.usingConfiguration(MetricsRunner.scala:53)
	at com.codacy.plugins.metrics.traits.MetricsRunner.run(MetricsRunner.scala:38)
	at com.codacy.analysis.core.tools.MetricsTool.run(MetricsTool.scala:53)
	at com.codacy.analysis.core.analysis.CodacyPluginsAnalyser.metrics(CodacyPluginsAnalyser.scala:46)
	at com.codacy.analysis.cli.analysis.AnalyseExecutor.$anonfun$run$5(AnalyseExecutor.scala:87)
	at scala.collection.parallel.AugmentedIterableIterator.map2combiner(RemainsIterator.scala:116)
	at scala.collection.parallel.AugmentedIterableIterator.map2combiner$(RemainsIterator.scala:113)
	at scala.collection.parallel.immutable.ParHashSet$ParHashSetIterator.map2combiner(ParHashSet.scala:81)
	at scala.collection.parallel.ParIterableLike$Map.leaf(ParIterableLike.scala:1064)
	at scala.collection.parallel.Task.$anonfun$tryLeaf$1(Tasks.scala:53)
	at scala.runtime.java8.JFunction0$mcV$sp.apply(JFunction0$mcV$sp.java:23)
	at scala.util.control.Breaks$$anon$1.catchBreak(Breaks.scala:67)
	at scala.collection.parallel.Task.tryLeaf(Tasks.scala:56)
	at scala.collection.parallel.Task.tryLeaf$(Tasks.scala:50)
	at scala.collection.parallel.ParIterableLike$Map.tryLeaf(ParIterableLike.scala:1061)
	at scala.collection.parallel.AdaptiveWorkStealingTasks$WrappedTask.internal(Tasks.scala:170)
	at scala.collection.parallel.AdaptiveWorkStealingTasks$WrappedTask.internal$(Tasks.scala:157)
	at scala.collection.parallel.AdaptiveWorkStealingForkJoinTasks$WrappedTask.internal(Tasks.scala:440)
	at scala.collection.parallel.AdaptiveWorkStealingTasks$WrappedTask.compute(Tasks.scala:150)
	at scala.collection.parallel.AdaptiveWorkStealingTasks$WrappedTask.compute$(Tasks.scala:149)
	at scala.collection.parallel.AdaptiveWorkStealingForkJoinTasks$WrappedTask.compute(Tasks.scala:440)
	at java.util.concurrent.RecursiveAction.exec(RecursiveAction.java:189)
	at java.util.concurrent.ForkJoinTask.doExec(ForkJoinTask.java:289)
	at java.util.concurrent.ForkJoinTask.doJoin(ForkJoinTask.java:389)
	at java.util.concurrent.ForkJoinTask.join(ForkJoinTask.java:719)
	at scala.collection.parallel.ForkJoinTasks$WrappedTask.sync(Tasks.scala:379)
	at scala.collection.parallel.ForkJoinTasks$WrappedTask.sync$(Tasks.scala:379)
	at scala.collection.parallel.AdaptiveWorkStealingForkJoinTasks$WrappedTask.sync(Tasks.scala:440)
	at scala.collection.parallel.ForkJoinTasks.executeAndWaitResult(Tasks.scala:423)
	at scala.collection.parallel.ForkJoinTasks.executeAndWaitResult$(Tasks.scala:416)
	at scala.collection.parallel.ForkJoinTaskSupport.executeAndWaitResult(TaskSupport.scala:60)
	at scala.collection.parallel.ParIterableLike$ResultMapping.leaf(ParIterableLike.scala:968)
	at scala.collection.parallel.Task.$anonfun$tryLeaf$1(Tasks.scala:53)
	at scala.runtime.java8.JFunction0$mcV$sp.apply(JFunction0$mcV$sp.java:23)
	at scala.util.control.Breaks$$anon$1.catchBreak(Breaks.scala:67)
	at scala.collection.parallel.Task.tryLeaf(Tasks.scala:56)
	at scala.collection.parallel.Task.tryLeaf$(Tasks.scala:50)
	at scala.collection.parallel.ParIterableLike$ResultMapping.tryLeaf(ParIterableLike.scala:963)
	at scala.collection.parallel.AdaptiveWorkStealingTasks$WrappedTask.compute(Tasks.scala:153)
	at scala.collection.parallel.AdaptiveWorkStealingTasks$WrappedTask.compute$(Tasks.scala:149)
	at scala.collection.parallel.AdaptiveWorkStealingForkJoinTasks$WrappedTask.compute(Tasks.scala:440)
	at java.util.concurrent.RecursiveAction.exec(RecursiveAction.java:189)
	at java.util.concurrent.ForkJoinTask.doExec(ForkJoinTask.java:289)
	at java.util.concurrent.ForkJoinPool$WorkQueue.runTask(ForkJoinPool.java:1056)
	at java.util.concurrent.ForkJoinPool.runWorker(ForkJoinPool.java:1692)
	at java.util.concurrent.ForkJoinWorkerThread.run(ForkJoinWorkerThread.java:175)
01/23 10:34:25 [1;31mERROR[0;39m [36mc.c.a.c.a.CodacyPluginsAnalyser:31[0;39m - Failed analysis for lizard 
java.lang.Throwable: 
Docker exited with code 126
stdout: 
stderr: docker: permission denied while trying to connect to the Docker daemon socket at unix:///var/run/docker.sock: Head "http://%2Fvar%2Frun%2Fdocker.sock/_ping": dial unix /var/run/docker.sock: connect: permission denied.
See 'docker run --help'.
           
	at com.codacy.plugins.runners.BinaryDockerRunner.$anonfun$run$4(BinaryDockerRunner.scala:84)
	at scala.util.Success.flatMap(Try.scala:251)
	at com.codacy.plugins.runners.BinaryDockerRunner.run(BinaryDockerRunner.scala:69)
	at com.codacy.plugins.results.traits.ToolRunner.$anonfun$apply$2(ToolRunner.scala:76)
	at com.codacy.plugins.results.traits.CodacyDocker$.$anonfun$usingDockerConfig$2(CodacyDocker.scala:45)
	at com.codacy.plugins.utils.FileHelper$.$anonfun$usingNewFile$2(FileHelper.scala:51)
	at scala.util.Try$.apply(Try.scala:213)
	at com.codacy.plugins.utils.FileHelper$.usingNewFile(FileHelper.scala:45)
	at com.codacy.plugins.results.traits.CodacyDocker$.usingConfigPath(CodacyDocker.scala:57)
	at com.codacy.plugins.results.traits.CodacyDocker$.$anonfun$usingDockerConfig$1(CodacyDocker.scala:39)
	at scala.Option.map(Option.scala:230)
	at com.codacy.plugins.results.traits.CodacyDocker$.usingDockerConfig(CodacyDocker.scala:38)
	at com.codacy.plugins.results.traits.ToolRunner.$anonfun$apply$1(ToolRunner.scala:75)
	at scala.util.Try$.apply(Try.scala:213)
	at com.codacy.plugins.results.traits.ToolRunner.apply(ToolRunner.scala:60)
	at com.codacy.plugins.results.traits.ToolRunner.run(ToolRunner.scala:48)
	at com.codacy.analysis.core.tools.Tool.run(Tool.scala:95)
	at com.codacy.analysis.core.analysis.CodacyPluginsAnalyser.analyse(CodacyPluginsAnalyser.scala:25)
	at com.codacy.analysis.cli.analysis.AnalyseExecutor.$anonfun$issues$1(AnalyseExecutor.scala:159)
	at scala.util.Success.flatMap(Try.scala:251)
	at com.codacy.analysis.cli.analysis.AnalyseExecutor.issues(AnalyseExecutor.scala:151)
	at com.codacy.analysis.cli.analysis.AnalyseExecutor.$anonfun$run$5(AnalyseExecutor.scala:70)
	at scala.collection.parallel.AugmentedIterableIterator.map2combiner(RemainsIterator.scala:116)
	at scala.collection.parallel.AugmentedIterableIterator.map2combiner$(RemainsIterator.scala:113)
	at scala.collection.parallel.immutable.ParHashSet$ParHashSetIterator.map2combiner(ParHashSet.scala:81)
	at scala.collection.parallel.ParIterableLike$Map.leaf(ParIterableLike.scala:1064)
	at scala.collection.parallel.Task.$anonfun$tryLeaf$1(Tasks.scala:53)
	at scala.runtime.java8.JFunction0$mcV$sp.apply(JFunction0$mcV$sp.java:23)
	at scala.util.control.Breaks$$anon$1.catchBreak(Breaks.scala:67)
	at scala.collection.parallel.Task.tryLeaf(Tasks.scala:56)
	at scala.collection.parallel.Task.tryLeaf$(Tasks.scala:50)
	at scala.collection.parallel.ParIterableLike$Map.tryLeaf(ParIterableLike.scala:1061)
	at scala.collection.parallel.AdaptiveWorkStealingTasks$WrappedTask.internal(Tasks.scala:170)
	at scala.collection.parallel.AdaptiveWorkStealingTasks$WrappedTask.internal$(Tasks.scala:157)
	at scala.collection.parallel.AdaptiveWorkStealingForkJoinTasks$WrappedTask.internal(Tasks.scala:440)
	at scala.collection.parallel.AdaptiveWorkStealingTasks$WrappedTask.compute(Tasks.scala:150)
	at scala.collection.parallel.AdaptiveWorkStealingTasks$WrappedTask.compute$(Tasks.scala:149)
	at scala.collection.parallel.AdaptiveWorkStealingForkJoinTasks$WrappedTask.compute(Tasks.scala:440)
	at java.util.concurrent.RecursiveAction.exec(RecursiveAction.java:189)
	at java.util.concurrent.ForkJoinTask.doExec(ForkJoinTask.java:289)
	at java.util.concurrent.ForkJoinPool$WorkQueue.runTask(ForkJoinPool.java:1056)
	at java.util.concurrent.ForkJoinPool.runWorker(ForkJoinPool.java:1692)
	at java.util.concurrent.ForkJoinWorkerThread.run(ForkJoinWorkerThread.java:175)
01/23 10:34:25 [1;31mERROR[0;39m [36mc.c.a.c.a.CodacyPluginsAnalyser:52[0;39m - Failed metrics for metrics 
java.lang.Throwable: 
Docker exited with code 126
stdout: 
stderr: docker: permission denied while trying to connect to the Docker daemon socket at unix:///var/run/docker.sock: Head "http://%2Fvar%2Frun%2Fdocker.sock/_ping": dial unix /var/run/docker.sock: connect: permission denied.
See 'docker run --help'.
           
	at com.codacy.plugins.runners.BinaryDockerRunner.$anonfun$run$4(BinaryDockerRunner.scala:84)
	at scala.util.Success.flatMap(Try.scala:251)
	at com.codacy.plugins.runners.BinaryDockerRunner.run(BinaryDockerRunner.scala:69)
	at com.codacy.plugins.metrics.traits.MetricsRunner.$anonfun$run$1(MetricsRunner.scala:46)
	at com.codacy.plugins.utils.FileHelper$.$anonfun$usingNewFile$2(FileHelper.scala:51)
	at scala.util.Try$.apply(Try.scala:213)
	at com.codacy.plugins.utils.FileHelper$.usingNewFile(FileHelper.scala:45)
	at com.codacy.plugins.metrics.traits.MetricsRunner.usingConfiguration(MetricsRunner.scala:53)
	at com.codacy.plugins.metrics.traits.MetricsRunner.run(MetricsRunner.scala:38)
	at com.codacy.analysis.core.tools.MetricsTool.run(MetricsTool.scala:53)
	at com.codacy.analysis.core.analysis.CodacyPluginsAnalyser.metrics(CodacyPluginsAnalyser.scala:46)
	at com.codacy.analysis.cli.analysis.AnalyseExecutor.$anonfun$run$5(AnalyseExecutor.scala:87)
	at scala.collection.parallel.AugmentedIterableIterator.map2combiner(RemainsIterator.scala:116)
	at scala.collection.parallel.AugmentedIterableIterator.map2combiner$(RemainsIterator.scala:113)
	at scala.collection.parallel.immutable.ParHashSet$ParHashSetIterator.map2combiner(ParHashSet.scala:81)
	at scala.collection.parallel.ParIterableLike$Map.leaf(ParIterableLike.scala:1064)
	at scala.collection.parallel.Task.$anonfun$tryLeaf$1(Tasks.scala:53)
	at scala.runtime.java8.JFunction0$mcV$sp.apply(JFunction0$mcV$sp.java:23)
	at scala.util.control.Breaks$$anon$1.catchBreak(Breaks.scala:67)
	at scala.collection.parallel.Task.tryLeaf(Tasks.scala:56)
	at scala.collection.parallel.Task.tryLeaf$(Tasks.scala:50)
	at scala.collection.parallel.ParIterableLike$Map.tryLeaf(ParIterableLike.scala:1061)
	at scala.collection.parallel.AdaptiveWorkStealingTasks$WrappedTask.internal(Tasks.scala:170)
	at scala.collection.parallel.AdaptiveWorkStealingTasks$WrappedTask.internal$(Tasks.scala:157)
	at scala.collection.parallel.AdaptiveWorkStealingForkJoinTasks$WrappedTask.internal(Tasks.scala:440)
	at scala.collection.parallel.AdaptiveWorkStealingTasks$WrappedTask.compute(Tasks.scala:150)
	at scala.collection.parallel.AdaptiveWorkStealingTasks$WrappedTask.compute$(Tasks.scala:149)
	at scala.collection.parallel.AdaptiveWorkStealingForkJoinTasks$WrappedTask.compute(Tasks.scala:440)
	at java.util.concurrent.RecursiveAction.exec(RecursiveAction.java:189)
	at java.util.concurrent.ForkJoinTask.doExec(ForkJoinTask.java:289)
	at java.util.concurrent.ForkJoinTask.doJoin(ForkJoinTask.java:389)
	at java.util.concurrent.ForkJoinTask.join(ForkJoinTask.java:719)
	at scala.collection.parallel.ForkJoinTasks$WrappedTask.sync(Tasks.scala:379)
	at scala.collection.parallel.ForkJoinTasks$WrappedTask.sync$(Tasks.scala:379)
	at scala.collection.parallel.AdaptiveWorkStealingForkJoinTasks$WrappedTask.sync(Tasks.scala:440)
	at scala.collection.parallel.ForkJoinTasks.executeAndWaitResult(Tasks.scala:423)
	at scala.collection.parallel.ForkJoinTasks.executeAndWaitResult$(Tasks.scala:416)
	at scala.collection.parallel.ForkJoinTaskSupport.executeAndWaitResult(TaskSupport.scala:60)
	at scala.collection.parallel.ParIterableLike$ResultMapping.leaf(ParIterableLike.scala:968)
	at scala.collection.parallel.Task.$anonfun$tryLeaf$1(Tasks.scala:53)
	at scala.runtime.java8.JFunction0$mcV$sp.apply(JFunction0$mcV$sp.java:23)
	at scala.util.control.Breaks$$anon$1.catchBreak(Breaks.scala:67)
	at scala.collection.parallel.Task.tryLeaf(Tasks.scala:56)
	at scala.collection.parallel.Task.tryLeaf$(Tasks.scala:50)
	at scala.collection.parallel.ParIterableLike$ResultMapping.tryLeaf(ParIterableLike.scala:963)
	at scala.collection.parallel.AdaptiveWorkStealingTasks$WrappedTask.compute(Tasks.scala:153)
	at scala.collection.parallel.AdaptiveWorkStealingTasks$WrappedTask.compute$(Tasks.scala:149)
	at scala.collection.parallel.AdaptiveWorkStealingForkJoinTasks$WrappedTask.compute(Tasks.scala:440)
	at java.util.concurrent.RecursiveAction.exec(RecursiveAction.java:189)
	at java.util.concurrent.ForkJoinTask.doExec(ForkJoinTask.java:289)
	at java.util.concurrent.ForkJoinPool$WorkQueue.runTask(ForkJoinPool.java:1056)
	at java.util.concurrent.ForkJoinPool.runWorker(ForkJoinPool.java:1692)
	at java.util.concurrent.ForkJoinWorkerThread.run(ForkJoinWorkerThread.java:175)
01/23 10:34:25 [1;31mERROR[0;39m [36mc.c.a.c.a.CodacyPluginsAnalyser:52[0;39m - Failed metrics for metrics 
java.lang.Throwable: 
Docker exited with code 126
stdout: 
stderr: docker: permission denied while trying to connect to the Docker daemon socket at unix:///var/run/docker.sock: Head "http://%2Fvar%2Frun%2Fdocker.sock/_ping": dial unix /var/run/docker.sock: connect: permission denied.
See 'docker run --help'.
           
	at com.codacy.plugins.runners.BinaryDockerRunner.$anonfun$run$4(BinaryDockerRunner.scala:84)
	at scala.util.Success.flatMap(Try.scala:251)
	at com.codacy.plugins.runners.BinaryDockerRunner.run(BinaryDockerRunner.scala:69)
	at com.codacy.plugins.metrics.traits.MetricsRunner.$anonfun$run$1(MetricsRunner.scala:46)
	at com.codacy.plugins.utils.FileHelper$.$anonfun$usingNewFile$2(FileHelper.scala:51)
	at scala.util.Try$.apply(Try.scala:213)
	at com.codacy.plugins.utils.FileHelper$.usingNewFile(FileHelper.scala:45)
	at com.codacy.plugins.metrics.traits.MetricsRunner.usingConfiguration(MetricsRunner.scala:53)
	at com.codacy.plugins.metrics.traits.MetricsRunner.run(MetricsRunner.scala:38)
	at com.codacy.analysis.core.tools.MetricsTool.run(MetricsTool.scala:53)
	at com.codacy.analysis.core.analysis.CodacyPluginsAnalyser.metrics(CodacyPluginsAnalyser.scala:46)
	at com.codacy.analysis.cli.analysis.AnalyseExecutor.$anonfun$run$5(AnalyseExecutor.scala:87)
	at scala.collection.parallel.AugmentedIterableIterator.map2combiner(RemainsIterator.scala:116)
	at scala.collection.parallel.AugmentedIterableIterator.map2combiner$(RemainsIterator.scala:113)
	at scala.collection.parallel.immutable.ParHashSet$ParHashSetIterator.map2combiner(ParHashSet.scala:81)
	at scala.collection.parallel.ParIterableLike$Map.leaf(ParIterableLike.scala:1064)
	at scala.collection.parallel.Task.$anonfun$tryLeaf$1(Tasks.scala:53)
	at scala.runtime.java8.JFunction0$mcV$sp.apply(JFunction0$mcV$sp.java:23)
	at scala.util.control.Breaks$$anon$1.catchBreak(Breaks.scala:67)
	at scala.collection.parallel.Task.tryLeaf(Tasks.scala:56)
	at scala.collection.parallel.Task.tryLeaf$(Tasks.scala:50)
	at scala.collection.parallel.ParIterableLike$Map.tryLeaf(ParIterableLike.scala:1061)
	at scala.collection.parallel.AdaptiveWorkStealingTasks$WrappedTask.internal(Tasks.scala:170)
	at scala.collection.parallel.AdaptiveWorkStealingTasks$WrappedTask.internal$(Tasks.scala:157)
	at scala.collection.parallel.AdaptiveWorkStealingForkJoinTasks$WrappedTask.internal(Tasks.scala:440)
	at scala.collection.parallel.AdaptiveWorkStealingTasks$WrappedTask.compute(Tasks.scala:150)
	at scala.collection.parallel.AdaptiveWorkStealingTasks$WrappedTask.compute$(Tasks.scala:149)
	at scala.collection.parallel.AdaptiveWorkStealingForkJoinTasks$WrappedTask.compute(Tasks.scala:440)
	at java.util.concurrent.RecursiveAction.exec(RecursiveAction.java:189)
	at java.util.concurrent.ForkJoinTask.doExec(ForkJoinTask.java:289)
	at java.util.concurrent.ForkJoinPool$WorkQueue.runTask(ForkJoinPool.java:1056)
	at java.util.concurrent.ForkJoinPool.runWorker(ForkJoinPool.java:1692)
	at java.util.concurrent.ForkJoinWorkerThread.run(ForkJoinWorkerThread.java:175)
01/23 10:34:25 [1;31mERROR[0;39m [36mc.c.a.c.a.CodacyPluginsAnalyser:31[0;39m - Failed analysis for jshint 
java.lang.Throwable: 
Docker exited with code 126
stdout: 
stderr: docker: permission denied while trying to connect to the Docker daemon socket at unix:///var/run/docker.sock: Head "http://%2Fvar%2Frun%2Fdocker.sock/_ping": dial unix /var/run/docker.sock: connect: permission denied.
See 'docker run --help'.
           
	at com.codacy.plugins.runners.BinaryDockerRunner.$anonfun$run$4(BinaryDockerRunner.scala:84)
	at scala.util.Success.flatMap(Try.scala:251)
	at com.codacy.plugins.runners.BinaryDockerRunner.run(BinaryDockerRunner.scala:69)
	at com.codacy.plugins.results.traits.ToolRunner.$anonfun$apply$2(ToolRunner.scala:76)
	at com.codacy.plugins.results.traits.CodacyDocker$.$anonfun$usingDockerConfig$2(CodacyDocker.scala:45)
	at com.codacy.plugins.utils.FileHelper$.$anonfun$usingNewFile$2(FileHelper.scala:51)
	at scala.util.Try$.apply(Try.scala:213)
	at com.codacy.plugins.utils.FileHelper$.usingNewFile(FileHelper.scala:45)
	at com.codacy.plugins.results.traits.CodacyDocker$.usingConfigPath(CodacyDocker.scala:57)
	at com.codacy.plugins.results.traits.CodacyDocker$.$anonfun$usingDockerConfig$1(CodacyDocker.scala:39)
	at scala.Option.map(Option.scala:230)
	at com.codacy.plugins.results.traits.CodacyDocker$.usingDockerConfig(CodacyDocker.scala:38)
	at com.codacy.plugins.results.traits.ToolRunner.$anonfun$apply$1(ToolRunner.scala:75)
	at scala.util.Try$.apply(Try.scala:213)
	at com.codacy.plugins.results.traits.ToolRunner.apply(ToolRunner.scala:60)
	at com.codacy.plugins.results.traits.ToolRunner.run(ToolRunner.scala:48)
	at com.codacy.analysis.core.tools.Tool.run(Tool.scala:95)
	at com.codacy.analysis.core.analysis.CodacyPluginsAnalyser.analyse(CodacyPluginsAnalyser.scala:25)
	at com.codacy.analysis.cli.analysis.AnalyseExecutor.$anonfun$issues$1(AnalyseExecutor.scala:159)
	at scala.util.Success.flatMap(Try.scala:251)
	at com.codacy.analysis.cli.analysis.AnalyseExecutor.issues(AnalyseExecutor.scala:151)
	at com.codacy.analysis.cli.analysis.AnalyseExecutor.$anonfun$run$5(AnalyseExecutor.scala:70)
	at scala.collection.parallel.AugmentedIterableIterator.map2combiner(RemainsIterator.scala:116)
	at scala.collection.parallel.AugmentedIterableIterator.map2combiner$(RemainsIterator.scala:113)
	at scala.collection.parallel.immutable.ParHashSet$ParHashSetIterator.map2combiner(ParHashSet.scala:81)
	at scala.collection.parallel.ParIterableLike$Map.leaf(ParIterableLike.scala:1064)
	at scala.collection.parallel.Task.$anonfun$tryLeaf$1(Tasks.scala:53)
	at scala.runtime.java8.JFunction0$mcV$sp.apply(JFunction0$mcV$sp.java:23)
	at scala.util.control.Breaks$$anon$1.catchBreak(Breaks.scala:67)
	at scala.collection.parallel.Task.tryLeaf(Tasks.scala:56)
	at scala.collection.parallel.Task.tryLeaf$(Tasks.scala:50)
	at scala.collection.parallel.ParIterableLike$Map.tryLeaf(ParIterableLike.scala:1061)
	at scala.collection.parallel.AdaptiveWorkStealingTasks$WrappedTask.internal(Tasks.scala:170)
	at scala.collection.parallel.AdaptiveWorkStealingTasks$WrappedTask.internal$(Tasks.scala:157)
	at scala.collection.parallel.AdaptiveWorkStealingForkJoinTasks$WrappedTask.internal(Tasks.scala:440)
	at scala.collection.parallel.AdaptiveWorkStealingTasks$WrappedTask.compute(Tasks.scala:150)
	at scala.collection.parallel.AdaptiveWorkStealingTasks$WrappedTask.compute$(Tasks.scala:149)
	at scala.collection.parallel.AdaptiveWorkStealingForkJoinTasks$WrappedTask.compute(Tasks.scala:440)
	at java.util.concurrent.RecursiveAction.exec(RecursiveAction.java:189)
	at java.util.concurrent.ForkJoinTask.doExec(ForkJoinTask.java:289)
	at java.util.concurrent.ForkJoinTask.doJoin(ForkJoinTask.java:389)
	at java.util.concurrent.ForkJoinTask.join(ForkJoinTask.java:719)
	at scala.collection.parallel.ForkJoinTasks$WrappedTask.sync(Tasks.scala:379)
	at scala.collection.parallel.ForkJoinTasks$WrappedTask.sync$(Tasks.scala:379)
	at scala.collection.parallel.AdaptiveWorkStealingForkJoinTasks$WrappedTask.sync(Tasks.scala:440)
	at scala.collection.parallel.ForkJoinTasks.executeAndWaitResult(Tasks.scala:423)
	at scala.collection.parallel.ForkJoinTasks.executeAndWaitResult$(Tasks.scala:416)
	at scala.collection.parallel.ForkJoinTaskSupport.executeAndWaitResult(TaskSupport.scala:60)
	at scala.collection.parallel.ParIterableLike$ResultMapping.leaf(ParIterableLike.scala:968)
	at scala.collection.parallel.Task.$anonfun$tryLeaf$1(Tasks.scala:53)
	at scala.runtime.java8.JFunction0$mcV$sp.apply(JFunction0$mcV$sp.java:23)
	at scala.util.control.Breaks$$anon$1.catchBreak(Breaks.scala:67)
	at scala.collection.parallel.Task.tryLeaf(Tasks.scala:56)
	at scala.collection.parallel.Task.tryLeaf$(Tasks.scala:50)
	at scala.collection.parallel.ParIterableLike$ResultMapping.tryLeaf(ParIterableLike.scala:963)
	at scala.collection.parallel.AdaptiveWorkStealingTasks$WrappedTask.compute(Tasks.scala:153)
	at scala.collection.parallel.AdaptiveWorkStealingTasks$WrappedTask.compute$(Tasks.scala:149)
	at scala.collection.parallel.AdaptiveWorkStealingForkJoinTasks$WrappedTask.compute(Tasks.scala:440)
	at java.util.concurrent.RecursiveAction.exec(RecursiveAction.java:189)
	at java.util.concurrent.ForkJoinTask.doExec(ForkJoinTask.java:289)
	at java.util.concurrent.ForkJoinPool$WorkQueue.runTask(ForkJoinPool.java:1056)
	at java.util.concurrent.ForkJoinPool.runWorker(ForkJoinPool.java:1692)
	at java.util.concurrent.ForkJoinWorkerThread.run(ForkJoinWorkerThread.java:175)
01/23 10:34:26 [1;31mERROR[0;39m [36mc.c.a.c.a.CodacyPluginsAnalyser:31[0;39m - Failed analysis for eslint-8 
java.lang.Throwable: 
Docker exited with code 126
stdout: 
stderr: docker: permission denied while trying to connect to the Docker daemon socket at unix:///var/run/docker.sock: Head "http://%2Fvar%2Frun%2Fdocker.sock/_ping": dial unix /var/run/docker.sock: connect: permission denied.
See 'docker run --help'.
           
	at com.codacy.plugins.runners.BinaryDockerRunner.$anonfun$run$4(BinaryDockerRunner.scala:84)
	at scala.util.Success.flatMap(Try.scala:251)
	at com.codacy.plugins.runners.BinaryDockerRunner.run(BinaryDockerRunner.scala:69)
	at com.codacy.plugins.results.traits.ToolRunner.$anonfun$apply$2(ToolRunner.scala:76)
	at com.codacy.plugins.results.traits.CodacyDocker$.$anonfun$usingDockerConfig$2(CodacyDocker.scala:45)
	at com.codacy.plugins.utils.FileHelper$.$anonfun$usingNewFile$2(FileHelper.scala:51)
	at scala.util.Try$.apply(Try.scala:213)
	at com.codacy.plugins.utils.FileHelper$.usingNewFile(FileHelper.scala:45)
	at com.codacy.plugins.results.traits.CodacyDocker$.usingConfigPath(CodacyDocker.scala:57)
	at com.codacy.plugins.results.traits.CodacyDocker$.$anonfun$usingDockerConfig$1(CodacyDocker.scala:39)
	at scala.Option.map(Option.scala:230)
	at com.codacy.plugins.results.traits.CodacyDocker$.usingDockerConfig(CodacyDocker.scala:38)
	at com.codacy.plugins.results.traits.ToolRunner.$anonfun$apply$1(ToolRunner.scala:75)
	at scala.util.Try$.apply(Try.scala:213)
	at com.codacy.plugins.results.traits.ToolRunner.apply(ToolRunner.scala:60)
	at com.codacy.plugins.results.traits.ToolRunner.run(ToolRunner.scala:48)
	at com.codacy.analysis.core.tools.Tool.run(Tool.scala:95)
	at com.codacy.analysis.core.analysis.CodacyPluginsAnalyser.analyse(CodacyPluginsAnalyser.scala:25)
	at com.codacy.analysis.cli.analysis.AnalyseExecutor.$anonfun$issues$1(AnalyseExecutor.scala:159)
	at scala.util.Success.flatMap(Try.scala:251)
	at com.codacy.analysis.cli.analysis.AnalyseExecutor.issues(AnalyseExecutor.scala:151)
	at com.codacy.analysis.cli.analysis.AnalyseExecutor.$anonfun$run$5(AnalyseExecutor.scala:70)
	at scala.collection.parallel.AugmentedIterableIterator.map2combiner(RemainsIterator.scala:116)
	at scala.collection.parallel.AugmentedIterableIterator.map2combiner$(RemainsIterator.scala:113)
	at scala.collection.parallel.immutable.ParHashSet$ParHashSetIterator.map2combiner(ParHashSet.scala:81)
	at scala.collection.parallel.ParIterableLike$Map.leaf(ParIterableLike.scala:1064)
	at scala.collection.parallel.Task.$anonfun$tryLeaf$1(Tasks.scala:53)
	at scala.runtime.java8.JFunction0$mcV$sp.apply(JFunction0$mcV$sp.java:23)
	at scala.util.control.Breaks$$anon$1.catchBreak(Breaks.scala:67)
	at scala.collection.parallel.Task.tryLeaf(Tasks.scala:56)
	at scala.collection.parallel.Task.tryLeaf$(Tasks.scala:50)
	at scala.collection.parallel.ParIterableLike$Map.tryLeaf(ParIterableLike.scala:1061)
	at scala.collection.parallel.AdaptiveWorkStealingTasks$WrappedTask.internal(Tasks.scala:170)
	at scala.collection.parallel.AdaptiveWorkStealingTasks$WrappedTask.internal$(Tasks.scala:157)
	at scala.collection.parallel.AdaptiveWorkStealingForkJoinTasks$WrappedTask.internal(Tasks.scala:440)
	at scala.collection.parallel.AdaptiveWorkStealingTasks$WrappedTask.compute(Tasks.scala:150)
	at scala.collection.parallel.AdaptiveWorkStealingTasks$WrappedTask.compute$(Tasks.scala:149)
	at scala.collection.parallel.AdaptiveWorkStealingForkJoinTasks$WrappedTask.compute(Tasks.scala:440)
	at java.util.concurrent.RecursiveAction.exec(RecursiveAction.java:189)
	at java.util.concurrent.ForkJoinTask.doExec(ForkJoinTask.java:289)
	at java.util.concurrent.ForkJoinTask.doJoin(ForkJoinTask.java:389)
	at java.util.concurrent.ForkJoinTask.join(ForkJoinTask.java:719)
	at scala.collection.parallel.ForkJoinTasks$WrappedTask.sync(Tasks.scala:379)
	at scala.collection.parallel.ForkJoinTasks$WrappedTask.sync$(Tasks.scala:379)
	at scala.collection.parallel.AdaptiveWorkStealingForkJoinTasks$WrappedTask.sync(Tasks.scala:440)
	at scala.collection.parallel.ForkJoinTasks.executeAndWaitResult(Tasks.scala:423)
	at scala.collection.parallel.ForkJoinTasks.executeAndWaitResult$(Tasks.scala:416)
	at scala.collection.parallel.ForkJoinTaskSupport.executeAndWaitResult(TaskSupport.scala:60)
	at scala.collection.parallel.ParIterableLike$ResultMapping.leaf(ParIterableLike.scala:968)
	at scala.collection.parallel.Task.$anonfun$tryLeaf$1(Tasks.scala:53)
	at scala.runtime.java8.JFunction0$mcV$sp.apply(JFunction0$mcV$sp.java:23)
	at scala.util.control.Breaks$$anon$1.catchBreak(Breaks.scala:67)
	at scala.collection.parallel.Task.tryLeaf(Tasks.scala:56)
	at scala.collection.parallel.Task.tryLeaf$(Tasks.scala:50)
	at scala.collection.parallel.ParIterableLike$ResultMapping.tryLeaf(ParIterableLike.scala:963)
	at scala.collection.parallel.AdaptiveWorkStealingTasks$WrappedTask.compute(Tasks.scala:153)
	at scala.collection.parallel.AdaptiveWorkStealingTasks$WrappedTask.compute$(Tasks.scala:149)
	at scala.collection.parallel.AdaptiveWorkStealingForkJoinTasks$WrappedTask.compute(Tasks.scala:440)
	at java.util.concurrent.RecursiveAction.exec(RecursiveAction.java:189)
	at java.util.concurrent.ForkJoinTask.doExec(ForkJoinTask.java:289)
	at java.util.concurrent.ForkJoinPool$WorkQueue.runTask(ForkJoinPool.java:1056)
	at java.util.concurrent.ForkJoinPool.runWorker(ForkJoinPool.java:1692)
	at java.util.concurrent.ForkJoinWorkerThread.run(ForkJoinWorkerThread.java:175)
01/23 10:34:26 [1;31mERROR[0;39m [36mc.c.a.c.a.CodacyPluginsAnalyser:31[0;39m - Failed analysis for pylintpython3 
java.lang.Throwable: 
Docker exited with code 126
stdout: 
stderr: docker: permission denied while trying to connect to the Docker daemon socket at unix:///var/run/docker.sock: Head "http://%2Fvar%2Frun%2Fdocker.sock/_ping": dial unix /var/run/docker.sock: connect: permission denied.
See 'docker run --help'.
           
	at com.codacy.plugins.runners.BinaryDockerRunner.$anonfun$run$4(BinaryDockerRunner.scala:84)
	at scala.util.Success.flatMap(Try.scala:251)
	at com.codacy.plugins.runners.BinaryDockerRunner.run(BinaryDockerRunner.scala:69)
	at com.codacy.plugins.results.traits.ToolRunner.$anonfun$apply$2(ToolRunner.scala:76)
	at com.codacy.plugins.results.traits.CodacyDocker$.$anonfun$usingDockerConfig$2(CodacyDocker.scala:45)
	at com.codacy.plugins.utils.FileHelper$.$anonfun$usingNewFile$2(FileHelper.scala:51)
	at scala.util.Try$.apply(Try.scala:213)
	at com.codacy.plugins.utils.FileHelper$.usingNewFile(FileHelper.scala:45)
	at com.codacy.plugins.results.traits.CodacyDocker$.usingConfigPath(CodacyDocker.scala:57)
	at com.codacy.plugins.results.traits.CodacyDocker$.$anonfun$usingDockerConfig$1(CodacyDocker.scala:39)
	at scala.Option.map(Option.scala:230)
	at com.codacy.plugins.results.traits.CodacyDocker$.usingDockerConfig(CodacyDocker.scala:38)
	at com.codacy.plugins.results.traits.ToolRunner.$anonfun$apply$1(ToolRunner.scala:75)
	at scala.util.Try$.apply(Try.scala:213)
	at com.codacy.plugins.results.traits.ToolRunner.apply(ToolRunner.scala:60)
	at com.codacy.plugins.results.traits.ToolRunner.run(ToolRunner.scala:48)
	at com.codacy.analysis.core.tools.Tool.run(Tool.scala:95)
	at com.codacy.analysis.core.analysis.CodacyPluginsAnalyser.analyse(CodacyPluginsAnalyser.scala:25)
	at com.codacy.analysis.cli.analysis.AnalyseExecutor.$anonfun$issues$1(AnalyseExecutor.scala:159)
	at scala.util.Success.flatMap(Try.scala:251)
	at com.codacy.analysis.cli.analysis.AnalyseExecutor.issues(AnalyseExecutor.scala:151)
	at com.codacy.analysis.cli.analysis.AnalyseExecutor.$anonfun$run$5(AnalyseExecutor.scala:70)
	at scala.collection.parallel.AugmentedIterableIterator.map2combiner(RemainsIterator.scala:116)
	at scala.collection.parallel.AugmentedIterableIterator.map2combiner$(RemainsIterator.scala:113)
	at scala.collection.parallel.immutable.ParHashSet$ParHashSetIterator.map2combiner(ParHashSet.scala:81)
	at scala.collection.parallel.ParIterableLike$Map.leaf(ParIterableLike.scala:1064)
	at scala.collection.parallel.Task.$anonfun$tryLeaf$1(Tasks.scala:53)
	at scala.runtime.java8.JFunction0$mcV$sp.apply(JFunction0$mcV$sp.java:23)
	at scala.util.control.Breaks$$anon$1.catchBreak(Breaks.scala:67)
	at scala.collection.parallel.Task.tryLeaf(Tasks.scala:56)
	at scala.collection.parallel.Task.tryLeaf$(Tasks.scala:50)
	at scala.collection.parallel.ParIterableLike$Map.tryLeaf(ParIterableLike.scala:1061)
	at scala.collection.parallel.AdaptiveWorkStealingTasks$WrappedTask.internal(Tasks.scala:170)
	at scala.collection.parallel.AdaptiveWorkStealingTasks$WrappedTask.internal$(Tasks.scala:157)
	at scala.collection.parallel.AdaptiveWorkStealingForkJoinTasks$WrappedTask.internal(Tasks.scala:440)
	at scala.collection.parallel.AdaptiveWorkStealingTasks$WrappedTask.compute(Tasks.scala:150)
	at scala.collection.parallel.AdaptiveWorkStealingTasks$WrappedTask.compute$(Tasks.scala:149)
	at scala.collection.parallel.AdaptiveWorkStealingForkJoinTasks$WrappedTask.compute(Tasks.scala:440)
	at java.util.concurrent.RecursiveAction.exec(RecursiveAction.java:189)
	at java.util.concurrent.ForkJoinTask.doExec(ForkJoinTask.java:289)
	at java.util.concurrent.ForkJoinTask.doJoin(ForkJoinTask.java:389)
	at java.util.concurrent.ForkJoinTask.join(ForkJoinTask.java:719)
	at scala.collection.parallel.ForkJoinTasks$WrappedTask.sync(Tasks.scala:379)
	at scala.collection.parallel.ForkJoinTasks$WrappedTask.sync$(Tasks.scala:379)
	at scala.collection.parallel.AdaptiveWorkStealingForkJoinTasks$WrappedTask.sync(Tasks.scala:440)
	at scala.collection.parallel.ForkJoinTasks.executeAndWaitResult(Tasks.scala:423)
	at scala.collection.parallel.ForkJoinTasks.executeAndWaitResult$(Tasks.scala:416)
	at scala.collection.parallel.ForkJoinTaskSupport.executeAndWaitResult(TaskSupport.scala:60)
	at scala.collection.parallel.ParIterableLike$ResultMapping.leaf(ParIterableLike.scala:968)
	at scala.collection.parallel.Task.$anonfun$tryLeaf$1(Tasks.scala:53)
	at scala.runtime.java8.JFunction0$mcV$sp.apply(JFunction0$mcV$sp.java:23)
	at scala.util.control.Breaks$$anon$1.catchBreak(Breaks.scala:67)
	at scala.collection.parallel.Task.tryLeaf(Tasks.scala:56)
	at scala.collection.parallel.Task.tryLeaf$(Tasks.scala:50)
	at scala.collection.parallel.ParIterableLike$ResultMapping.tryLeaf(ParIterableLike.scala:963)
	at scala.collection.parallel.AdaptiveWorkStealingTasks$WrappedTask.compute(Tasks.scala:153)
	at scala.collection.parallel.AdaptiveWorkStealingTasks$WrappedTask.compute$(Tasks.scala:149)
	at scala.collection.parallel.AdaptiveWorkStealingForkJoinTasks$WrappedTask.compute(Tasks.scala:440)
	at java.util.concurrent.RecursiveAction.exec(RecursiveAction.java:189)
	at java.util.concurrent.ForkJoinTask.doExec(ForkJoinTask.java:289)
	at java.util.concurrent.ForkJoinPool$WorkQueue.runTask(ForkJoinPool.java:1056)
	at java.util.concurrent.ForkJoinPool.runWorker(ForkJoinPool.java:1692)
	at java.util.concurrent.ForkJoinWorkerThread.run(ForkJoinWorkerThread.java:175)
01/23 10:34:26 [1;31mERROR[0;39m [36mc.c.a.c.a.CodacyPluginsAnalyser:52[0;39m - Failed metrics for metrics 
java.lang.Throwable: 
Docker exited with code 126
stdout: 
stderr: docker: permission denied while trying to connect to the Docker daemon socket at unix:///var/run/docker.sock: Head "http://%2Fvar%2Frun%2Fdocker.sock/_ping": dial unix /var/run/docker.sock: connect: permission denied.
See 'docker run --help'.
           
	at com.codacy.plugins.runners.BinaryDockerRunner.$anonfun$run$4(BinaryDockerRunner.scala:84)
	at scala.util.Success.flatMap(Try.scala:251)
	at com.codacy.plugins.runners.BinaryDockerRunner.run(BinaryDockerRunner.scala:69)
	at com.codacy.plugins.metrics.traits.MetricsRunner.$anonfun$run$1(MetricsRunner.scala:46)
	at com.codacy.plugins.utils.FileHelper$.$anonfun$usingNewFile$2(FileHelper.scala:51)
	at scala.util.Try$.apply(Try.scala:213)
	at com.codacy.plugins.utils.FileHelper$.usingNewFile(FileHelper.scala:45)
	at com.codacy.plugins.metrics.traits.MetricsRunner.usingConfiguration(MetricsRunner.scala:53)
	at com.codacy.plugins.metrics.traits.MetricsRunner.run(MetricsRunner.scala:38)
	at com.codacy.analysis.core.tools.MetricsTool.run(MetricsTool.scala:53)
	at com.codacy.analysis.core.analysis.CodacyPluginsAnalyser.metrics(CodacyPluginsAnalyser.scala:46)
	at com.codacy.analysis.cli.analysis.AnalyseExecutor.$anonfun$run$5(AnalyseExecutor.scala:87)
	at scala.collection.parallel.AugmentedIterableIterator.map2combiner(RemainsIterator.scala:116)
	at scala.collection.parallel.AugmentedIterableIterator.map2combiner$(RemainsIterator.scala:113)
	at scala.collection.parallel.immutable.ParHashSet$ParHashSetIterator.map2combiner(ParHashSet.scala:81)
	at scala.collection.parallel.ParIterableLike$Map.leaf(ParIterableLike.scala:1064)
	at scala.collection.parallel.Task.$anonfun$tryLeaf$1(Tasks.scala:53)
	at scala.runtime.java8.JFunction0$mcV$sp.apply(JFunction0$mcV$sp.java:23)
	at scala.util.control.Breaks$$anon$1.catchBreak(Breaks.scala:67)
	at scala.collection.parallel.Task.tryLeaf(Tasks.scala:56)
	at scala.collection.parallel.Task.tryLeaf$(Tasks.scala:50)
	at scala.collection.parallel.ParIterableLike$Map.tryLeaf(ParIterableLike.scala:1061)
	at scala.collection.parallel.AdaptiveWorkStealingTasks$WrappedTask.internal(Tasks.scala:170)
	at scala.collection.parallel.AdaptiveWorkStealingTasks$WrappedTask.internal$(Tasks.scala:157)
	at scala.collection.parallel.AdaptiveWorkStealingForkJoinTasks$WrappedTask.internal(Tasks.scala:440)
	at scala.collection.parallel.AdaptiveWorkStealingTasks$WrappedTask.compute(Tasks.scala:150)
	at scala.collection.parallel.AdaptiveWorkStealingTasks$WrappedTask.compute$(Tasks.scala:149)
	at scala.collection.parallel.AdaptiveWorkStealingForkJoinTasks$WrappedTask.compute(Tasks.scala:440)
	at java.util.concurrent.RecursiveAction.exec(RecursiveAction.java:189)
	at java.util.concurrent.ForkJoinTask.doExec(ForkJoinTask.java:289)
	at java.util.concurrent.ForkJoinTask.doJoin(ForkJoinTask.java:389)
	at java.util.concurrent.ForkJoinTask.join(ForkJoinTask.java:719)
	at scala.collection.parallel.ForkJoinTasks$WrappedTask.sync(Tasks.scala:379)
	at scala.collection.parallel.ForkJoinTasks$WrappedTask.sync$(Tasks.scala:379)
	at scala.collection.parallel.AdaptiveWorkStealingForkJoinTasks$WrappedTask.sync(Tasks.scala:440)
	at scala.collection.parallel.ForkJoinTasks.executeAndWaitResult(Tasks.scala:423)
	at scala.collection.parallel.ForkJoinTasks.executeAndWaitResult$(Tasks.scala:416)
	at scala.collection.parallel.ForkJoinTaskSupport.executeAndWaitResult(TaskSupport.scala:60)
	at scala.collection.parallel.ParIterableLike$ResultMapping.leaf(ParIterableLike.scala:968)
	at scala.collection.parallel.Task.$anonfun$tryLeaf$1(Tasks.scala:53)
	at scala.runtime.java8.JFunction0$mcV$sp.apply(JFunction0$mcV$sp.java:23)
	at scala.util.control.Breaks$$anon$1.catchBreak(Breaks.scala:67)
	at scala.collection.parallel.Task.tryLeaf(Tasks.scala:56)
	at scala.collection.parallel.Task.tryLeaf$(Tasks.scala:50)
	at scala.collection.parallel.ParIterableLike$ResultMapping.tryLeaf(ParIterableLike.scala:963)
	at scala.collection.parallel.AdaptiveWorkStealingTasks$WrappedTask.compute(Tasks.scala:153)
	at scala.collection.parallel.AdaptiveWorkStealingTasks$WrappedTask.compute$(Tasks.scala:149)
	at scala.collection.parallel.AdaptiveWorkStealingForkJoinTasks$WrappedTask.compute(Tasks.scala:440)
	at java.util.concurrent.RecursiveAction.exec(RecursiveAction.java:189)
	at java.util.concurrent.ForkJoinTask.doExec(ForkJoinTask.java:289)
	at java.util.concurrent.ForkJoinPool$WorkQueue.runTask(ForkJoinPool.java:1056)
	at java.util.concurrent.ForkJoinPool.runWorker(ForkJoinPool.java:1692)
	at java.util.concurrent.ForkJoinWorkerThread.run(ForkJoinWorkerThread.java:175)
01/23 10:34:26 [1;31mERROR[0;39m [36mc.c.a.c.a.CodacyPluginsAnalyser:31[0;39m - Failed analysis for csslint 
java.lang.Throwable: 
Docker exited with code 126
stdout: 
stderr: docker: permission denied while trying to connect to the Docker daemon socket at unix:///var/run/docker.sock: Head "http://%2Fvar%2Frun%2Fdocker.sock/_ping": dial unix /var/run/docker.sock: connect: permission denied.
See 'docker run --help'.
           
	at com.codacy.plugins.runners.BinaryDockerRunner.$anonfun$run$4(BinaryDockerRunner.scala:84)
	at scala.util.Success.flatMap(Try.scala:251)
	at com.codacy.plugins.runners.BinaryDockerRunner.run(BinaryDockerRunner.scala:69)
	at com.codacy.plugins.results.traits.ToolRunner.$anonfun$apply$2(ToolRunner.scala:76)
	at com.codacy.plugins.results.traits.CodacyDocker$.$anonfun$usingDockerConfig$2(CodacyDocker.scala:45)
	at com.codacy.plugins.utils.FileHelper$.$anonfun$usingNewFile$2(FileHelper.scala:51)
	at scala.util.Try$.apply(Try.scala:213)
	at com.codacy.plugins.utils.FileHelper$.usingNewFile(FileHelper.scala:45)
	at com.codacy.plugins.results.traits.CodacyDocker$.usingConfigPath(CodacyDocker.scala:57)
	at com.codacy.plugins.results.traits.CodacyDocker$.$anonfun$usingDockerConfig$1(CodacyDocker.scala:39)
	at scala.Option.map(Option.scala:230)
	at com.codacy.plugins.results.traits.CodacyDocker$.usingDockerConfig(CodacyDocker.scala:38)
	at com.codacy.plugins.results.traits.ToolRunner.$anonfun$apply$1(ToolRunner.scala:75)
	at scala.util.Try$.apply(Try.scala:213)
	at com.codacy.plugins.results.traits.ToolRunner.apply(ToolRunner.scala:60)
	at com.codacy.plugins.results.traits.ToolRunner.run(ToolRunner.scala:48)
	at com.codacy.analysis.core.tools.Tool.run(Tool.scala:95)
	at com.codacy.analysis.core.analysis.CodacyPluginsAnalyser.analyse(CodacyPluginsAnalyser.scala:25)
	at com.codacy.analysis.cli.analysis.AnalyseExecutor.$anonfun$issues$1(AnalyseExecutor.scala:159)
	at scala.util.Success.flatMap(Try.scala:251)
	at com.codacy.analysis.cli.analysis.AnalyseExecutor.issues(AnalyseExecutor.scala:151)
	at com.codacy.analysis.cli.analysis.AnalyseExecutor.$anonfun$run$5(AnalyseExecutor.scala:70)
	at scala.collection.parallel.AugmentedIterableIterator.map2combiner(RemainsIterator.scala:116)
	at scala.collection.parallel.AugmentedIterableIterator.map2combiner$(RemainsIterator.scala:113)
	at scala.collection.parallel.immutable.ParHashSet$ParHashSetIterator.map2combiner(ParHashSet.scala:81)
	at scala.collection.parallel.ParIterableLike$Map.leaf(ParIterableLike.scala:1064)
	at scala.collection.parallel.Task.$anonfun$tryLeaf$1(Tasks.scala:53)
	at scala.runtime.java8.JFunction0$mcV$sp.apply(JFunction0$mcV$sp.java:23)
	at scala.util.control.Breaks$$anon$1.catchBreak(Breaks.scala:67)
	at scala.collection.parallel.Task.tryLeaf(Tasks.scala:56)
	at scala.collection.parallel.Task.tryLeaf$(Tasks.scala:50)
	at scala.collection.parallel.ParIterableLike$Map.tryLeaf(ParIterableLike.scala:1061)
	at scala.collection.parallel.AdaptiveWorkStealingTasks$WrappedTask.internal(Tasks.scala:170)
	at scala.collection.parallel.AdaptiveWorkStealingTasks$WrappedTask.internal$(Tasks.scala:157)
	at scala.collection.parallel.AdaptiveWorkStealingForkJoinTasks$WrappedTask.internal(Tasks.scala:440)
	at scala.collection.parallel.AdaptiveWorkStealingTasks$WrappedTask.compute(Tasks.scala:150)
	at scala.collection.parallel.AdaptiveWorkStealingTasks$WrappedTask.compute$(Tasks.scala:149)
	at scala.collection.parallel.AdaptiveWorkStealingForkJoinTasks$WrappedTask.compute(Tasks.scala:440)
	at java.util.concurrent.RecursiveAction.exec(RecursiveAction.java:189)
	at java.util.concurrent.ForkJoinTask.doExec(ForkJoinTask.java:289)
	at java.util.concurrent.ForkJoinTask.doJoin(ForkJoinTask.java:389)
	at java.util.concurrent.ForkJoinTask.join(ForkJoinTask.java:719)
	at scala.collection.parallel.ForkJoinTasks$WrappedTask.sync(Tasks.scala:379)
	at scala.collection.parallel.ForkJoinTasks$WrappedTask.sync$(Tasks.scala:379)
	at scala.collection.parallel.AdaptiveWorkStealingForkJoinTasks$WrappedTask.sync(Tasks.scala:440)
	at scala.collection.parallel.ForkJoinTasks.executeAndWaitResult(Tasks.scala:423)
	at scala.collection.parallel.ForkJoinTasks.executeAndWaitResult$(Tasks.scala:416)
	at scala.collection.parallel.ForkJoinTaskSupport.executeAndWaitResult(TaskSupport.scala:60)
	at scala.collection.parallel.ParIterableLike$ResultMapping.leaf(ParIterableLike.scala:968)
	at scala.collection.parallel.Task.$anonfun$tryLeaf$1(Tasks.scala:53)
	at scala.runtime.java8.JFunction0$mcV$sp.apply(JFunction0$mcV$sp.java:23)
	at scala.util.control.Breaks$$anon$1.catchBreak(Breaks.scala:67)
	at scala.collection.parallel.Task.tryLeaf(Tasks.scala:56)
	at scala.collection.parallel.Task.tryLeaf$(Tasks.scala:50)
	at scala.collection.parallel.ParIterableLike$ResultMapping.tryLeaf(ParIterableLike.scala:963)
	at scala.collection.parallel.AdaptiveWorkStealingTasks$WrappedTask.compute(Tasks.scala:153)
	at scala.collection.parallel.AdaptiveWorkStealingTasks$WrappedTask.compute$(Tasks.scala:149)
	at scala.collection.parallel.AdaptiveWorkStealingForkJoinTasks$WrappedTask.compute(Tasks.scala:440)
	at java.util.concurrent.RecursiveAction.exec(RecursiveAction.java:189)
	at java.util.concurrent.ForkJoinTask.doExec(ForkJoinTask.java:289)
	at java.util.concurrent.ForkJoinPool$WorkQueue.runTask(ForkJoinPool.java:1056)
	at java.util.concurrent.ForkJoinPool.runWorker(ForkJoinPool.java:1692)
	at java.util.concurrent.ForkJoinWorkerThread.run(ForkJoinWorkerThread.java:175)
01/23 10:34:27 [1;31mERROR[0;39m [36mc.c.a.c.a.CodacyPluginsAnalyser:31[0;39m - Failed analysis for pmd-7 
java.lang.Throwable: 
Docker exited with code 126
stdout: 
stderr: docker: permission denied while trying to connect to the Docker daemon socket at unix:///var/run/docker.sock: Head "http://%2Fvar%2Frun%2Fdocker.sock/_ping": dial unix /var/run/docker.sock: connect: permission denied.
See 'docker run --help'.
           
	at com.codacy.plugins.runners.BinaryDockerRunner.$anonfun$run$4(BinaryDockerRunner.scala:84)
	at scala.util.Success.flatMap(Try.scala:251)
	at com.codacy.plugins.runners.BinaryDockerRunner.run(BinaryDockerRunner.scala:69)
	at com.codacy.plugins.results.traits.ToolRunner.$anonfun$apply$2(ToolRunner.scala:76)
	at com.codacy.plugins.results.traits.CodacyDocker$.$anonfun$usingDockerConfig$2(CodacyDocker.scala:45)
	at com.codacy.plugins.utils.FileHelper$.$anonfun$usingNewFile$2(FileHelper.scala:51)
	at scala.util.Try$.apply(Try.scala:213)
	at com.codacy.plugins.utils.FileHelper$.usingNewFile(FileHelper.scala:45)
	at com.codacy.plugins.results.traits.CodacyDocker$.usingConfigPath(CodacyDocker.scala:57)
	at com.codacy.plugins.results.traits.CodacyDocker$.$anonfun$usingDockerConfig$1(CodacyDocker.scala:39)
	at scala.Option.map(Option.scala:230)
	at com.codacy.plugins.results.traits.CodacyDocker$.usingDockerConfig(CodacyDocker.scala:38)
	at com.codacy.plugins.results.traits.ToolRunner.$anonfun$apply$1(ToolRunner.scala:75)
	at scala.util.Try$.apply(Try.scala:213)
	at com.codacy.plugins.results.traits.ToolRunner.apply(ToolRunner.scala:60)
	at com.codacy.plugins.results.traits.ToolRunner.run(ToolRunner.scala:48)
	at com.codacy.analysis.core.tools.Tool.run(Tool.scala:95)
	at com.codacy.analysis.core.analysis.CodacyPluginsAnalyser.analyse(CodacyPluginsAnalyser.scala:25)
	at com.codacy.analysis.cli.analysis.AnalyseExecutor.$anonfun$issues$1(AnalyseExecutor.scala:159)
	at scala.util.Success.flatMap(Try.scala:251)
	at com.codacy.analysis.cli.analysis.AnalyseExecutor.issues(AnalyseExecutor.scala:151)
	at com.codacy.analysis.cli.analysis.AnalyseExecutor.$anonfun$run$5(AnalyseExecutor.scala:70)
	at scala.collection.parallel.AugmentedIterableIterator.map2combiner(RemainsIterator.scala:116)
	at scala.collection.parallel.AugmentedIterableIterator.map2combiner$(RemainsIterator.scala:113)
	at scala.collection.parallel.immutable.ParHashSet$ParHashSetIterator.map2combiner(ParHashSet.scala:81)
	at scala.collection.parallel.ParIterableLike$Map.leaf(ParIterableLike.scala:1064)
	at scala.collection.parallel.Task.$anonfun$tryLeaf$1(Tasks.scala:53)
	at scala.runtime.java8.JFunction0$mcV$sp.apply(JFunction0$mcV$sp.java:23)
	at scala.util.control.Breaks$$anon$1.catchBreak(Breaks.scala:67)
	at scala.collection.parallel.Task.tryLeaf(Tasks.scala:56)
	at scala.collection.parallel.Task.tryLeaf$(Tasks.scala:50)
	at scala.collection.parallel.ParIterableLike$Map.tryLeaf(ParIterableLike.scala:1061)
	at scala.collection.parallel.AdaptiveWorkStealingTasks$WrappedTask.internal(Tasks.scala:170)
	at scala.collection.parallel.AdaptiveWorkStealingTasks$WrappedTask.internal$(Tasks.scala:157)
	at scala.collection.parallel.AdaptiveWorkStealingForkJoinTasks$WrappedTask.internal(Tasks.scala:440)
	at scala.collection.parallel.AdaptiveWorkStealingTasks$WrappedTask.compute(Tasks.scala:150)
	at scala.collection.parallel.AdaptiveWorkStealingTasks$WrappedTask.compute$(Tasks.scala:149)
	at scala.collection.parallel.AdaptiveWorkStealingForkJoinTasks$WrappedTask.compute(Tasks.scala:440)
	at java.util.concurrent.RecursiveAction.exec(RecursiveAction.java:189)
	at java.util.concurrent.ForkJoinTask.doExec(ForkJoinTask.java:289)
	at java.util.concurrent.ForkJoinTask.doJoin(ForkJoinTask.java:389)
	at java.util.concurrent.ForkJoinTask.join(ForkJoinTask.java:719)
	at scala.collection.parallel.ForkJoinTasks$WrappedTask.sync(Tasks.scala:379)
	at scala.collection.parallel.ForkJoinTasks$WrappedTask.sync$(Tasks.scala:379)
	at scala.collection.parallel.AdaptiveWorkStealingForkJoinTasks$WrappedTask.sync(Tasks.scala:440)
	at scala.collection.parallel.ForkJoinTasks.executeAndWaitResult(Tasks.scala:423)
	at scala.collection.parallel.ForkJoinTasks.executeAndWaitResult$(Tasks.scala:416)
	at scala.collection.parallel.ForkJoinTaskSupport.executeAndWaitResult(TaskSupport.scala:60)
	at scala.collection.parallel.ParIterableLike$ResultMapping.leaf(ParIterableLike.scala:968)
	at scala.collection.parallel.Task.$anonfun$tryLeaf$1(Tasks.scala:53)
	at scala.runtime.java8.JFunction0$mcV$sp.apply(JFunction0$mcV$sp.java:23)
	at scala.util.control.Breaks$$anon$1.catchBreak(Breaks.scala:67)
	at scala.collection.parallel.Task.tryLeaf(Tasks.scala:56)
	at scala.collection.parallel.Task.tryLeaf$(Tasks.scala:50)
	at scala.collection.parallel.ParIterableLike$ResultMapping.tryLeaf(ParIterableLike.scala:963)
	at scala.collection.parallel.AdaptiveWorkStealingTasks$WrappedTask.compute(Tasks.scala:153)
	at scala.collection.parallel.AdaptiveWorkStealingTasks$WrappedTask.compute$(Tasks.scala:149)
	at scala.collection.parallel.AdaptiveWorkStealingForkJoinTasks$WrappedTask.compute(Tasks.scala:440)
	at java.util.concurrent.RecursiveAction.exec(RecursiveAction.java:189)
	at java.util.concurrent.ForkJoinTask.doExec(ForkJoinTask.java:289)
	at java.util.concurrent.ForkJoinPool$WorkQueue.runTask(ForkJoinPool.java:1056)
	at java.util.concurrent.ForkJoinPool.runWorker(ForkJoinPool.java:1692)
	at java.util.concurrent.ForkJoinWorkerThread.run(ForkJoinWorkerThread.java:175)
01/23 10:34:27 [1;31mERROR[0;39m [36mc.c.a.core.utils.FileHelper:20[0;39m - Failed to read file /home/crossman/projects/python-email/templates/service_management.html 
java.io.UncheckedIOException: java.nio.charset.MalformedInputException: Input length = 2
	at java.io.BufferedReader$1.hasNext(BufferedReader.java:574)
	at java.util.Spliterators$IteratorSpliterator.tryAdvance(Spliterators.java:1811)
	at java.util.Spliterators$1Adapter.hasNext(Spliterators.java:681)
	at scala.collection.convert.Wrappers$JIteratorWrapper.hasNext(Wrappers.scala:45)
	at better.files.Dispose$FlatMap$Implicits$traversableFlatMap$.$anonfun$apply$3(Dispose.scala:166)
	at better.files.Implicits$IteratorExtensions$$anon$1.hasNext(Implicits.scala:57)
	at scala.collection.Iterator.foreach(Iterator.scala:943)
	at scala.collection.Iterator.foreach$(Iterator.scala:943)
	at better.files.Implicits$IteratorExtensions$$anon$1.foreach(Implicits.scala:56)
	at scala.collection.TraversableOnce.foldLeft(TraversableOnce.scala:199)
	at scala.collection.TraversableOnce.foldLeft$(TraversableOnce.scala:192)
	at better.files.Implicits$IteratorExtensions$$anon$1.foldLeft(Implicits.scala:56)
	at com.codacy.analysis.core.utils.FileHelper$.$anonfun$countLoc$3(FileHelper.scala:24)
	at scala.util.Success.fold(Try.scala:271)
	at com.codacy.analysis.core.utils.FileHelper$.countLoc(FileHelper.scala:23)
	at com.codacy.analysis.cli.analysis.MetricsToolExecutor$.countLoc(MetricsToolExecutor.scala:99)
	at com.codacy.analysis.cli.analysis.MetricsToolExecutor$.$anonfun$countMissingLoc$1(MetricsToolExecutor.scala:86)
	at scala.collection.TraversableLike.$anonfun$map$1(TraversableLike.scala:286)
	at scala.collection.immutable.HashSet$HashSet1.foreach(HashSet.scala:335)
	at scala.collection.immutable.HashSet$HashTrieSet.foreach(HashSet.scala:1111)
	at scala.collection.immutable.HashSet$HashTrieSet.foreach(HashSet.scala:1111)
	at scala.collection.TraversableLike.map(TraversableLike.scala:286)
	at scala.collection.TraversableLike.map$(TraversableLike.scala:279)
	at scala.collection.AbstractSet.scala$collection$SetLike$$super$map(Set.scala:53)
	at scala.collection.SetLike.map(SetLike.scala:105)
	at scala.collection.SetLike.map$(SetLike.scala:105)
	at scala.collection.AbstractSet.map(Set.scala:53)
	at com.codacy.analysis.cli.analysis.MetricsToolExecutor$.countMissingLoc(MetricsToolExecutor.scala:79)
	at com.codacy.analysis.cli.analysis.MetricsToolExecutor$.$anonfun$calculateMissingFileMetrics$5(MetricsToolExecutor.scala:70)
	at scala.collection.TraversableOnce$folder$1.apply(TraversableOnce.scala:196)
	at scala.collection.TraversableOnce$folder$1.apply(TraversableOnce.scala:194)
	at scala.collection.Iterator.foreach(Iterator.scala:943)
	at scala.collection.Iterator.foreach$(Iterator.scala:943)
	at scala.collection.AbstractIterator.foreach(Iterator.scala:1431)
	at scala.collection.IterableLike.foreach(IterableLike.scala:74)
	at scala.collection.IterableLike.foreach$(IterableLike.scala:73)
	at scala.collection.AbstractIterable.foreach(Iterable.scala:56)
	at scala.collection.TraversableOnce.foldLeft(TraversableOnce.scala:199)
	at scala.collection.TraversableOnce.foldLeft$(TraversableOnce.scala:192)
	at scala.collection.AbstractTraversable.foldLeft(Traversable.scala:108)
	at com.codacy.analysis.cli.analysis.MetricsToolExecutor$.calculateMissingFileMetrics(MetricsToolExecutor.scala:65)
	at com.codacy.analysis.cli.analysis.AnalyseExecutor.$anonfun$postProcess$3(AnalyseExecutor.scala:119)
	at scala.Function1.$anonfun$andThen$1(Function1.scala:57)
	at com.codacy.analysis.cli.analysis.AnalyseExecutor.$anonfun$postProcess$1(AnalyseExecutor.scala:121)
	at scala.util.Either.map(Either.scala:353)
	at com.codacy.analysis.cli.analysis.AnalyseExecutor.postProcess(AnalyseExecutor.scala:113)
	at com.codacy.analysis.cli.analysis.AnalyseExecutor.run(AnalyseExecutor.scala:108)
	at com.codacy.analysis.cli.command.AnalyseCommand.$anonfun$run$1(AnalyseCommand.scala:106)
	at scala.util.Either.flatMap(Either.scala:341)
	at com.codacy.analysis.cli.command.AnalyseCommand.run(AnalyseCommand.scala:105)
	at com.codacy.analysis.cli.MainImpl.runCommand(Main.scala:22)
	at com.codacy.analysis.cli.MainImpl.run(Main.scala:17)
	at com.codacy.analysis.cli.command.CLIApp.run(CLIApp.scala:21)
	at com.codacy.analysis.cli.command.CLIApp.run(CLIApp.scala:17)
	at com.codacy.analysis.cli.command.CommandAppWithBaseCommand.$anonfun$main$1(CommandAppWithBaseCommand.scala:103)
	at com.codacy.analysis.cli.command.CommandAppWithBaseCommand.$anonfun$main$1$adapted(CommandAppWithBaseCommand.scala:88)
	at scala.Option.foreach(Option.scala:407)
	at com.codacy.analysis.cli.command.CommandAppWithBaseCommand.main(CommandAppWithBaseCommand.scala:88)
	at com.codacy.analysis.cli.Main.main(Main.scala)
Caused by: java.nio.charset.MalformedInputException: Input length = 2
	at java.nio.charset.CoderResult.throwException(CoderResult.java:281)
	at sun.nio.cs.StreamDecoder.implRead(StreamDecoder.java:339)
	at sun.nio.cs.StreamDecoder.read(StreamDecoder.java:178)
	at java.io.InputStreamReader.read(InputStreamReader.java:184)
	at java.io.BufferedReader.fill(BufferedReader.java:161)
	at java.io.BufferedReader.readLine(BufferedReader.java:324)
	at java.io.BufferedReader.readLine(BufferedReader.java:389)
	at java.io.BufferedReader$1.hasNext(BufferedReader.java:571)
	... 58 common frames omitted
01/23 10:34:27 [1;31mERROR[0;39m [36mc.c.a.core.utils.FileHelper:20[0;39m - Failed to read file /home/crossman/projects/python-email/templates/file_management.html 
java.io.UncheckedIOException: java.nio.charset.MalformedInputException: Input length = 2
	at java.io.BufferedReader$1.hasNext(BufferedReader.java:574)
	at java.util.Spliterators$IteratorSpliterator.tryAdvance(Spliterators.java:1811)
	at java.util.Spliterators$1Adapter.hasNext(Spliterators.java:681)
	at scala.collection.convert.Wrappers$JIteratorWrapper.hasNext(Wrappers.scala:45)
	at better.files.Dispose$FlatMap$Implicits$traversableFlatMap$.$anonfun$apply$3(Dispose.scala:166)
	at better.files.Implicits$IteratorExtensions$$anon$1.hasNext(Implicits.scala:57)
	at scala.collection.Iterator.foreach(Iterator.scala:943)
	at scala.collection.Iterator.foreach$(Iterator.scala:943)
	at better.files.Implicits$IteratorExtensions$$anon$1.foreach(Implicits.scala:56)
	at scala.collection.TraversableOnce.foldLeft(TraversableOnce.scala:199)
	at scala.collection.TraversableOnce.foldLeft$(TraversableOnce.scala:192)
	at better.files.Implicits$IteratorExtensions$$anon$1.foldLeft(Implicits.scala:56)
	at com.codacy.analysis.core.utils.FileHelper$.$anonfun$countLoc$3(FileHelper.scala:24)
	at scala.util.Success.fold(Try.scala:271)
	at com.codacy.analysis.core.utils.FileHelper$.countLoc(FileHelper.scala:23)
	at com.codacy.analysis.cli.analysis.MetricsToolExecutor$.countLoc(MetricsToolExecutor.scala:99)
	at com.codacy.analysis.cli.analysis.MetricsToolExecutor$.$anonfun$countMissingLoc$1(MetricsToolExecutor.scala:86)
	at scala.collection.TraversableLike.$anonfun$map$1(TraversableLike.scala:286)
	at scala.collection.immutable.HashSet$HashSet1.foreach(HashSet.scala:335)
	at scala.collection.immutable.HashSet$HashTrieSet.foreach(HashSet.scala:1111)
	at scala.collection.immutable.HashSet$HashTrieSet.foreach(HashSet.scala:1111)
	at scala.collection.TraversableLike.map(TraversableLike.scala:286)
	at scala.collection.TraversableLike.map$(TraversableLike.scala:279)
	at scala.collection.AbstractSet.scala$collection$SetLike$$super$map(Set.scala:53)
	at scala.collection.SetLike.map(SetLike.scala:105)
	at scala.collection.SetLike.map$(SetLike.scala:105)
	at scala.collection.AbstractSet.map(Set.scala:53)
	at com.codacy.analysis.cli.analysis.MetricsToolExecutor$.countMissingLoc(MetricsToolExecutor.scala:79)
	at com.codacy.analysis.cli.analysis.MetricsToolExecutor$.$anonfun$calculateMissingFileMetrics$5(MetricsToolExecutor.scala:70)
	at scala.collection.TraversableOnce$folder$1.apply(TraversableOnce.scala:196)
	at scala.collection.TraversableOnce$folder$1.apply(TraversableOnce.scala:194)
	at scala.collection.Iterator.foreach(Iterator.scala:943)
	at scala.collection.Iterator.foreach$(Iterator.scala:943)
	at scala.collection.AbstractIterator.foreach(Iterator.scala:1431)
	at scala.collection.IterableLike.foreach(IterableLike.scala:74)
	at scala.collection.IterableLike.foreach$(IterableLike.scala:73)
	at scala.collection.AbstractIterable.foreach(Iterable.scala:56)
	at scala.collection.TraversableOnce.foldLeft(TraversableOnce.scala:199)
	at scala.collection.TraversableOnce.foldLeft$(TraversableOnce.scala:192)
	at scala.collection.AbstractTraversable.foldLeft(Traversable.scala:108)
	at com.codacy.analysis.cli.analysis.MetricsToolExecutor$.calculateMissingFileMetrics(MetricsToolExecutor.scala:65)
	at com.codacy.analysis.cli.analysis.AnalyseExecutor.$anonfun$postProcess$3(AnalyseExecutor.scala:119)
	at scala.Function1.$anonfun$andThen$1(Function1.scala:57)
	at com.codacy.analysis.cli.analysis.AnalyseExecutor.$anonfun$postProcess$1(AnalyseExecutor.scala:121)
	at scala.util.Either.map(Either.scala:353)
	at com.codacy.analysis.cli.analysis.AnalyseExecutor.postProcess(AnalyseExecutor.scala:113)
	at com.codacy.analysis.cli.analysis.AnalyseExecutor.run(AnalyseExecutor.scala:108)
	at com.codacy.analysis.cli.command.AnalyseCommand.$anonfun$run$1(AnalyseCommand.scala:106)
	at scala.util.Either.flatMap(Either.scala:341)
	at com.codacy.analysis.cli.command.AnalyseCommand.run(AnalyseCommand.scala:105)
	at com.codacy.analysis.cli.MainImpl.runCommand(Main.scala:22)
	at com.codacy.analysis.cli.MainImpl.run(Main.scala:17)
	at com.codacy.analysis.cli.command.CLIApp.run(CLIApp.scala:21)
	at com.codacy.analysis.cli.command.CLIApp.run(CLIApp.scala:17)
	at com.codacy.analysis.cli.command.CommandAppWithBaseCommand.$anonfun$main$1(CommandAppWithBaseCommand.scala:103)
	at com.codacy.analysis.cli.command.CommandAppWithBaseCommand.$anonfun$main$1$adapted(CommandAppWithBaseCommand.scala:88)
	at scala.Option.foreach(Option.scala:407)
	at com.codacy.analysis.cli.command.CommandAppWithBaseCommand.main(CommandAppWithBaseCommand.scala:88)
	at com.codacy.analysis.cli.Main.main(Main.scala)
Caused by: java.nio.charset.MalformedInputException: Input length = 2
	at java.nio.charset.CoderResult.throwException(CoderResult.java:281)
	at sun.nio.cs.StreamDecoder.implRead(StreamDecoder.java:339)
	at sun.nio.cs.StreamDecoder.read(StreamDecoder.java:178)
	at java.io.InputStreamReader.read(InputStreamReader.java:184)
	at java.io.BufferedReader.fill(BufferedReader.java:161)
	at java.io.BufferedReader.readLine(BufferedReader.java:324)
	at java.io.BufferedReader.readLine(BufferedReader.java:389)
	at java.io.BufferedReader$1.hasNext(BufferedReader.java:571)
	... 58 common frames omitted
01/23 10:34:27 [1;31mERROR[0;39m [36mc.c.a.core.utils.FileHelper:20[0;39m - Failed to read file /home/crossman/projects/python-email/static/css/modern-ui.css 
java.io.UncheckedIOException: java.nio.charset.MalformedInputException: Input length = 2
	at java.io.BufferedReader$1.hasNext(BufferedReader.java:574)
	at java.util.Spliterators$IteratorSpliterator.tryAdvance(Spliterators.java:1811)
	at java.util.Spliterators$1Adapter.hasNext(Spliterators.java:681)
	at scala.collection.convert.Wrappers$JIteratorWrapper.hasNext(Wrappers.scala:45)
	at better.files.Dispose$FlatMap$Implicits$traversableFlatMap$.$anonfun$apply$3(Dispose.scala:166)
	at better.files.Implicits$IteratorExtensions$$anon$1.hasNext(Implicits.scala:57)
	at scala.collection.Iterator.foreach(Iterator.scala:943)
	at scala.collection.Iterator.foreach$(Iterator.scala:943)
	at better.files.Implicits$IteratorExtensions$$anon$1.foreach(Implicits.scala:56)
	at scala.collection.TraversableOnce.foldLeft(TraversableOnce.scala:199)
	at scala.collection.TraversableOnce.foldLeft$(TraversableOnce.scala:192)
	at better.files.Implicits$IteratorExtensions$$anon$1.foldLeft(Implicits.scala:56)
	at com.codacy.analysis.core.utils.FileHelper$.$anonfun$countLoc$3(FileHelper.scala:24)
	at scala.util.Success.fold(Try.scala:271)
	at com.codacy.analysis.core.utils.FileHelper$.countLoc(FileHelper.scala:23)
	at com.codacy.analysis.cli.analysis.MetricsToolExecutor$.countLoc(MetricsToolExecutor.scala:99)
	at com.codacy.analysis.cli.analysis.MetricsToolExecutor$.$anonfun$countMissingLoc$1(MetricsToolExecutor.scala:86)
	at scala.collection.TraversableLike.$anonfun$map$1(TraversableLike.scala:286)
	at scala.collection.immutable.HashSet$HashSet1.foreach(HashSet.scala:335)
	at scala.collection.TraversableLike.map(TraversableLike.scala:286)
	at scala.collection.TraversableLike.map$(TraversableLike.scala:279)
	at scala.collection.AbstractSet.scala$collection$SetLike$$super$map(Set.scala:53)
	at scala.collection.SetLike.map(SetLike.scala:105)
	at scala.collection.SetLike.map$(SetLike.scala:105)
	at scala.collection.AbstractSet.map(Set.scala:53)
	at com.codacy.analysis.cli.analysis.MetricsToolExecutor$.countMissingLoc(MetricsToolExecutor.scala:79)
	at com.codacy.analysis.cli.analysis.MetricsToolExecutor$.$anonfun$calculateMissingFileMetrics$5(MetricsToolExecutor.scala:70)
	at scala.collection.TraversableOnce$folder$1.apply(TraversableOnce.scala:196)
	at scala.collection.TraversableOnce$folder$1.apply(TraversableOnce.scala:194)
	at scala.collection.Iterator.foreach(Iterator.scala:943)
	at scala.collection.Iterator.foreach$(Iterator.scala:943)
	at scala.collection.AbstractIterator.foreach(Iterator.scala:1431)
	at scala.collection.IterableLike.foreach(IterableLike.scala:74)
	at scala.collection.IterableLike.foreach$(IterableLike.scala:73)
	at scala.collection.AbstractIterable.foreach(Iterable.scala:56)
	at scala.collection.TraversableOnce.foldLeft(TraversableOnce.scala:199)
	at scala.collection.TraversableOnce.foldLeft$(TraversableOnce.scala:192)
	at scala.collection.AbstractTraversable.foldLeft(Traversable.scala:108)
	at com.codacy.analysis.cli.analysis.MetricsToolExecutor$.calculateMissingFileMetrics(MetricsToolExecutor.scala:65)
	at com.codacy.analysis.cli.analysis.AnalyseExecutor.$anonfun$postProcess$3(AnalyseExecutor.scala:119)
	at scala.Function1.$anonfun$andThen$1(Function1.scala:57)
	at com.codacy.analysis.cli.analysis.AnalyseExecutor.$anonfun$postProcess$1(AnalyseExecutor.scala:121)
	at scala.util.Either.map(Either.scala:353)
	at com.codacy.analysis.cli.analysis.AnalyseExecutor.postProcess(AnalyseExecutor.scala:113)
	at com.codacy.analysis.cli.analysis.AnalyseExecutor.run(AnalyseExecutor.scala:108)
	at com.codacy.analysis.cli.command.AnalyseCommand.$anonfun$run$1(AnalyseCommand.scala:106)
	at scala.util.Either.flatMap(Either.scala:341)
	at com.codacy.analysis.cli.command.AnalyseCommand.run(AnalyseCommand.scala:105)
	at com.codacy.analysis.cli.MainImpl.runCommand(Main.scala:22)
	at com.codacy.analysis.cli.MainImpl.run(Main.scala:17)
	at com.codacy.analysis.cli.command.CLIApp.run(CLIApp.scala:21)
	at com.codacy.analysis.cli.command.CLIApp.run(CLIApp.scala:17)
	at com.codacy.analysis.cli.command.CommandAppWithBaseCommand.$anonfun$main$1(CommandAppWithBaseCommand.scala:103)
	at com.codacy.analysis.cli.command.CommandAppWithBaseCommand.$anonfun$main$1$adapted(CommandAppWithBaseCommand.scala:88)
	at scala.Option.foreach(Option.scala:407)
	at com.codacy.analysis.cli.command.CommandAppWithBaseCommand.main(CommandAppWithBaseCommand.scala:88)
	at com.codacy.analysis.cli.Main.main(Main.scala)
Caused by: java.nio.charset.MalformedInputException: Input length = 2
	at java.nio.charset.CoderResult.throwException(CoderResult.java:281)
	at sun.nio.cs.StreamDecoder.implRead(StreamDecoder.java:339)
	at sun.nio.cs.StreamDecoder.read(StreamDecoder.java:178)
	at java.io.InputStreamReader.read(InputStreamReader.java:184)
	at java.io.BufferedReader.fill(BufferedReader.java:161)
	at java.io.BufferedReader.readLine(BufferedReader.java:324)
	at java.io.BufferedReader.readLine(BufferedReader.java:389)
	at java.io.BufferedReader$1.hasNext(BufferedReader.java:571)
	... 56 common frames omitted
01/23 10:34:27 [1;31mERROR[0;39m [36mc.c.a.core.utils.FileHelper:20[0;39m - Failed to read file /home/crossman/projects/python-email/src/docs/doc_generator.py 
java.io.UncheckedIOException: java.nio.charset.MalformedInputException: Input length = 2
	at java.io.BufferedReader$1.hasNext(BufferedReader.java:574)
	at java.util.Spliterators$IteratorSpliterator.tryAdvance(Spliterators.java:1811)
	at java.util.Spliterators$1Adapter.hasNext(Spliterators.java:681)
	at scala.collection.convert.Wrappers$JIteratorWrapper.hasNext(Wrappers.scala:45)
	at better.files.Dispose$FlatMap$Implicits$traversableFlatMap$.$anonfun$apply$3(Dispose.scala:166)
	at better.files.Implicits$IteratorExtensions$$anon$1.hasNext(Implicits.scala:57)
	at scala.collection.Iterator.foreach(Iterator.scala:943)
	at scala.collection.Iterator.foreach$(Iterator.scala:943)
	at better.files.Implicits$IteratorExtensions$$anon$1.foreach(Implicits.scala:56)
	at scala.collection.TraversableOnce.foldLeft(TraversableOnce.scala:199)
	at scala.collection.TraversableOnce.foldLeft$(TraversableOnce.scala:192)
	at better.files.Implicits$IteratorExtensions$$anon$1.foldLeft(Implicits.scala:56)
	at com.codacy.analysis.core.utils.FileHelper$.$anonfun$countLoc$3(FileHelper.scala:24)
	at scala.util.Success.fold(Try.scala:271)
	at com.codacy.analysis.core.utils.FileHelper$.countLoc(FileHelper.scala:23)
	at com.codacy.analysis.cli.analysis.MetricsToolExecutor$.countLoc(MetricsToolExecutor.scala:99)
	at com.codacy.analysis.cli.analysis.MetricsToolExecutor$.$anonfun$countMissingLoc$1(MetricsToolExecutor.scala:86)
	at scala.collection.TraversableLike.$anonfun$map$1(TraversableLike.scala:286)
	at scala.collection.immutable.HashSet$HashSet1.foreach(HashSet.scala:335)
	at scala.collection.immutable.HashSet$HashTrieSet.foreach(HashSet.scala:1111)
	at scala.collection.immutable.HashSet$HashTrieSet.foreach(HashSet.scala:1111)
	at scala.collection.TraversableLike.map(TraversableLike.scala:286)
	at scala.collection.TraversableLike.map$(TraversableLike.scala:279)
	at scala.collection.AbstractSet.scala$collection$SetLike$$super$map(Set.scala:53)
	at scala.collection.SetLike.map(SetLike.scala:105)
	at scala.collection.SetLike.map$(SetLike.scala:105)
	at scala.collection.AbstractSet.map(Set.scala:53)
	at com.codacy.analysis.cli.analysis.MetricsToolExecutor$.countMissingLoc(MetricsToolExecutor.scala:79)
	at com.codacy.analysis.cli.analysis.MetricsToolExecutor$.$anonfun$calculateMissingFileMetrics$5(MetricsToolExecutor.scala:70)
	at scala.collection.TraversableOnce$folder$1.apply(TraversableOnce.scala:196)
	at scala.collection.TraversableOnce$folder$1.apply(TraversableOnce.scala:194)
	at scala.collection.Iterator.foreach(Iterator.scala:943)
	at scala.collection.Iterator.foreach$(Iterator.scala:943)
	at scala.collection.AbstractIterator.foreach(Iterator.scala:1431)
	at scala.collection.IterableLike.foreach(IterableLike.scala:74)
	at scala.collection.IterableLike.foreach$(IterableLike.scala:73)
	at scala.collection.AbstractIterable.foreach(Iterable.scala:56)
	at scala.collection.TraversableOnce.foldLeft(TraversableOnce.scala:199)
	at scala.collection.TraversableOnce.foldLeft$(TraversableOnce.scala:192)
	at scala.collection.AbstractTraversable.foldLeft(Traversable.scala:108)
	at com.codacy.analysis.cli.analysis.MetricsToolExecutor$.calculateMissingFileMetrics(MetricsToolExecutor.scala:65)
	at com.codacy.analysis.cli.analysis.AnalyseExecutor.$anonfun$postProcess$3(AnalyseExecutor.scala:119)
	at scala.Function1.$anonfun$andThen$1(Function1.scala:57)
	at com.codacy.analysis.cli.analysis.AnalyseExecutor.$anonfun$postProcess$1(AnalyseExecutor.scala:121)
	at scala.util.Either.map(Either.scala:353)
	at com.codacy.analysis.cli.analysis.AnalyseExecutor.postProcess(AnalyseExecutor.scala:113)
	at com.codacy.analysis.cli.analysis.AnalyseExecutor.run(AnalyseExecutor.scala:108)
	at com.codacy.analysis.cli.command.AnalyseCommand.$anonfun$run$1(AnalyseCommand.scala:106)
	at scala.util.Either.flatMap(Either.scala:341)
	at com.codacy.analysis.cli.command.AnalyseCommand.run(AnalyseCommand.scala:105)
	at com.codacy.analysis.cli.MainImpl.runCommand(Main.scala:22)
	at com.codacy.analysis.cli.MainImpl.run(Main.scala:17)
	at com.codacy.analysis.cli.command.CLIApp.run(CLIApp.scala:21)
	at com.codacy.analysis.cli.command.CLIApp.run(CLIApp.scala:17)
	at com.codacy.analysis.cli.command.CommandAppWithBaseCommand.$anonfun$main$1(CommandAppWithBaseCommand.scala:103)
	at com.codacy.analysis.cli.command.CommandAppWithBaseCommand.$anonfun$main$1$adapted(CommandAppWithBaseCommand.scala:88)
	at scala.Option.foreach(Option.scala:407)
	at com.codacy.analysis.cli.command.CommandAppWithBaseCommand.main(CommandAppWithBaseCommand.scala:88)
	at com.codacy.analysis.cli.Main.main(Main.scala)
Caused by: java.nio.charset.MalformedInputException: Input length = 2
	at java.nio.charset.CoderResult.throwException(CoderResult.java:281)
	at sun.nio.cs.StreamDecoder.implRead(StreamDecoder.java:339)
	at sun.nio.cs.StreamDecoder.read(StreamDecoder.java:178)
	at java.io.InputStreamReader.read(InputStreamReader.java:184)
	at java.io.BufferedReader.fill(BufferedReader.java:161)
	at java.io.BufferedReader.readLine(BufferedReader.java:324)
	at java.io.BufferedReader.readLine(BufferedReader.java:389)
	at java.io.BufferedReader$1.hasNext(BufferedReader.java:571)
	... 58 common frames omitted
01/23 10:34:27 [1;31mERROR[0;39m [36mc.c.a.core.utils.FileHelper:20[0;39m - Failed to read file /home/crossman/projects/python-email/src/evidence/additional_evidence_manager.py 
java.io.UncheckedIOException: java.nio.charset.MalformedInputException: Input length = 1
	at java.io.BufferedReader$1.hasNext(BufferedReader.java:574)
	at java.util.Spliterators$IteratorSpliterator.tryAdvance(Spliterators.java:1811)
	at java.util.Spliterators$1Adapter.hasNext(Spliterators.java:681)
	at scala.collection.convert.Wrappers$JIteratorWrapper.hasNext(Wrappers.scala:45)
	at better.files.Dispose$FlatMap$Implicits$traversableFlatMap$.$anonfun$apply$3(Dispose.scala:166)
	at better.files.Implicits$IteratorExtensions$$anon$1.hasNext(Implicits.scala:57)
	at scala.collection.Iterator.foreach(Iterator.scala:943)
	at scala.collection.Iterator.foreach$(Iterator.scala:943)
	at better.files.Implicits$IteratorExtensions$$anon$1.foreach(Implicits.scala:56)
	at scala.collection.TraversableOnce.foldLeft(TraversableOnce.scala:199)
	at scala.collection.TraversableOnce.foldLeft$(TraversableOnce.scala:192)
	at better.files.Implicits$IteratorExtensions$$anon$1.foldLeft(Implicits.scala:56)
	at com.codacy.analysis.core.utils.FileHelper$.$anonfun$countLoc$3(FileHelper.scala:24)
	at scala.util.Success.fold(Try.scala:271)
	at com.codacy.analysis.core.utils.FileHelper$.countLoc(FileHelper.scala:23)
	at com.codacy.analysis.cli.analysis.MetricsToolExecutor$.countLoc(MetricsToolExecutor.scala:99)
	at com.codacy.analysis.cli.analysis.MetricsToolExecutor$.$anonfun$countMissingLoc$1(MetricsToolExecutor.scala:86)
	at scala.collection.TraversableLike.$anonfun$map$1(TraversableLike.scala:286)
	at scala.collection.immutable.HashSet$HashSet1.foreach(HashSet.scala:335)
	at scala.collection.immutable.HashSet$HashTrieSet.foreach(HashSet.scala:1111)
	at scala.collection.immutable.HashSet$HashTrieSet.foreach(HashSet.scala:1111)
	at scala.collection.TraversableLike.map(TraversableLike.scala:286)
	at scala.collection.TraversableLike.map$(TraversableLike.scala:279)
	at scala.collection.AbstractSet.scala$collection$SetLike$$super$map(Set.scala:53)
	at scala.collection.SetLike.map(SetLike.scala:105)
	at scala.collection.SetLike.map$(SetLike.scala:105)
	at scala.collection.AbstractSet.map(Set.scala:53)
	at com.codacy.analysis.cli.analysis.MetricsToolExecutor$.countMissingLoc(MetricsToolExecutor.scala:79)
	at com.codacy.analysis.cli.analysis.MetricsToolExecutor$.$anonfun$calculateMissingFileMetrics$5(MetricsToolExecutor.scala:70)
	at scala.collection.TraversableOnce$folder$1.apply(TraversableOnce.scala:196)
	at scala.collection.TraversableOnce$folder$1.apply(TraversableOnce.scala:194)
	at scala.collection.Iterator.foreach(Iterator.scala:943)
	at scala.collection.Iterator.foreach$(Iterator.scala:943)
	at scala.collection.AbstractIterator.foreach(Iterator.scala:1431)
	at scala.collection.IterableLike.foreach(IterableLike.scala:74)
	at scala.collection.IterableLike.foreach$(IterableLike.scala:73)
	at scala.collection.AbstractIterable.foreach(Iterable.scala:56)
	at scala.collection.TraversableOnce.foldLeft(TraversableOnce.scala:199)
	at scala.collection.TraversableOnce.foldLeft$(TraversableOnce.scala:192)
	at scala.collection.AbstractTraversable.foldLeft(Traversable.scala:108)
	at com.codacy.analysis.cli.analysis.MetricsToolExecutor$.calculateMissingFileMetrics(MetricsToolExecutor.scala:65)
	at com.codacy.analysis.cli.analysis.AnalyseExecutor.$anonfun$postProcess$3(AnalyseExecutor.scala:119)
	at scala.Function1.$anonfun$andThen$1(Function1.scala:57)
	at com.codacy.analysis.cli.analysis.AnalyseExecutor.$anonfun$postProcess$1(AnalyseExecutor.scala:121)
	at scala.util.Either.map(Either.scala:353)
	at com.codacy.analysis.cli.analysis.AnalyseExecutor.postProcess(AnalyseExecutor.scala:113)
	at com.codacy.analysis.cli.analysis.AnalyseExecutor.run(AnalyseExecutor.scala:108)
	at com.codacy.analysis.cli.command.AnalyseCommand.$anonfun$run$1(AnalyseCommand.scala:106)
	at scala.util.Either.flatMap(Either.scala:341)
	at com.codacy.analysis.cli.command.AnalyseCommand.run(AnalyseCommand.scala:105)
	at com.codacy.analysis.cli.MainImpl.runCommand(Main.scala:22)
	at com.codacy.analysis.cli.MainImpl.run(Main.scala:17)
	at com.codacy.analysis.cli.command.CLIApp.run(CLIApp.scala:21)
	at com.codacy.analysis.cli.command.CLIApp.run(CLIApp.scala:17)
	at com.codacy.analysis.cli.command.CommandAppWithBaseCommand.$anonfun$main$1(CommandAppWithBaseCommand.scala:103)
	at com.codacy.analysis.cli.command.CommandAppWithBaseCommand.$anonfun$main$1$adapted(CommandAppWithBaseCommand.scala:88)
	at scala.Option.foreach(Option.scala:407)
	at com.codacy.analysis.cli.command.CommandAppWithBaseCommand.main(CommandAppWithBaseCommand.scala:88)
	at com.codacy.analysis.cli.Main.main(Main.scala)
Caused by: java.nio.charset.MalformedInputException: Input length = 1
	at java.nio.charset.CoderResult.throwException(CoderResult.java:281)
	at sun.nio.cs.StreamDecoder.implRead(StreamDecoder.java:339)
	at sun.nio.cs.StreamDecoder.read(StreamDecoder.java:178)
	at java.io.InputStreamReader.read(InputStreamReader.java:184)
	at java.io.BufferedReader.fill(BufferedReader.java:161)
	at java.io.BufferedReader.readLine(BufferedReader.java:324)
	at java.io.BufferedReader.readLine(BufferedReader.java:389)
	at java.io.BufferedReader$1.hasNext(BufferedReader.java:571)
	... 58 common frames omitted
01/23 10:34:27 [1;31mERROR[0;39m [36mc.c.a.core.utils.FileHelper:20[0;39m - Failed to read file /home/crossman/projects/python-email/src/docs/auto_updater.py 
java.io.UncheckedIOException: java.nio.charset.MalformedInputException: Input length = 1
	at java.io.BufferedReader$1.hasNext(BufferedReader.java:574)
	at java.util.Spliterators$IteratorSpliterator.tryAdvance(Spliterators.java:1811)
	at java.util.Spliterators$1Adapter.hasNext(Spliterators.java:681)
	at scala.collection.convert.Wrappers$JIteratorWrapper.hasNext(Wrappers.scala:45)
	at better.files.Dispose$FlatMap$Implicits$traversableFlatMap$.$anonfun$apply$3(Dispose.scala:166)
	at better.files.Implicits$IteratorExtensions$$anon$1.hasNext(Implicits.scala:57)
	at scala.collection.Iterator.foreach(Iterator.scala:943)
	at scala.collection.Iterator.foreach$(Iterator.scala:943)
	at better.files.Implicits$IteratorExtensions$$anon$1.foreach(Implicits.scala:56)
	at scala.collection.TraversableOnce.foldLeft(TraversableOnce.scala:199)
	at scala.collection.TraversableOnce.foldLeft$(TraversableOnce.scala:192)
	at better.files.Implicits$IteratorExtensions$$anon$1.foldLeft(Implicits.scala:56)
	at com.codacy.analysis.core.utils.FileHelper$.$anonfun$countLoc$3(FileHelper.scala:24)
	at scala.util.Success.fold(Try.scala:271)
	at com.codacy.analysis.core.utils.FileHelper$.countLoc(FileHelper.scala:23)
	at com.codacy.analysis.cli.analysis.MetricsToolExecutor$.countLoc(MetricsToolExecutor.scala:99)
	at com.codacy.analysis.cli.analysis.MetricsToolExecutor$.$anonfun$countMissingLoc$1(MetricsToolExecutor.scala:86)
	at scala.collection.TraversableLike.$anonfun$map$1(TraversableLike.scala:286)
	at scala.collection.immutable.HashSet$HashSet1.foreach(HashSet.scala:335)
	at scala.collection.immutable.HashSet$HashTrieSet.foreach(HashSet.scala:1111)
	at scala.collection.immutable.HashSet$HashTrieSet.foreach(HashSet.scala:1111)
	at scala.collection.TraversableLike.map(TraversableLike.scala:286)
	at scala.collection.TraversableLike.map$(TraversableLike.scala:279)
	at scala.collection.AbstractSet.scala$collection$SetLike$$super$map(Set.scala:53)
	at scala.collection.SetLike.map(SetLike.scala:105)
	at scala.collection.SetLike.map$(SetLike.scala:105)
	at scala.collection.AbstractSet.map(Set.scala:53)
	at com.codacy.analysis.cli.analysis.MetricsToolExecutor$.countMissingLoc(MetricsToolExecutor.scala:79)
	at com.codacy.analysis.cli.analysis.MetricsToolExecutor$.$anonfun$calculateMissingFileMetrics$5(MetricsToolExecutor.scala:70)
	at scala.collection.TraversableOnce$folder$1.apply(TraversableOnce.scala:196)
	at scala.collection.TraversableOnce$folder$1.apply(TraversableOnce.scala:194)
	at scala.collection.Iterator.foreach(Iterator.scala:943)
	at scala.collection.Iterator.foreach$(Iterator.scala:943)
	at scala.collection.AbstractIterator.foreach(Iterator.scala:1431)
	at scala.collection.IterableLike.foreach(IterableLike.scala:74)
	at scala.collection.IterableLike.foreach$(IterableLike.scala:73)
	at scala.collection.AbstractIterable.foreach(Iterable.scala:56)
	at scala.collection.TraversableOnce.foldLeft(TraversableOnce.scala:199)
	at scala.collection.TraversableOnce.foldLeft$(TraversableOnce.scala:192)
	at scala.collection.AbstractTraversable.foldLeft(Traversable.scala:108)
	at com.codacy.analysis.cli.analysis.MetricsToolExecutor$.calculateMissingFileMetrics(MetricsToolExecutor.scala:65)
	at com.codacy.analysis.cli.analysis.AnalyseExecutor.$anonfun$postProcess$3(AnalyseExecutor.scala:119)
	at scala.Function1.$anonfun$andThen$1(Function1.scala:57)
	at com.codacy.analysis.cli.analysis.AnalyseExecutor.$anonfun$postProcess$1(AnalyseExecutor.scala:121)
	at scala.util.Either.map(Either.scala:353)
	at com.codacy.analysis.cli.analysis.AnalyseExecutor.postProcess(AnalyseExecutor.scala:113)
	at com.codacy.analysis.cli.analysis.AnalyseExecutor.run(AnalyseExecutor.scala:108)
	at com.codacy.analysis.cli.command.AnalyseCommand.$anonfun$run$1(AnalyseCommand.scala:106)
	at scala.util.Either.flatMap(Either.scala:341)
	at com.codacy.analysis.cli.command.AnalyseCommand.run(AnalyseCommand.scala:105)
	at com.codacy.analysis.cli.MainImpl.runCommand(Main.scala:22)
	at com.codacy.analysis.cli.MainImpl.run(Main.scala:17)
	at com.codacy.analysis.cli.command.CLIApp.run(CLIApp.scala:21)
	at com.codacy.analysis.cli.command.CLIApp.run(CLIApp.scala:17)
	at com.codacy.analysis.cli.command.CommandAppWithBaseCommand.$anonfun$main$1(CommandAppWithBaseCommand.scala:103)
	at com.codacy.analysis.cli.command.CommandAppWithBaseCommand.$anonfun$main$1$adapted(CommandAppWithBaseCommand.scala:88)
	at scala.Option.foreach(Option.scala:407)
	at com.codacy.analysis.cli.command.CommandAppWithBaseCommand.main(CommandAppWithBaseCommand.scala:88)
	at com.codacy.analysis.cli.Main.main(Main.scala)
Caused by: java.nio.charset.MalformedInputException: Input length = 1
	at java.nio.charset.CoderResult.throwException(CoderResult.java:281)
	at sun.nio.cs.StreamDecoder.implRead(StreamDecoder.java:339)
	at sun.nio.cs.StreamDecoder.read(StreamDecoder.java:178)
	at java.io.InputStreamReader.read(InputStreamReader.java:184)
	at java.io.BufferedReader.fill(BufferedReader.java:161)
	at java.io.BufferedReader.readLine(BufferedReader.java:324)
	at java.io.BufferedReader.readLine(BufferedReader.java:389)
	at java.io.BufferedReader$1.hasNext(BufferedReader.java:571)
	... 58 common frames omitted
01/23 10:34:27 [1;31mERROR[0;39m [36mc.c.a.core.utils.FileHelper:20[0;39m - Failed to read file /home/crossman/projects/python-email/src/web/app.py 
java.io.UncheckedIOException: java.nio.charset.MalformedInputException: Input length = 2
	at java.io.BufferedReader$1.hasNext(BufferedReader.java:574)
	at java.util.Spliterators$IteratorSpliterator.tryAdvance(Spliterators.java:1811)
	at java.util.Spliterators$1Adapter.hasNext(Spliterators.java:681)
	at scala.collection.convert.Wrappers$JIteratorWrapper.hasNext(Wrappers.scala:45)
	at better.files.Dispose$FlatMap$Implicits$traversableFlatMap$.$anonfun$apply$3(Dispose.scala:166)
	at better.files.Implicits$IteratorExtensions$$anon$1.hasNext(Implicits.scala:57)
	at scala.collection.Iterator.foreach(Iterator.scala:943)
	at scala.collection.Iterator.foreach$(Iterator.scala:943)
	at better.files.Implicits$IteratorExtensions$$anon$1.foreach(Implicits.scala:56)
	at scala.collection.TraversableOnce.foldLeft(TraversableOnce.scala:199)
	at scala.collection.TraversableOnce.foldLeft$(TraversableOnce.scala:192)
	at better.files.Implicits$IteratorExtensions$$anon$1.foldLeft(Implicits.scala:56)
	at com.codacy.analysis.core.utils.FileHelper$.$anonfun$countLoc$3(FileHelper.scala:24)
	at scala.util.Success.fold(Try.scala:271)
	at com.codacy.analysis.core.utils.FileHelper$.countLoc(FileHelper.scala:23)
	at com.codacy.analysis.cli.analysis.MetricsToolExecutor$.countLoc(MetricsToolExecutor.scala:99)
	at com.codacy.analysis.cli.analysis.MetricsToolExecutor$.$anonfun$countMissingLoc$1(MetricsToolExecutor.scala:86)
	at scala.collection.TraversableLike.$anonfun$map$1(TraversableLike.scala:286)
	at scala.collection.immutable.HashSet$HashSet1.foreach(HashSet.scala:335)
	at scala.collection.immutable.HashSet$HashTrieSet.foreach(HashSet.scala:1111)
	at scala.collection.immutable.HashSet$HashTrieSet.foreach(HashSet.scala:1111)
	at scala.collection.TraversableLike.map(TraversableLike.scala:286)
	at scala.collection.TraversableLike.map$(TraversableLike.scala:279)
	at scala.collection.AbstractSet.scala$collection$SetLike$$super$map(Set.scala:53)
	at scala.collection.SetLike.map(SetLike.scala:105)
	at scala.collection.SetLike.map$(SetLike.scala:105)
	at scala.collection.AbstractSet.map(Set.scala:53)
	at com.codacy.analysis.cli.analysis.MetricsToolExecutor$.countMissingLoc(MetricsToolExecutor.scala:79)
	at com.codacy.analysis.cli.analysis.MetricsToolExecutor$.$anonfun$calculateMissingFileMetrics$5(MetricsToolExecutor.scala:70)
	at scala.collection.TraversableOnce$folder$1.apply(TraversableOnce.scala:196)
	at scala.collection.TraversableOnce$folder$1.apply(TraversableOnce.scala:194)
	at scala.collection.Iterator.foreach(Iterator.scala:943)
	at scala.collection.Iterator.foreach$(Iterator.scala:943)
	at scala.collection.AbstractIterator.foreach(Iterator.scala:1431)
	at scala.collection.IterableLike.foreach(IterableLike.scala:74)
	at scala.collection.IterableLike.foreach$(IterableLike.scala:73)
	at scala.collection.AbstractIterable.foreach(Iterable.scala:56)
	at scala.collection.TraversableOnce.foldLeft(TraversableOnce.scala:199)
	at scala.collection.TraversableOnce.foldLeft$(TraversableOnce.scala:192)
	at scala.collection.AbstractTraversable.foldLeft(Traversable.scala:108)
	at com.codacy.analysis.cli.analysis.MetricsToolExecutor$.calculateMissingFileMetrics(MetricsToolExecutor.scala:65)
	at com.codacy.analysis.cli.analysis.AnalyseExecutor.$anonfun$postProcess$3(AnalyseExecutor.scala:119)
	at scala.Function1.$anonfun$andThen$1(Function1.scala:57)
	at com.codacy.analysis.cli.analysis.AnalyseExecutor.$anonfun$postProcess$1(AnalyseExecutor.scala:121)
	at scala.util.Either.map(Either.scala:353)
	at com.codacy.analysis.cli.analysis.AnalyseExecutor.postProcess(AnalyseExecutor.scala:113)
	at com.codacy.analysis.cli.analysis.AnalyseExecutor.run(AnalyseExecutor.scala:108)
	at com.codacy.analysis.cli.command.AnalyseCommand.$anonfun$run$1(AnalyseCommand.scala:106)
	at scala.util.Either.flatMap(Either.scala:341)
	at com.codacy.analysis.cli.command.AnalyseCommand.run(AnalyseCommand.scala:105)
	at com.codacy.analysis.cli.MainImpl.runCommand(Main.scala:22)
	at com.codacy.analysis.cli.MainImpl.run(Main.scala:17)
	at com.codacy.analysis.cli.command.CLIApp.run(CLIApp.scala:21)
	at com.codacy.analysis.cli.command.CLIApp.run(CLIApp.scala:17)
	at com.codacy.analysis.cli.command.CommandAppWithBaseCommand.$anonfun$main$1(CommandAppWithBaseCommand.scala:103)
	at com.codacy.analysis.cli.command.CommandAppWithBaseCommand.$anonfun$main$1$adapted(CommandAppWithBaseCommand.scala:88)
	at scala.Option.foreach(Option.scala:407)
	at com.codacy.analysis.cli.command.CommandAppWithBaseCommand.main(CommandAppWithBaseCommand.scala:88)
	at com.codacy.analysis.cli.Main.main(Main.scala)
Caused by: java.nio.charset.MalformedInputException: Input length = 2
	at java.nio.charset.CoderResult.throwException(CoderResult.java:281)
	at sun.nio.cs.StreamDecoder.implRead(StreamDecoder.java:339)
	at sun.nio.cs.StreamDecoder.read(StreamDecoder.java:178)
	at java.io.InputStreamReader.read(InputStreamReader.java:184)
	at java.io.BufferedReader.fill(BufferedReader.java:161)
	at java.io.BufferedReader.readLine(BufferedReader.java:324)
	at java.io.BufferedReader.readLine(BufferedReader.java:389)
	at java.io.BufferedReader$1.hasNext(BufferedReader.java:571)
	... 58 common frames omitted
01/23 10:34:27 [1;31mERROR[0;39m [36mc.c.a.core.utils.FileHelper:20[0;39m - Failed to read file /home/crossman/projects/python-email/src/docs/doc_generator.py 
java.io.UncheckedIOException: java.nio.charset.MalformedInputException: Input length = 2
	at java.io.BufferedReader$1.hasNext(BufferedReader.java:574)
	at java.util.Spliterators$IteratorSpliterator.tryAdvance(Spliterators.java:1811)
	at java.util.Spliterators$1Adapter.hasNext(Spliterators.java:681)
	at scala.collection.convert.Wrappers$JIteratorWrapper.hasNext(Wrappers.scala:45)
	at better.files.Dispose$FlatMap$Implicits$traversableFlatMap$.$anonfun$apply$3(Dispose.scala:166)
	at better.files.Implicits$IteratorExtensions$$anon$1.hasNext(Implicits.scala:57)
	at scala.collection.Iterator.foreach(Iterator.scala:943)
	at scala.collection.Iterator.foreach$(Iterator.scala:943)
	at better.files.Implicits$IteratorExtensions$$anon$1.foreach(Implicits.scala:56)
	at scala.collection.TraversableOnce.foldLeft(TraversableOnce.scala:199)
	at scala.collection.TraversableOnce.foldLeft$(TraversableOnce.scala:192)
	at better.files.Implicits$IteratorExtensions$$anon$1.foldLeft(Implicits.scala:56)
	at com.codacy.analysis.core.utils.FileHelper$.$anonfun$countLoc$3(FileHelper.scala:24)
	at scala.util.Success.fold(Try.scala:271)
	at com.codacy.analysis.core.utils.FileHelper$.countLoc(FileHelper.scala:23)
	at com.codacy.analysis.cli.analysis.MetricsToolExecutor$.countLoc(MetricsToolExecutor.scala:99)
	at com.codacy.analysis.cli.analysis.MetricsToolExecutor$.$anonfun$countMissingLoc$1(MetricsToolExecutor.scala:86)
	at scala.collection.TraversableLike.$anonfun$map$1(TraversableLike.scala:286)
	at scala.collection.immutable.HashSet$HashSet1.foreach(HashSet.scala:335)
	at scala.collection.immutable.HashSet$HashTrieSet.foreach(HashSet.scala:1111)
	at scala.collection.immutable.HashSet$HashTrieSet.foreach(HashSet.scala:1111)
	at scala.collection.TraversableLike.map(TraversableLike.scala:286)
	at scala.collection.TraversableLike.map$(TraversableLike.scala:279)
	at scala.collection.AbstractSet.scala$collection$SetLike$$super$map(Set.scala:53)
	at scala.collection.SetLike.map(SetLike.scala:105)
	at scala.collection.SetLike.map$(SetLike.scala:105)
	at scala.collection.AbstractSet.map(Set.scala:53)
	at com.codacy.analysis.cli.analysis.MetricsToolExecutor$.countMissingLoc(MetricsToolExecutor.scala:79)
	at com.codacy.analysis.cli.analysis.MetricsToolExecutor$.$anonfun$calculateMissingFileMetrics$5(MetricsToolExecutor.scala:70)
	at scala.collection.TraversableOnce$folder$1.apply(TraversableOnce.scala:196)
	at scala.collection.TraversableOnce$folder$1.apply(TraversableOnce.scala:194)
	at scala.collection.Iterator.foreach(Iterator.scala:943)
	at scala.collection.Iterator.foreach$(Iterator.scala:943)
	at scala.collection.AbstractIterator.foreach(Iterator.scala:1431)
	at scala.collection.IterableLike.foreach(IterableLike.scala:74)
	at scala.collection.IterableLike.foreach$(IterableLike.scala:73)
	at scala.collection.AbstractIterable.foreach(Iterable.scala:56)
	at scala.collection.TraversableOnce.foldLeft(TraversableOnce.scala:199)
	at scala.collection.TraversableOnce.foldLeft$(TraversableOnce.scala:192)
	at scala.collection.AbstractTraversable.foldLeft(Traversable.scala:108)
	at com.codacy.analysis.cli.analysis.MetricsToolExecutor$.calculateMissingFileMetrics(MetricsToolExecutor.scala:65)
	at com.codacy.analysis.cli.analysis.AnalyseExecutor.$anonfun$postProcess$3(AnalyseExecutor.scala:119)
	at scala.Function1.$anonfun$andThen$1(Function1.scala:57)
	at com.codacy.analysis.cli.analysis.AnalyseExecutor.$anonfun$postProcess$1(AnalyseExecutor.scala:121)
	at scala.util.Either.map(Either.scala:353)
	at com.codacy.analysis.cli.analysis.AnalyseExecutor.postProcess(AnalyseExecutor.scala:113)
	at com.codacy.analysis.cli.analysis.AnalyseExecutor.run(AnalyseExecutor.scala:108)
	at com.codacy.analysis.cli.command.AnalyseCommand.$anonfun$run$1(AnalyseCommand.scala:106)
	at scala.util.Either.flatMap(Either.scala:341)
	at com.codacy.analysis.cli.command.AnalyseCommand.run(AnalyseCommand.scala:105)
	at com.codacy.analysis.cli.MainImpl.runCommand(Main.scala:22)
	at com.codacy.analysis.cli.MainImpl.run(Main.scala:17)
	at com.codacy.analysis.cli.command.CLIApp.run(CLIApp.scala:21)
	at com.codacy.analysis.cli.command.CLIApp.run(CLIApp.scala:17)
	at com.codacy.analysis.cli.command.CommandAppWithBaseCommand.$anonfun$main$1(CommandAppWithBaseCommand.scala:103)
	at com.codacy.analysis.cli.command.CommandAppWithBaseCommand.$anonfun$main$1$adapted(CommandAppWithBaseCommand.scala:88)
	at scala.Option.foreach(Option.scala:407)
	at com.codacy.analysis.cli.command.CommandAppWithBaseCommand.main(CommandAppWithBaseCommand.scala:88)
	at com.codacy.analysis.cli.Main.main(Main.scala)
Caused by: java.nio.charset.MalformedInputException: Input length = 2
	at java.nio.charset.CoderResult.throwException(CoderResult.java:281)
	at sun.nio.cs.StreamDecoder.implRead(StreamDecoder.java:339)
	at sun.nio.cs.StreamDecoder.read(StreamDecoder.java:178)
	at java.io.InputStreamReader.read(InputStreamReader.java:184)
	at java.io.BufferedReader.fill(BufferedReader.java:161)
	at java.io.BufferedReader.readLine(BufferedReader.java:324)
	at java.io.BufferedReader.readLine(BufferedReader.java:389)
	at java.io.BufferedReader$1.hasNext(BufferedReader.java:571)
	... 58 common frames omitted
01/23 10:34:27 [1;31mERROR[0;39m [36mc.c.a.core.utils.FileHelper:20[0;39m - Failed to read file /home/crossman/projects/python-email/src/evidence/additional_evidence_manager.py 
java.io.UncheckedIOException: java.nio.charset.MalformedInputException: Input length = 1
	at java.io.BufferedReader$1.hasNext(BufferedReader.java:574)
	at java.util.Spliterators$IteratorSpliterator.tryAdvance(Spliterators.java:1811)
	at java.util.Spliterators$1Adapter.hasNext(Spliterators.java:681)
	at scala.collection.convert.Wrappers$JIteratorWrapper.hasNext(Wrappers.scala:45)
	at better.files.Dispose$FlatMap$Implicits$traversableFlatMap$.$anonfun$apply$3(Dispose.scala:166)
	at better.files.Implicits$IteratorExtensions$$anon$1.hasNext(Implicits.scala:57)
	at scala.collection.Iterator.foreach(Iterator.scala:943)
	at scala.collection.Iterator.foreach$(Iterator.scala:943)
	at better.files.Implicits$IteratorExtensions$$anon$1.foreach(Implicits.scala:56)
	at scala.collection.TraversableOnce.foldLeft(TraversableOnce.scala:199)
	at scala.collection.TraversableOnce.foldLeft$(TraversableOnce.scala:192)
	at better.files.Implicits$IteratorExtensions$$anon$1.foldLeft(Implicits.scala:56)
	at com.codacy.analysis.core.utils.FileHelper$.$anonfun$countLoc$3(FileHelper.scala:24)
	at scala.util.Success.fold(Try.scala:271)
	at com.codacy.analysis.core.utils.FileHelper$.countLoc(FileHelper.scala:23)
	at com.codacy.analysis.cli.analysis.MetricsToolExecutor$.countLoc(MetricsToolExecutor.scala:99)
	at com.codacy.analysis.cli.analysis.MetricsToolExecutor$.$anonfun$countMissingLoc$1(MetricsToolExecutor.scala:86)
	at scala.collection.TraversableLike.$anonfun$map$1(TraversableLike.scala:286)
	at scala.collection.immutable.HashSet$HashSet1.foreach(HashSet.scala:335)
	at scala.collection.immutable.HashSet$HashTrieSet.foreach(HashSet.scala:1111)
	at scala.collection.immutable.HashSet$HashTrieSet.foreach(HashSet.scala:1111)
	at scala.collection.TraversableLike.map(TraversableLike.scala:286)
	at scala.collection.TraversableLike.map$(TraversableLike.scala:279)
	at scala.collection.AbstractSet.scala$collection$SetLike$$super$map(Set.scala:53)
	at scala.collection.SetLike.map(SetLike.scala:105)
	at scala.collection.SetLike.map$(SetLike.scala:105)
	at scala.collection.AbstractSet.map(Set.scala:53)
	at com.codacy.analysis.cli.analysis.MetricsToolExecutor$.countMissingLoc(MetricsToolExecutor.scala:79)
	at com.codacy.analysis.cli.analysis.MetricsToolExecutor$.$anonfun$calculateMissingFileMetrics$5(MetricsToolExecutor.scala:70)
	at scala.collection.TraversableOnce$folder$1.apply(TraversableOnce.scala:196)
	at scala.collection.TraversableOnce$folder$1.apply(TraversableOnce.scala:194)
	at scala.collection.Iterator.foreach(Iterator.scala:943)
	at scala.collection.Iterator.foreach$(Iterator.scala:943)
	at scala.collection.AbstractIterator.foreach(Iterator.scala:1431)
	at scala.collection.IterableLike.foreach(IterableLike.scala:74)
	at scala.collection.IterableLike.foreach$(IterableLike.scala:73)
	at scala.collection.AbstractIterable.foreach(Iterable.scala:56)
	at scala.collection.TraversableOnce.foldLeft(TraversableOnce.scala:199)
	at scala.collection.TraversableOnce.foldLeft$(TraversableOnce.scala:192)
	at scala.collection.AbstractTraversable.foldLeft(Traversable.scala:108)
	at com.codacy.analysis.cli.analysis.MetricsToolExecutor$.calculateMissingFileMetrics(MetricsToolExecutor.scala:65)
	at com.codacy.analysis.cli.analysis.AnalyseExecutor.$anonfun$postProcess$3(AnalyseExecutor.scala:119)
	at scala.Function1.$anonfun$andThen$1(Function1.scala:57)
	at com.codacy.analysis.cli.analysis.AnalyseExecutor.$anonfun$postProcess$1(AnalyseExecutor.scala:121)
	at scala.util.Either.map(Either.scala:353)
	at com.codacy.analysis.cli.analysis.AnalyseExecutor.postProcess(AnalyseExecutor.scala:113)
	at com.codacy.analysis.cli.analysis.AnalyseExecutor.run(AnalyseExecutor.scala:108)
	at com.codacy.analysis.cli.command.AnalyseCommand.$anonfun$run$1(AnalyseCommand.scala:106)
	at scala.util.Either.flatMap(Either.scala:341)
	at com.codacy.analysis.cli.command.AnalyseCommand.run(AnalyseCommand.scala:105)
	at com.codacy.analysis.cli.MainImpl.runCommand(Main.scala:22)
	at com.codacy.analysis.cli.MainImpl.run(Main.scala:17)
	at com.codacy.analysis.cli.command.CLIApp.run(CLIApp.scala:21)
	at com.codacy.analysis.cli.command.CLIApp.run(CLIApp.scala:17)
	at com.codacy.analysis.cli.command.CommandAppWithBaseCommand.$anonfun$main$1(CommandAppWithBaseCommand.scala:103)
	at com.codacy.analysis.cli.command.CommandAppWithBaseCommand.$anonfun$main$1$adapted(CommandAppWithBaseCommand.scala:88)
	at scala.Option.foreach(Option.scala:407)
	at com.codacy.analysis.cli.command.CommandAppWithBaseCommand.main(CommandAppWithBaseCommand.scala:88)
	at com.codacy.analysis.cli.Main.main(Main.scala)
Caused by: java.nio.charset.MalformedInputException: Input length = 1
	at java.nio.charset.CoderResult.throwException(CoderResult.java:281)
	at sun.nio.cs.StreamDecoder.implRead(StreamDecoder.java:339)
	at sun.nio.cs.StreamDecoder.read(StreamDecoder.java:178)
	at java.io.InputStreamReader.read(InputStreamReader.java:184)
	at java.io.BufferedReader.fill(BufferedReader.java:161)
	at java.io.BufferedReader.readLine(BufferedReader.java:324)
	at java.io.BufferedReader.readLine(BufferedReader.java:389)
	at java.io.BufferedReader$1.hasNext(BufferedReader.java:571)
	... 58 common frames omitted
01/23 10:34:27 [1;31mERROR[0;39m [36mc.c.a.core.utils.FileHelper:20[0;39m - Failed to read file /home/crossman/projects/python-email/src/docs/auto_updater.py 
java.io.UncheckedIOException: java.nio.charset.MalformedInputException: Input length = 1
	at java.io.BufferedReader$1.hasNext(BufferedReader.java:574)
	at java.util.Spliterators$IteratorSpliterator.tryAdvance(Spliterators.java:1811)
	at java.util.Spliterators$1Adapter.hasNext(Spliterators.java:681)
	at scala.collection.convert.Wrappers$JIteratorWrapper.hasNext(Wrappers.scala:45)
	at better.files.Dispose$FlatMap$Implicits$traversableFlatMap$.$anonfun$apply$3(Dispose.scala:166)
	at better.files.Implicits$IteratorExtensions$$anon$1.hasNext(Implicits.scala:57)
	at scala.collection.Iterator.foreach(Iterator.scala:943)
	at scala.collection.Iterator.foreach$(Iterator.scala:943)
	at better.files.Implicits$IteratorExtensions$$anon$1.foreach(Implicits.scala:56)
	at scala.collection.TraversableOnce.foldLeft(TraversableOnce.scala:199)
	at scala.collection.TraversableOnce.foldLeft$(TraversableOnce.scala:192)
	at better.files.Implicits$IteratorExtensions$$anon$1.foldLeft(Implicits.scala:56)
	at com.codacy.analysis.core.utils.FileHelper$.$anonfun$countLoc$3(FileHelper.scala:24)
	at scala.util.Success.fold(Try.scala:271)
	at com.codacy.analysis.core.utils.FileHelper$.countLoc(FileHelper.scala:23)
	at com.codacy.analysis.cli.analysis.MetricsToolExecutor$.countLoc(MetricsToolExecutor.scala:99)
	at com.codacy.analysis.cli.analysis.MetricsToolExecutor$.$anonfun$countMissingLoc$1(MetricsToolExecutor.scala:86)
	at scala.collection.TraversableLike.$anonfun$map$1(TraversableLike.scala:286)
	at scala.collection.immutable.HashSet$HashSet1.foreach(HashSet.scala:335)
	at scala.collection.immutable.HashSet$HashTrieSet.foreach(HashSet.scala:1111)
	at scala.collection.immutable.HashSet$HashTrieSet.foreach(HashSet.scala:1111)
	at scala.collection.TraversableLike.map(TraversableLike.scala:286)
	at scala.collection.TraversableLike.map$(TraversableLike.scala:279)
	at scala.collection.AbstractSet.scala$collection$SetLike$$super$map(Set.scala:53)
	at scala.collection.SetLike.map(SetLike.scala:105)
	at scala.collection.SetLike.map$(SetLike.scala:105)
	at scala.collection.AbstractSet.map(Set.scala:53)
	at com.codacy.analysis.cli.analysis.MetricsToolExecutor$.countMissingLoc(MetricsToolExecutor.scala:79)
	at com.codacy.analysis.cli.analysis.MetricsToolExecutor$.$anonfun$calculateMissingFileMetrics$5(MetricsToolExecutor.scala:70)
	at scala.collection.TraversableOnce$folder$1.apply(TraversableOnce.scala:196)
	at scala.collection.TraversableOnce$folder$1.apply(TraversableOnce.scala:194)
	at scala.collection.Iterator.foreach(Iterator.scala:943)
	at scala.collection.Iterator.foreach$(Iterator.scala:943)
	at scala.collection.AbstractIterator.foreach(Iterator.scala:1431)
	at scala.collection.IterableLike.foreach(IterableLike.scala:74)
	at scala.collection.IterableLike.foreach$(IterableLike.scala:73)
	at scala.collection.AbstractIterable.foreach(Iterable.scala:56)
	at scala.collection.TraversableOnce.foldLeft(TraversableOnce.scala:199)
	at scala.collection.TraversableOnce.foldLeft$(TraversableOnce.scala:192)
	at scala.collection.AbstractTraversable.foldLeft(Traversable.scala:108)
	at com.codacy.analysis.cli.analysis.MetricsToolExecutor$.calculateMissingFileMetrics(MetricsToolExecutor.scala:65)
	at com.codacy.analysis.cli.analysis.AnalyseExecutor.$anonfun$postProcess$3(AnalyseExecutor.scala:119)
	at scala.Function1.$anonfun$andThen$1(Function1.scala:57)
	at com.codacy.analysis.cli.analysis.AnalyseExecutor.$anonfun$postProcess$1(AnalyseExecutor.scala:121)
	at scala.util.Either.map(Either.scala:353)
	at com.codacy.analysis.cli.analysis.AnalyseExecutor.postProcess(AnalyseExecutor.scala:113)
	at com.codacy.analysis.cli.analysis.AnalyseExecutor.run(AnalyseExecutor.scala:108)
	at com.codacy.analysis.cli.command.AnalyseCommand.$anonfun$run$1(AnalyseCommand.scala:106)
	at scala.util.Either.flatMap(Either.scala:341)
	at com.codacy.analysis.cli.command.AnalyseCommand.run(AnalyseCommand.scala:105)
	at com.codacy.analysis.cli.MainImpl.runCommand(Main.scala:22)
	at com.codacy.analysis.cli.MainImpl.run(Main.scala:17)
	at com.codacy.analysis.cli.command.CLIApp.run(CLIApp.scala:21)
	at com.codacy.analysis.cli.command.CLIApp.run(CLIApp.scala:17)
	at com.codacy.analysis.cli.command.CommandAppWithBaseCommand.$anonfun$main$1(CommandAppWithBaseCommand.scala:103)
	at com.codacy.analysis.cli.command.CommandAppWithBaseCommand.$anonfun$main$1$adapted(CommandAppWithBaseCommand.scala:88)
	at scala.Option.foreach(Option.scala:407)
	at com.codacy.analysis.cli.command.CommandAppWithBaseCommand.main(CommandAppWithBaseCommand.scala:88)
	at com.codacy.analysis.cli.Main.main(Main.scala)
Caused by: java.nio.charset.MalformedInputException: Input length = 1
	at java.nio.charset.CoderResult.throwException(CoderResult.java:281)
	at sun.nio.cs.StreamDecoder.implRead(StreamDecoder.java:339)
	at sun.nio.cs.StreamDecoder.read(StreamDecoder.java:178)
	at java.io.InputStreamReader.read(InputStreamReader.java:184)
	at java.io.BufferedReader.fill(BufferedReader.java:161)
	at java.io.BufferedReader.readLine(BufferedReader.java:324)
	at java.io.BufferedReader.readLine(BufferedReader.java:389)
	at java.io.BufferedReader$1.hasNext(BufferedReader.java:571)
	... 58 common frames omitted
01/23 10:34:27 [1;31mERROR[0;39m [36mc.c.a.core.utils.FileHelper:20[0;39m - Failed to read file /home/crossman/projects/python-email/src/web/app.py 
java.io.UncheckedIOException: java.nio.charset.MalformedInputException: Input length = 2
	at java.io.BufferedReader$1.hasNext(BufferedReader.java:574)
	at java.util.Spliterators$IteratorSpliterator.tryAdvance(Spliterators.java:1811)
	at java.util.Spliterators$1Adapter.hasNext(Spliterators.java:681)
	at scala.collection.convert.Wrappers$JIteratorWrapper.hasNext(Wrappers.scala:45)
	at better.files.Dispose$FlatMap$Implicits$traversableFlatMap$.$anonfun$apply$3(Dispose.scala:166)
	at better.files.Implicits$IteratorExtensions$$anon$1.hasNext(Implicits.scala:57)
	at scala.collection.Iterator.foreach(Iterator.scala:943)
	at scala.collection.Iterator.foreach$(Iterator.scala:943)
	at better.files.Implicits$IteratorExtensions$$anon$1.foreach(Implicits.scala:56)
	at scala.collection.TraversableOnce.foldLeft(TraversableOnce.scala:199)
	at scala.collection.TraversableOnce.foldLeft$(TraversableOnce.scala:192)
	at better.files.Implicits$IteratorExtensions$$anon$1.foldLeft(Implicits.scala:56)
	at com.codacy.analysis.core.utils.FileHelper$.$anonfun$countLoc$3(FileHelper.scala:24)
	at scala.util.Success.fold(Try.scala:271)
	at com.codacy.analysis.core.utils.FileHelper$.countLoc(FileHelper.scala:23)
	at com.codacy.analysis.cli.analysis.MetricsToolExecutor$.countLoc(MetricsToolExecutor.scala:99)
	at com.codacy.analysis.cli.analysis.MetricsToolExecutor$.$anonfun$countMissingLoc$1(MetricsToolExecutor.scala:86)
	at scala.collection.TraversableLike.$anonfun$map$1(TraversableLike.scala:286)
	at scala.collection.immutable.HashSet$HashSet1.foreach(HashSet.scala:335)
	at scala.collection.immutable.HashSet$HashTrieSet.foreach(HashSet.scala:1111)
	at scala.collection.immutable.HashSet$HashTrieSet.foreach(HashSet.scala:1111)
	at scala.collection.TraversableLike.map(TraversableLike.scala:286)
	at scala.collection.TraversableLike.map$(TraversableLike.scala:279)
	at scala.collection.AbstractSet.scala$collection$SetLike$$super$map(Set.scala:53)
	at scala.collection.SetLike.map(SetLike.scala:105)
	at scala.collection.SetLike.map$(SetLike.scala:105)
	at scala.collection.AbstractSet.map(Set.scala:53)
	at com.codacy.analysis.cli.analysis.MetricsToolExecutor$.countMissingLoc(MetricsToolExecutor.scala:79)
	at com.codacy.analysis.cli.analysis.MetricsToolExecutor$.$anonfun$calculateMissingFileMetrics$5(MetricsToolExecutor.scala:70)
	at scala.collection.TraversableOnce$folder$1.apply(TraversableOnce.scala:196)
	at scala.collection.TraversableOnce$folder$1.apply(TraversableOnce.scala:194)
	at scala.collection.Iterator.foreach(Iterator.scala:943)
	at scala.collection.Iterator.foreach$(Iterator.scala:943)
	at scala.collection.AbstractIterator.foreach(Iterator.scala:1431)
	at scala.collection.IterableLike.foreach(IterableLike.scala:74)
	at scala.collection.IterableLike.foreach$(IterableLike.scala:73)
	at scala.collection.AbstractIterable.foreach(Iterable.scala:56)
	at scala.collection.TraversableOnce.foldLeft(TraversableOnce.scala:199)
	at scala.collection.TraversableOnce.foldLeft$(TraversableOnce.scala:192)
	at scala.collection.AbstractTraversable.foldLeft(Traversable.scala:108)
	at com.codacy.analysis.cli.analysis.MetricsToolExecutor$.calculateMissingFileMetrics(MetricsToolExecutor.scala:65)
	at com.codacy.analysis.cli.analysis.AnalyseExecutor.$anonfun$postProcess$3(AnalyseExecutor.scala:119)
	at scala.Function1.$anonfun$andThen$1(Function1.scala:57)
	at com.codacy.analysis.cli.analysis.AnalyseExecutor.$anonfun$postProcess$1(AnalyseExecutor.scala:121)
	at scala.util.Either.map(Either.scala:353)
	at com.codacy.analysis.cli.analysis.AnalyseExecutor.postProcess(AnalyseExecutor.scala:113)
	at com.codacy.analysis.cli.analysis.AnalyseExecutor.run(AnalyseExecutor.scala:108)
	at com.codacy.analysis.cli.command.AnalyseCommand.$anonfun$run$1(AnalyseCommand.scala:106)
	at scala.util.Either.flatMap(Either.scala:341)
	at com.codacy.analysis.cli.command.AnalyseCommand.run(AnalyseCommand.scala:105)
	at com.codacy.analysis.cli.MainImpl.runCommand(Main.scala:22)
	at com.codacy.analysis.cli.MainImpl.run(Main.scala:17)
	at com.codacy.analysis.cli.command.CLIApp.run(CLIApp.scala:21)
	at com.codacy.analysis.cli.command.CLIApp.run(CLIApp.scala:17)
	at com.codacy.analysis.cli.command.CommandAppWithBaseCommand.$anonfun$main$1(CommandAppWithBaseCommand.scala:103)
	at com.codacy.analysis.cli.command.CommandAppWithBaseCommand.$anonfun$main$1$adapted(CommandAppWithBaseCommand.scala:88)
	at scala.Option.foreach(Option.scala:407)
	at com.codacy.analysis.cli.command.CommandAppWithBaseCommand.main(CommandAppWithBaseCommand.scala:88)
	at com.codacy.analysis.cli.Main.main(Main.scala)
Caused by: java.nio.charset.MalformedInputException: Input length = 2
	at java.nio.charset.CoderResult.throwException(CoderResult.java:281)
	at sun.nio.cs.StreamDecoder.implRead(StreamDecoder.java:339)
	at sun.nio.cs.StreamDecoder.read(StreamDecoder.java:178)
	at java.io.InputStreamReader.read(InputStreamReader.java:184)
	at java.io.BufferedReader.fill(BufferedReader.java:161)
	at java.io.BufferedReader.readLine(BufferedReader.java:324)
	at java.io.BufferedReader.readLine(BufferedReader.java:389)
	at java.io.BufferedReader$1.hasNext(BufferedReader.java:571)
	... 58 common frames omitted
Starting analysis ...
Found [[35mMetrics[0m] in [1mdocs/ROUTING_MAP.md[0m:
  LOC - 135
Found [[35mMetrics[0m] in [1mdocs/dark_mode_consolidation.md[0m:
  LOC - 94
Found [[35mMetrics[0m] in [1mdocs/OPTIMIZATION_PROGRESS.md[0m:
  LOC - 145
Found [[35mMetrics[0m] in [1mdocs/SYSTEM_TESTS.md[0m:
  LOC - 172
Found [[35mMetrics[0m] in [1mtemplates/system_status.html[0m:
  LOC - 1510
Found [[35mMetrics[0m] in [1msrc/web/templates/additional_evidence.html[0m:
  LOC - 310
Found [[35mMetrics[0m] in [1mtemplates/processing.html[0m:
  LOC - 225
Found [[35mMetrics[0m] in [1mtemplates/email_list.html[0m:
  LOC - 721
Found [[35mMetrics[0m] in [1mtemplates/admin_settings.html[0m:
  LOC - 558
Found [[35mMetrics[0m] in [1mtemplates/api.html[0m:
  LOC - 255
Found [[35mMetrics[0m] in [1msrc/web/templates/integrated_timeline.html[0m:
  LOC - 181
Found [[35mMetrics[0m] in [1mtemplates/_nav.html[0m:
  LOC - 72
Found [[35mMetrics[0m] in [1mtemplates/evidence_detail.html[0m:
  LOC - 108
Found [[35mMetrics[0m] in [1mtemplates/base.html[0m:
  LOC - 60
Found [[35mMetrics[0m] in [1mtemplates/api_test_history.html[0m:
  LOC - 162
Found [[35mMetrics[0m] in [1msrc/web/templates/verify_integrity.html[0m:
  LOC - 207
No [[35mMetrics[0m] found in [1mtemplates/file_management.html[0m.
Found [[35mMetrics[0m] in [1mtemplates/admin.html[0m:
  LOC - 231
Found [[35mMetrics[0m] in [1mtemplates/system_overview.html[0m:
  LOC - 60
No [[35mMetrics[0m] found in [1mtemplates/service_management.html[0m.
Found [[35mMetrics[0m] in [1mtemplates/api_docs.html[0m:
  LOC - 308
Found [[35mMetrics[0m] in [1mtemplates/_footer.html[0m:
  LOC - 8
Found [[35mMetrics[0m] in [1msrc/web/templates/add_evidence.html[0m:
  LOC - 73
Found [[35mMetrics[0m] in [1mtemplates/system_status_async.html[0m:
  LOC - 328
Found [[35mMetrics[0m] in [1mtemplates/admin_dashboard.html[0m:
  LOC - 128
Found [[35mMetrics[0m] in [1mtemplates/evidence_management.html[0m:
  LOC - 259
Found [[35mMetrics[0m] in [1mtemplates/admin_test_history.html[0m:
  LOC - 551
Found [[35mMetrics[0m] in [1mtemplates/email_list_new.html[0m:
  LOC - 372
Found [[35mMetrics[0m] in [1mtemplates/integrated_timeline.html[0m:
  LOC - 181
Found [[35mMetrics[0m] in [1mtemplates/index.html[0m:
  LOC - 119
Found [[35mMetrics[0m] in [1mtemplates/index_new.html[0m:
  LOC - 516
Found [[35mMetrics[0m] in [1mtemplates/admin_logs.html[0m:
  LOC - 121
Found [[35mMetrics[0m] in [1mtemplates/ui_wireframe.html[0m:
  LOC - 90
Found [[35mMetrics[0m] in [1mtemplates/upload.html[0m:
  LOC - 257
Found [[35mMetrics[0m] in [1mtemplates/email_detail.html[0m:
  LOC - 267
Found [[35mMetrics[0m] in [1mtemplates/verify_integrity.html[0m:
  LOC - 207
Found [[35mMetrics[0m] in [1mtemplates/health_check.html[0m:
  LOC - 332
Found [[35mMetrics[0m] in [1mtemplates/admin_jobs.html[0m:
  LOC - 62
Found [[35mMetrics[0m] in [1mtemplates/admin_system_tests.html[0m:
  LOC - 1196
Found [[35mMetrics[0m] in [1mtemplates/log_viewer.html[0m:
  LOC - 299
Found [[35mMetrics[0m] in [1mtemplates/additional_evidence.html[0m:
  LOC - 310
Found [[35mMetrics[0m] in [1mtemplates/admin_evidence_detail.html[0m:
  LOC - 84
No [[35mMetrics[0m] found in [1mstatic/css/modern-ui.css[0m.
Found [[35mMetrics[0m] in [1mstatic/js/common.js[0m:
  LOC - 154
Found [[35mMetrics[0m] in [1msrc/mail_parser/streaming_processor.py[0m:
  LOC - 125
Found [[35mMetrics[0m] in [1msrc/evidence/__init__.py[0m:
  LOC - 7
Found [[35mMetrics[0m] in [1msrc/mail_parser/models/__init__.py[0m:
  LOC - 17
Found [[35mMetrics[0m] in [1msrc/core/services/email_processor.py[0m:
  LOC - 241
Found [[35mMetrics[0m] in [1msrc/core/utils/date_utils.py[0m:
  LOC - 125
Found [[35mMetrics[0m] in [1msrc/docs/api_scanner.py[0m:
  LOC - 335
Found [[35mMetrics[0m] in [1msrc/core/utils/__init__.py[0m:
  LOC - 16
Found [[35mMetrics[0m] in [1msrc/services/__init__.py[0m:
  LOC - 13
Found [[35mMetrics[0m] in [1msrc/services/timeline_service.py[0m:
  LOC - 275
Found [[35mMetrics[0m] in [1msrc/mail_parser/services/timeline_generator.py[0m:
  LOC - 232
Found [[35mMetrics[0m] in [1msrc/mail_parser/integrity.py[0m:
  LOC - 168
Found [[35mMetrics[0m] in [1msrc/docs/api_endpoints.py[0m:
  LOC - 73
Found [[35mMetrics[0m] in [1msrc/api/api_collector.py[0m:
  LOC - 194
Found [[35mMetrics[0m] in [1msrc/core/services/evidence_manager.py[0m:
  LOC - 294
Found [[35mMetrics[0m] in [1msrc/database/migrations/__init__.py[0m:
  LOC - 3
Found [[35mMetrics[0m] in [1msrc/web/ui_routes.py[0m:
  LOC - 8
Found [[35mMetrics[0m] in [1msrc/web/api.py[0m:
  LOC - 422
Found [[35mMetrics[0m] in [1msrc/docs/import argparse.py[0m:
  LOC - 141
Found [[35mMetrics[0m] in [1msrc/mail_parser/evidence_generator.py[0m:
  LOC - 263
Found [[35mMetrics[0m] in [1msrc/legal_compliance/__init__.py[0m:
  LOC - 7
Found [[35mMetrics[0m] in [1msrc/utils/file_deleter.py[0m:
  LOC - 110
Found [[35mMetrics[0m] in [1msrc/web/blueprints/timeline_routes.py[0m:
  LOC - 116
Found [[35mMetrics[0m] in [1msrc/core/hot_reload.py[0m:
  LOC - 19
Found [[35mMetrics[0m] in [1msrc/mail_parser/date_utils.py[0m:
  LOC - 125
Found [[35mMetrics[0m] in [1msrc/mail_parser/hash_utils.py[0m:
  LOC - 130
Found [[35mMetrics[0m] in [1msrc/docs/structure_manager.py[0m:
  LOC - 239
Found [[35mMetrics[0m] in [1msrc/core/models/attachment_model.py[0m:
  LOC - 215
Found [[35mMetrics[0m] in [1msrc/docs/swagger_ui.py[0m:
  LOC - 445
Found [[35mMetrics[0m] in [1msrc/system_tests/__init__.py[0m:
  LOC - 1
Found [[35mMetrics[0m] in [1msrc/mail_parser/logger.py[0m:
  LOC - 72
Found [[35mMetrics[0m] in [1msrc/core/settings_manager.py[0m:
  LOC - 188
Found [[35mMetrics[0m] in [1msrc/utils/unified_logger.py[0m:
  LOC - 190
Found [[35mMetrics[0m] in [1msrc/mail_parser/forensic_integrity.py[0m:
  LOC - 122
No [[35mMetrics[0m] found in [1msrc/evidence/additional_evidence_manager.py[0m.
Found [[35mMetrics[0m] in [1msrc/core/__init__.py[0m:
  LOC - 55
Found [[35mMetrics[0m] in [1msrc/web/admin_routes.py[0m:
  LOC - 1074
Found [[35mMetrics[0m] in [1msrc/mail_parser/models/attachment_model.py[0m:
  LOC - 215
Found [[35mMetrics[0m] in [1msrc/core/log_store.py[0m:
  LOC - 45
Found [[35mMetrics[0m] in [1msrc/mail_parser/formatter.py[0m:
  LOC - 54
Found [[35mMetrics[0m] in [1msrc/database/models.py[0m:
  LOC - 118
Found [[35mMetrics[0m] in [1msrc/core/utils/text_utils.py[0m:
  LOC - 107
Found [[35mMetrics[0m] in [1msrc/web/blueprints/__init__.py[0m:
  LOC - 7
Found [[35mMetrics[0m] in [1msrc/docs/import os.py[0m:
  LOC - 296
Found [[35mMetrics[0m] in [1msrc/mail_parser/services/integrity_service.py[0m:
  LOC - 121
Found [[35mMetrics[0m] in [1msrc/core/utils/file_utils.py[0m:
  LOC - 181
Found [[35mMetrics[0m] in [1msrc/web/blueprints/integrity_routes.py[0m:
  LOC - 106
Found [[35mMetrics[0m] in [1msrc/database/api_docs_models.py[0m:
  LOC - 192
Found [[35mMetrics[0m] in [1msrc/mail_parser/analyzer.py[0m:
  LOC - 40
Found [[35mMetrics[0m] in [1msrc/core/unified_architecture.py[0m:
  LOC - 287
Found [[35mMetrics[0m] in [1msrc/web/progress_tracker.py[0m:
  LOC - 101
Found [[35mMetrics[0m] in [1msrc/runner/run_server.py[0m:
  LOC - 150
Found [[35mMetrics[0m] in [1msrc/core/evidence_store.py[0m:
  LOC - 100
Found [[35mMetrics[0m] in [1msrc/parser/mailbox_processor.py[0m:
  LOC - 58
Found [[35mMetrics[0m] in [1msrc/cli/main.py[0m:
  LOC - 360
Found [[35mMetrics[0m] in [1msrc/core/db_manager.py[0m:
  LOC - 160
Found [[35mMetrics[0m] in [1msrc/timeline/__init__.py[0m:
  LOC - 7
Found [[35mMetrics[0m] in [1msrc/core/services/__init__.py[0m:
  LOC - 12
Found [[35mMetrics[0m] in [1msrc/web/__init__.py[0m:
  LOC - 10
Found [[35mMetrics[0m] in [1msrc/database/migrations/migration_manager.py[0m:
  LOC - 229
Found [[35mMetrics[0m] in [1msrc/database/connection.py[0m:
  LOC - 243
Found [[35mMetrics[0m] in [1msrc/services/evidence_service.py[0m:
  LOC - 251
Found [[35mMetrics[0m] in [1msrc/core/services/timeline_generator.py[0m:
  LOC - 232
Found [[35mMetrics[0m] in [1msrc/mail_parser/utils.py[0m:
  LOC - 35
Found [[35mMetrics[0m] in [1msrc/mail_parser/enhanced_reporter.py[0m:
  LOC - 267
Found [[35mMetrics[0m] in [1msrc/core/models/email_model.py[0m:
  LOC - 129
Found [[35mMetrics[0m] in [1msrc/mail_parser/performance.py[0m:
  LOC - 248
Found [[35mMetrics[0m] in [1msrc/mail_parser/timeline.py[0m:
  LOC - 0
Found [[35mMetrics[0m] in [1msrc/web/blueprints/logs_routes.py[0m:
  LOC - 208
Found [[35mMetrics[0m] in [1msrc/mail_parser/progress.py[0m:
  LOC - 193
Found [[35mMetrics[0m] in [1msrc/web/routes.py[0m:
  LOC - 896
Found [[35mMetrics[0m] in [1msrc/tasks/worker_tasks.py[0m:
  LOC - 34
Found [[35mMetrics[0m] in [1msrc/core/models/__init__.py[0m:
  LOC - 17
Found [[35mMetrics[0m] in [1msrc/timeline/integrated_timeline_generator.py[0m:
  LOC - 399
Found [[35mMetrics[0m] in [1msrc/core/hot_reload_watcher.py[0m:
  LOC - 67
Found [[35mMetrics[0m] in [1msrc/services/email_service.py[0m:
  LOC - 229
Found [[35mMetrics[0m] in [1msrc/core/hash_chain.py[0m:
  LOC - 80
Found [[35mMetrics[0m] in [1msrc/runner/start_web.py[0m:
  LOC - 48
Found [[35mMetrics[0m] in [1msrc/utils/db_logger.py[0m:
  LOC - 74
Found [[35mMetrics[0m] in [1msrc/runner/app.py[0m:
  LOC - 120
Found [[35mMetrics[0m] in [1msrc/core/utils/hash_utils.py[0m:
  LOC - 130
Found [[35mMetrics[0m] in [1msrc/mail_parser/services/__init__.py[0m:
  LOC - 12
Found [[35mMetrics[0m] in [1msrc/system_tests/executor.py[0m:
  LOC - 101
No [[35mMetrics[0m] found in [1msrc/docs/doc_generator.py[0m.
Found [[35mMetrics[0m] in [1msrc/web/upload_stream.py[0m:
  LOC - 107
Found [[35mMetrics[0m] in [1msrc/mail_parser/__init__.py[0m:
  LOC - 16
Found [[35mMetrics[0m] in [1msrc/web/blueprints/email_routes.py[0m:
  LOC - 115
Found [[35mMetrics[0m] in [1msrc/core/models/evidence_model.py[0m:
  LOC - 166
Found [[35mMetrics[0m] in [1msrc/legal_compliance/court_evidence_verifier.py[0m:
  LOC - 246
No [[35mMetrics[0m] found in [1msrc/web/app.py[0m.
Found [[35mMetrics[0m] in [1msrc/web/blueprints/evidence_routes.py[0m:
  LOC - 376
Found [[35mMetrics[0m] in [1msrc/mail_parser/models/evidence_model.py[0m:
  LOC - 166
Found [[35mMetrics[0m] in [1msrc/core/services/integrity_service.py[0m:
  LOC - 121
Found [[35mMetrics[0m] in [1msrc/cli/batch_processor.py[0m:
  LOC - 188
Found [[35mMetrics[0m] in [1msrc/core/models/timeline_model.py[0m:
  LOC - 218
Found [[35mMetrics[0m] in [1msrc/docs/__init__.py[0m:
  LOC - 28
Found [[35mMetrics[0m] in [1msrc/services/file_service.py[0m:
  LOC - 295
Found [[35mMetrics[0m] in [1msrc/core/logging_utils.py[0m:
  LOC - 38
Found [[35mMetrics[0m] in [1msrc/mail_parser/models/email_model.py[0m:
  LOC - 129
Found [[35mMetrics[0m] in [1msrc/mail_parser/processor.py[0m:
  LOC - 479
No [[35mMetrics[0m] found in [1msrc/docs/auto_updater.py[0m.
Found [[35mMetrics[0m] in [1msrc/system_tests/core_tests.py[0m:
  LOC - 236
Found [[35mMetrics[0m] in [1msrc/mail_parser/text_utils.py[0m:
  LOC - 107
Found [[35mMetrics[0m] in [1msrc/database/email_db.py[0m:
  LOC - 840
Found [[35mMetrics[0m] in [1msrc/mail_parser/packaging.py[0m:
  LOC - 246
Found [[35mMetrics[0m] in [1msrc/web/blueprints/main_routes.py[0m:
  LOC - 115
Found [[35mMetrics[0m] in [1msrc/core/startup.py[0m:
  LOC - 114
Found [[35mMetrics[0m] in [1msrc/mail_parser/reporter.py[0m:
  LOC - 170
Found [[35mMetrics[0m] in [1msrc/utils/temp_manager.py[0m:
  LOC - 350
Found [[35mMetrics[0m] in [1msrc/utils/email_utils.py[0m:
  LOC - 40
Found [[35mMetrics[0m] in [1msrc/core/job_store.py[0m:
  LOC - 66
Found [[35mMetrics[0m] in [1msrc/mail_parser/streaming_processor.py[0m:
  LOC - 125
Found [[35mMetrics[0m] in [1msrc/evidence/__init__.py[0m:
  LOC - 7
Found [[35mMetrics[0m] in [1msrc/mail_parser/models/__init__.py[0m:
  LOC - 17
Found [[35mMetrics[0m] in [1msrc/core/services/email_processor.py[0m:
  LOC - 241
Found [[35mMetrics[0m] in [1msrc/core/utils/date_utils.py[0m:
  LOC - 125
Found [[35mMetrics[0m] in [1msrc/docs/api_scanner.py[0m:
  LOC - 335
Found [[35mMetrics[0m] in [1msrc/core/utils/__init__.py[0m:
  LOC - 16
Found [[35mMetrics[0m] in [1msrc/services/__init__.py[0m:
  LOC - 13
Found [[35mMetrics[0m] in [1msrc/services/timeline_service.py[0m:
  LOC - 275
Found [[35mMetrics[0m] in [1msrc/mail_parser/services/timeline_generator.py[0m:
  LOC - 232
Found [[35mMetrics[0m] in [1msrc/mail_parser/integrity.py[0m:
  LOC - 168
Found [[35mMetrics[0m] in [1msrc/docs/api_endpoints.py[0m:
  LOC - 73
Found [[35mMetrics[0m] in [1msrc/api/api_collector.py[0m:
  LOC - 194
Found [[35mMetrics[0m] in [1msrc/core/services/evidence_manager.py[0m:
  LOC - 294
Found [[35mMetrics[0m] in [1msrc/database/migrations/__init__.py[0m:
  LOC - 3
Found [[35mMetrics[0m] in [1msrc/web/ui_routes.py[0m:
  LOC - 8
Found [[35mMetrics[0m] in [1msrc/web/api.py[0m:
  LOC - 422
Found [[35mMetrics[0m] in [1msrc/docs/import argparse.py[0m:
  LOC - 141
Found [[35mMetrics[0m] in [1msrc/mail_parser/evidence_generator.py[0m:
  LOC - 263
Found [[35mMetrics[0m] in [1msrc/legal_compliance/__init__.py[0m:
  LOC - 7
Found [[35mMetrics[0m] in [1msrc/utils/file_deleter.py[0m:
  LOC - 110
Found [[35mMetrics[0m] in [1msrc/web/blueprints/timeline_routes.py[0m:
  LOC - 116
Found [[35mMetrics[0m] in [1msrc/core/hot_reload.py[0m:
  LOC - 19
Found [[35mMetrics[0m] in [1msrc/mail_parser/date_utils.py[0m:
  LOC - 125
Found [[35mMetrics[0m] in [1msrc/mail_parser/hash_utils.py[0m:
  LOC - 130
Found [[35mMetrics[0m] in [1msrc/docs/structure_manager.py[0m:
  LOC - 239
Found [[35mMetrics[0m] in [1msrc/core/models/attachment_model.py[0m:
  LOC - 215
Found [[35mMetrics[0m] in [1msrc/docs/swagger_ui.py[0m:
  LOC - 445
Found [[35mMetrics[0m] in [1msrc/system_tests/__init__.py[0m:
  LOC - 1
Found [[35mMetrics[0m] in [1msrc/mail_parser/logger.py[0m:
  LOC - 72
Found [[35mMetrics[0m] in [1msrc/core/settings_manager.py[0m:
  LOC - 188
Found [[35mMetrics[0m] in [1msrc/utils/unified_logger.py[0m:
  LOC - 190
Found [[35mMetrics[0m] in [1msrc/mail_parser/forensic_integrity.py[0m:
  LOC - 122
No [[35mMetrics[0m] found in [1msrc/evidence/additional_evidence_manager.py[0m.
Found [[35mMetrics[0m] in [1msrc/core/__init__.py[0m:
  LOC - 55
Found [[35mMetrics[0m] in [1msrc/web/admin_routes.py[0m:
  LOC - 1074
Found [[35mMetrics[0m] in [1msrc/mail_parser/models/attachment_model.py[0m:
  LOC - 215
Found [[35mMetrics[0m] in [1msrc/core/log_store.py[0m:
  LOC - 45
Found [[35mMetrics[0m] in [1msrc/mail_parser/formatter.py[0m:
  LOC - 54
Found [[35mMetrics[0m] in [1msrc/database/models.py[0m:
  LOC - 118
Found [[35mMetrics[0m] in [1msrc/core/utils/text_utils.py[0m:
  LOC - 107
Found [[35mMetrics[0m] in [1msrc/web/blueprints/__init__.py[0m:
  LOC - 7
Found [[35mMetrics[0m] in [1msrc/docs/import os.py[0m:
  LOC - 296
Found [[35mMetrics[0m] in [1msrc/mail_parser/services/integrity_service.py[0m:
  LOC - 121
Found [[35mMetrics[0m] in [1msrc/core/utils/file_utils.py[0m:
  LOC - 181
Found [[35mMetrics[0m] in [1msrc/web/blueprints/integrity_routes.py[0m:
  LOC - 106
Found [[35mMetrics[0m] in [1msrc/database/api_docs_models.py[0m:
  LOC - 192
Found [[35mMetrics[0m] in [1msrc/mail_parser/analyzer.py[0m:
  LOC - 40
Found [[35mMetrics[0m] in [1msrc/core/unified_architecture.py[0m:
  LOC - 287
Found [[35mMetrics[0m] in [1msrc/web/progress_tracker.py[0m:
  LOC - 101
Found [[35mMetrics[0m] in [1msrc/runner/run_server.py[0m:
  LOC - 150
Found [[35mMetrics[0m] in [1msrc/core/evidence_store.py[0m:
  LOC - 100
Found [[35mMetrics[0m] in [1msrc/parser/mailbox_processor.py[0m:
  LOC - 58
Found [[35mMetrics[0m] in [1msrc/cli/main.py[0m:
  LOC - 360
Found [[35mMetrics[0m] in [1msrc/core/db_manager.py[0m:
  LOC - 160
Found [[35mMetrics[0m] in [1msrc/timeline/__init__.py[0m:
  LOC - 7
Found [[35mMetrics[0m] in [1msrc/core/services/__init__.py[0m:
  LOC - 12
Found [[35mMetrics[0m] in [1msrc/web/__init__.py[0m:
  LOC - 10
Found [[35mMetrics[0m] in [1msrc/database/migrations/migration_manager.py[0m:
  LOC - 229
Found [[35mMetrics[0m] in [1msrc/database/connection.py[0m:
  LOC - 243
Found [[35mMetrics[0m] in [1msrc/services/evidence_service.py[0m:
  LOC - 251
Found [[35mMetrics[0m] in [1msrc/core/services/timeline_generator.py[0m:
  LOC - 232
Found [[35mMetrics[0m] in [1msrc/mail_parser/utils.py[0m:
  LOC - 35
Found [[35mMetrics[0m] in [1msrc/mail_parser/enhanced_reporter.py[0m:
  LOC - 267
Found [[35mMetrics[0m] in [1msrc/core/models/email_model.py[0m:
  LOC - 129
Found [[35mMetrics[0m] in [1msrc/mail_parser/performance.py[0m:
  LOC - 248
Found [[35mMetrics[0m] in [1msrc/mail_parser/timeline.py[0m:
  LOC - 0
Found [[35mMetrics[0m] in [1msrc/web/blueprints/logs_routes.py[0m:
  LOC - 208
Found [[35mMetrics[0m] in [1msrc/mail_parser/progress.py[0m:
  LOC - 193
Found [[35mMetrics[0m] in [1msrc/web/routes.py[0m:
  LOC - 896
Found [[35mMetrics[0m] in [1msrc/tasks/worker_tasks.py[0m:
  LOC - 34
Found [[35mMetrics[0m] in [1msrc/core/models/__init__.py[0m:
  LOC - 17
Found [[35mMetrics[0m] in [1msrc/timeline/integrated_timeline_generator.py[0m:
  LOC - 399
Found [[35mMetrics[0m] in [1msrc/core/hot_reload_watcher.py[0m:
  LOC - 67
Found [[35mMetrics[0m] in [1msrc/services/email_service.py[0m:
  LOC - 229
Found [[35mMetrics[0m] in [1msrc/core/hash_chain.py[0m:
  LOC - 80
Found [[35mMetrics[0m] in [1msrc/runner/start_web.py[0m:
  LOC - 48
Found [[35mMetrics[0m] in [1msrc/utils/db_logger.py[0m:
  LOC - 74
Found [[35mMetrics[0m] in [1msrc/runner/app.py[0m:
  LOC - 120
Found [[35mMetrics[0m] in [1msrc/core/utils/hash_utils.py[0m:
  LOC - 130
Found [[35mMetrics[0m] in [1msrc/mail_parser/services/__init__.py[0m:
  LOC - 12
Found [[35mMetrics[0m] in [1msrc/system_tests/executor.py[0m:
  LOC - 101
No [[35mMetrics[0m] found in [1msrc/docs/doc_generator.py[0m.
Found [[35mMetrics[0m] in [1msrc/web/upload_stream.py[0m:
  LOC - 107
Found [[35mMetrics[0m] in [1msrc/mail_parser/__init__.py[0m:
  LOC - 16
Found [[35mMetrics[0m] in [1msrc/web/blueprints/email_routes.py[0m:
  LOC - 115
Found [[35mMetrics[0m] in [1msrc/core/models/evidence_model.py[0m:
  LOC - 166
Found [[35mMetrics[0m] in [1msrc/legal_compliance/court_evidence_verifier.py[0m:
  LOC - 246
No [[35mMetrics[0m] found in [1msrc/web/app.py[0m.
Found [[35mMetrics[0m] in [1msrc/web/blueprints/evidence_routes.py[0m:
  LOC - 376
Found [[35mMetrics[0m] in [1msrc/mail_parser/models/evidence_model.py[0m:
  LOC - 166
Found [[35mMetrics[0m] in [1msrc/core/services/integrity_service.py[0m:
  LOC - 121
Found [[35mMetrics[0m] in [1msrc/cli/batch_processor.py[0m:
  LOC - 188
Found [[35mMetrics[0m] in [1msrc/core/models/timeline_model.py[0m:
  LOC - 218
Found [[35mMetrics[0m] in [1msrc/docs/__init__.py[0m:
  LOC - 28
Found [[35mMetrics[0m] in [1msrc/services/file_service.py[0m:
  LOC - 295
Found [[35mMetrics[0m] in [1msrc/core/logging_utils.py[0m:
  LOC - 38
Found [[35mMetrics[0m] in [1msrc/mail_parser/models/email_model.py[0m:
  LOC - 129
Found [[35mMetrics[0m] in [1msrc/mail_parser/processor.py[0m:
  LOC - 479
No [[35mMetrics[0m] found in [1msrc/docs/auto_updater.py[0m.
Found [[35mMetrics[0m] in [1msrc/system_tests/core_tests.py[0m:
  LOC - 236
Found [[35mMetrics[0m] in [1msrc/mail_parser/text_utils.py[0m:
  LOC - 107
Found [[35mMetrics[0m] in [1msrc/database/email_db.py[0m:
  LOC - 840
Found [[35mMetrics[0m] in [1msrc/mail_parser/packaging.py[0m:
  LOC - 246
Found [[35mMetrics[0m] in [1msrc/web/blueprints/main_routes.py[0m:
  LOC - 115
Found [[35mMetrics[0m] in [1msrc/core/startup.py[0m:
  LOC - 114
Found [[35mMetrics[0m] in [1msrc/mail_parser/reporter.py[0m:
  LOC - 170
Found [[35mMetrics[0m] in [1msrc/utils/temp_manager.py[0m:
  LOC - 350
Found [[35mMetrics[0m] in [1msrc/utils/email_utils.py[0m:
  LOC - 40
Found [[35mMetrics[0m] in [1msrc/core/job_store.py[0m:
  LOC - 66
Found [[35mMetrics[0m] in [1mstatic/js/common.js[0m:
  LOC - 154
Analysis complete
Codacy analysis finished.
