nohup: ignoring input
----- 2026-01-23 18:33:28 -----
2026-01-23 18:32:18.159056500 +0900 249744 codacy_run.log
--- docker ps (codacy) ---
CONTAINER ID   IMAGE     STATUS    NAMES
--- last 50 lines of codacy_run.log ---
Found [[35mMetrics[0m] in [1mtemplates/evidence_management.html[0m:
  LOC - 259
Found [[35mMetrics[0m] in [1mtemplates/admin_test_history.html[0m:
  LOC - 551
Found [[35mMetrics[0m] in [1mtemplates/email_list_new.html[0m:
  LOC - 372
Found [[35mMetrics[0m] in [1mtemplates/integrated_timeline.html[0m:
  LOC - 181
Found [[35mMetrics[0m] in [1mtemplates/index.html[0m:
  LOC - 119
Found [[35mMetrics[0m] in [1mtemplates/index_new.html[0m:
  LOC - 516
Found [[35mMetrics[0m] in [1mtemplates/admin_logs.html[0m:
  LOC - 121
Found [[35mMetrics[0m] in [1mtemplates/ui_wireframe.html[0m:
  LOC - 90
Found [[35mMetrics[0m] in [1mscripts/vscode_diagnostics_20250916_153831/workbench.html[0m:
  LOC - 65
Found [[35mMetrics[0m] in [1mtemplates/upload.html[0m:
  LOC - 257
Found [[35mMetrics[0m] in [1mscripts/vscode_diagnostics_20250916_153811/workbench.html[0m:
  LOC - 65
Found [[35mMetrics[0m] in [1mtemplates/email_detail.html[0m:
  LOC - 267
Found [[35mMetrics[0m] in [1mtemplates/verify_integrity.html[0m:
  LOC - 207
Found [[35mMetrics[0m] in [1mtemplates/health_check.html[0m:
  LOC - 332
Found [[35mMetrics[0m] in [1mtemplates/admin_jobs.html[0m:
  LOC - 62
Found [[35mMetrics[0m] in [1mtemplates/admin_system_tests.html[0m:
  LOC - 1196
Found [[35mMetrics[0m] in [1mtemplates/log_viewer.html[0m:
  LOC - 299
Found [[35mMetrics[0m] in [1mtemplates/additional_evidence.html[0m:
  LOC - 310
Found [[35mMetrics[0m] in [1mtemplates/admin_evidence_detail.html[0m:
  LOC - 84
Found [[35mMetrics[0m] in [1mscripts/vscode_diagnostics_20250916_153825/workbench.html[0m:
  LOC - 65
Found [[35mMetrics[0m] in [1mtools/server_manager.ps1[0m:
  LOC - 102
Found [[35mMetrics[0m] in [1mstatic/js/common.js[0m:
  LOC - 154
Found [[35mMetrics[0m] in [1m.serena/project.yml[0m:
  LOC - 86
Found [[35mMetrics[0m] in [1mstatic/js/common.js[0m:
  LOC - 154
Analysis complete
Codacy analysis finished.
----- 2026-01-23 18:34:31 -----
2026-01-23 18:32:18.159056500 +0900 249744 codacy_run.log
--- docker ps (codacy) ---
CONTAINER ID   IMAGE     STATUS    NAMES
--- last 50 lines of codacy_run.log ---
Found [[35mMetrics[0m] in [1mtemplates/evidence_management.html[0m:
  LOC - 259
Found [[35mMetrics[0m] in [1mtemplates/admin_test_history.html[0m:
  LOC - 551
Found [[35mMetrics[0m] in [1mtemplates/email_list_new.html[0m:
  LOC - 372
Found [[35mMetrics[0m] in [1mtemplates/integrated_timeline.html[0m:
  LOC - 181
Found [[35mMetrics[0m] in [1mtemplates/index.html[0m:
  LOC - 119
Found [[35mMetrics[0m] in [1mtemplates/index_new.html[0m:
  LOC - 516
Found [[35mMetrics[0m] in [1mtemplates/admin_logs.html[0m:
  LOC - 121
Found [[35mMetrics[0m] in [1mtemplates/ui_wireframe.html[0m:
  LOC - 90
Found [[35mMetrics[0m] in [1mscripts/vscode_diagnostics_20250916_153831/workbench.html[0m:
  LOC - 65
Found [[35mMetrics[0m] in [1mtemplates/upload.html[0m:
  LOC - 257
Found [[35mMetrics[0m] in [1mscripts/vscode_diagnostics_20250916_153811/workbench.html[0m:
  LOC - 65
Found [[35mMetrics[0m] in [1mtemplates/email_detail.html[0m:
  LOC - 267
Found [[35mMetrics[0m] in [1mtemplates/verify_integrity.html[0m:
  LOC - 207
Found [[35mMetrics[0m] in [1mtemplates/health_check.html[0m:
  LOC - 332
Found [[35mMetrics[0m] in [1mtemplates/admin_jobs.html[0m:
  LOC - 62
Found [[35mMetrics[0m] in [1mtemplates/admin_system_tests.html[0m:
  LOC - 1196
Found [[35mMetrics[0m] in [1mtemplates/log_viewer.html[0m:
  LOC - 299
Found [[35mMetrics[0m] in [1mtemplates/additional_evidence.html[0m:
  LOC - 310
Found [[35mMetrics[0m] in [1mtemplates/admin_evidence_detail.html[0m:
  LOC - 84
Found [[35mMetrics[0m] in [1mscripts/vscode_diagnostics_20250916_153825/workbench.html[0m:
  LOC - 65
Found [[35mMetrics[0m] in [1mtools/server_manager.ps1[0m:
  LOC - 102
Found [[35mMetrics[0m] in [1mstatic/js/common.js[0m:
  LOC - 154
Found [[35mMetrics[0m] in [1m.serena/project.yml[0m:
  LOC - 86
Found [[35mMetrics[0m] in [1mstatic/js/common.js[0m:
  LOC - 154
Analysis complete
Codacy analysis finished.
----- 2026-01-23 18:35:34 -----
2026-01-23 18:32:18.159056500 +0900 249744 codacy_run.log
--- docker ps (codacy) ---
CONTAINER ID   IMAGE     STATUS    NAMES
--- last 50 lines of codacy_run.log ---
Found [[35mMetrics[0m] in [1mtemplates/evidence_management.html[0m:
  LOC - 259
Found [[35mMetrics[0m] in [1mtemplates/admin_test_history.html[0m:
  LOC - 551
Found [[35mMetrics[0m] in [1mtemplates/email_list_new.html[0m:
  LOC - 372
Found [[35mMetrics[0m] in [1mtemplates/integrated_timeline.html[0m:
  LOC - 181
Found [[35mMetrics[0m] in [1mtemplates/index.html[0m:
  LOC - 119
Found [[35mMetrics[0m] in [1mtemplates/index_new.html[0m:
  LOC - 516
Found [[35mMetrics[0m] in [1mtemplates/admin_logs.html[0m:
  LOC - 121
Found [[35mMetrics[0m] in [1mtemplates/ui_wireframe.html[0m:
  LOC - 90
Found [[35mMetrics[0m] in [1mscripts/vscode_diagnostics_20250916_153831/workbench.html[0m:
  LOC - 65
Found [[35mMetrics[0m] in [1mtemplates/upload.html[0m:
  LOC - 257
Found [[35mMetrics[0m] in [1mscripts/vscode_diagnostics_20250916_153811/workbench.html[0m:
  LOC - 65
Found [[35mMetrics[0m] in [1mtemplates/email_detail.html[0m:
  LOC - 267
Found [[35mMetrics[0m] in [1mtemplates/verify_integrity.html[0m:
  LOC - 207
Found [[35mMetrics[0m] in [1mtemplates/health_check.html[0m:
  LOC - 332
Found [[35mMetrics[0m] in [1mtemplates/admin_jobs.html[0m:
  LOC - 62
Found [[35mMetrics[0m] in [1mtemplates/admin_system_tests.html[0m:
  LOC - 1196
Found [[35mMetrics[0m] in [1mtemplates/log_viewer.html[0m:
  LOC - 299
Found [[35mMetrics[0m] in [1mtemplates/additional_evidence.html[0m:
  LOC - 310
Found [[35mMetrics[0m] in [1mtemplates/admin_evidence_detail.html[0m:
  LOC - 84
Found [[35mMetrics[0m] in [1mscripts/vscode_diagnostics_20250916_153825/workbench.html[0m:
  LOC - 65
Found [[35mMetrics[0m] in [1mtools/server_manager.ps1[0m:
  LOC - 102
Found [[35mMetrics[0m] in [1mstatic/js/common.js[0m:
  LOC - 154
Found [[35mMetrics[0m] in [1m.serena/project.yml[0m:
  LOC - 86
Found [[35mMetrics[0m] in [1mstatic/js/common.js[0m:
  LOC - 154
Analysis complete
Codacy analysis finished.
----- 2026-01-23 18:36:37 -----
2026-01-23 18:32:18.159056500 +0900 249744 codacy_run.log
--- docker ps (codacy) ---
CONTAINER ID   IMAGE     STATUS    NAMES
--- last 50 lines of codacy_run.log ---
Found [[35mMetrics[0m] in [1mtemplates/evidence_management.html[0m:
  LOC - 259
Found [[35mMetrics[0m] in [1mtemplates/admin_test_history.html[0m:
  LOC - 551
Found [[35mMetrics[0m] in [1mtemplates/email_list_new.html[0m:
  LOC - 372
Found [[35mMetrics[0m] in [1mtemplates/integrated_timeline.html[0m:
  LOC - 181
Found [[35mMetrics[0m] in [1mtemplates/index.html[0m:
  LOC - 119
Found [[35mMetrics[0m] in [1mtemplates/index_new.html[0m:
  LOC - 516
Found [[35mMetrics[0m] in [1mtemplates/admin_logs.html[0m:
  LOC - 121
Found [[35mMetrics[0m] in [1mtemplates/ui_wireframe.html[0m:
  LOC - 90
Found [[35mMetrics[0m] in [1mscripts/vscode_diagnostics_20250916_153831/workbench.html[0m:
  LOC - 65
Found [[35mMetrics[0m] in [1mtemplates/upload.html[0m:
  LOC - 257
Found [[35mMetrics[0m] in [1mscripts/vscode_diagnostics_20250916_153811/workbench.html[0m:
  LOC - 65
Found [[35mMetrics[0m] in [1mtemplates/email_detail.html[0m:
  LOC - 267
Found [[35mMetrics[0m] in [1mtemplates/verify_integrity.html[0m:
  LOC - 207
Found [[35mMetrics[0m] in [1mtemplates/health_check.html[0m:
  LOC - 332
Found [[35mMetrics[0m] in [1mtemplates/admin_jobs.html[0m:
  LOC - 62
Found [[35mMetrics[0m] in [1mtemplates/admin_system_tests.html[0m:
  LOC - 1196
Found [[35mMetrics[0m] in [1mtemplates/log_viewer.html[0m:
  LOC - 299
Found [[35mMetrics[0m] in [1mtemplates/additional_evidence.html[0m:
  LOC - 310
Found [[35mMetrics[0m] in [1mtemplates/admin_evidence_detail.html[0m:
  LOC - 84
Found [[35mMetrics[0m] in [1mscripts/vscode_diagnostics_20250916_153825/workbench.html[0m:
  LOC - 65
Found [[35mMetrics[0m] in [1mtools/server_manager.ps1[0m:
  LOC - 102
Found [[35mMetrics[0m] in [1mstatic/js/common.js[0m:
  LOC - 154
Found [[35mMetrics[0m] in [1m.serena/project.yml[0m:
  LOC - 86
Found [[35mMetrics[0m] in [1mstatic/js/common.js[0m:
  LOC - 154
Analysis complete
Codacy analysis finished.
----- 2026-01-23 18:37:41 -----
2026-01-23 18:32:18.159056500 +0900 249744 codacy_run.log
--- docker ps (codacy) ---
CONTAINER ID   IMAGE     STATUS    NAMES
--- last 50 lines of codacy_run.log ---
Found [[35mMetrics[0m] in [1mtemplates/evidence_management.html[0m:
  LOC - 259
Found [[35mMetrics[0m] in [1mtemplates/admin_test_history.html[0m:
  LOC - 551
Found [[35mMetrics[0m] in [1mtemplates/email_list_new.html[0m:
  LOC - 372
Found [[35mMetrics[0m] in [1mtemplates/integrated_timeline.html[0m:
  LOC - 181
Found [[35mMetrics[0m] in [1mtemplates/index.html[0m:
  LOC - 119
Found [[35mMetrics[0m] in [1mtemplates/index_new.html[0m:
  LOC - 516
Found [[35mMetrics[0m] in [1mtemplates/admin_logs.html[0m:
  LOC - 121
Found [[35mMetrics[0m] in [1mtemplates/ui_wireframe.html[0m:
  LOC - 90
Found [[35mMetrics[0m] in [1mscripts/vscode_diagnostics_20250916_153831/workbench.html[0m:
  LOC - 65
Found [[35mMetrics[0m] in [1mtemplates/upload.html[0m:
  LOC - 257
Found [[35mMetrics[0m] in [1mscripts/vscode_diagnostics_20250916_153811/workbench.html[0m:
  LOC - 65
Found [[35mMetrics[0m] in [1mtemplates/email_detail.html[0m:
  LOC - 267
Found [[35mMetrics[0m] in [1mtemplates/verify_integrity.html[0m:
  LOC - 207
Found [[35mMetrics[0m] in [1mtemplates/health_check.html[0m:
  LOC - 332
Found [[35mMetrics[0m] in [1mtemplates/admin_jobs.html[0m:
  LOC - 62
Found [[35mMetrics[0m] in [1mtemplates/admin_system_tests.html[0m:
  LOC - 1196
Found [[35mMetrics[0m] in [1mtemplates/log_viewer.html[0m:
  LOC - 299
Found [[35mMetrics[0m] in [1mtemplates/additional_evidence.html[0m:
  LOC - 310
Found [[35mMetrics[0m] in [1mtemplates/admin_evidence_detail.html[0m:
  LOC - 84
Found [[35mMetrics[0m] in [1mscripts/vscode_diagnostics_20250916_153825/workbench.html[0m:
  LOC - 65
Found [[35mMetrics[0m] in [1mtools/server_manager.ps1[0m:
  LOC - 102
Found [[35mMetrics[0m] in [1mstatic/js/common.js[0m:
  LOC - 154
Found [[35mMetrics[0m] in [1m.serena/project.yml[0m:
  LOC - 86
Found [[35mMetrics[0m] in [1mstatic/js/common.js[0m:
  LOC - 154
Analysis complete
Codacy analysis finished.
----- 2026-01-23 18:38:47 -----
2026-01-23 18:32:18.159056500 +0900 249744 codacy_run.log
--- docker ps (codacy) ---
CONTAINER ID   IMAGE     STATUS    NAMES
--- last 50 lines of codacy_run.log ---
Found [[35mMetrics[0m] in [1mtemplates/evidence_management.html[0m:
  LOC - 259
Found [[35mMetrics[0m] in [1mtemplates/admin_test_history.html[0m:
  LOC - 551
Found [[35mMetrics[0m] in [1mtemplates/email_list_new.html[0m:
  LOC - 372
Found [[35mMetrics[0m] in [1mtemplates/integrated_timeline.html[0m:
  LOC - 181
Found [[35mMetrics[0m] in [1mtemplates/index.html[0m:
  LOC - 119
Found [[35mMetrics[0m] in [1mtemplates/index_new.html[0m:
  LOC - 516
Found [[35mMetrics[0m] in [1mtemplates/admin_logs.html[0m:
  LOC - 121
Found [[35mMetrics[0m] in [1mtemplates/ui_wireframe.html[0m:
  LOC - 90
Found [[35mMetrics[0m] in [1mscripts/vscode_diagnostics_20250916_153831/workbench.html[0m:
  LOC - 65
Found [[35mMetrics[0m] in [1mtemplates/upload.html[0m:
  LOC - 257
Found [[35mMetrics[0m] in [1mscripts/vscode_diagnostics_20250916_153811/workbench.html[0m:
  LOC - 65
Found [[35mMetrics[0m] in [1mtemplates/email_detail.html[0m:
  LOC - 267
Found [[35mMetrics[0m] in [1mtemplates/verify_integrity.html[0m:
  LOC - 207
Found [[35mMetrics[0m] in [1mtemplates/health_check.html[0m:
  LOC - 332
Found [[35mMetrics[0m] in [1mtemplates/admin_jobs.html[0m:
  LOC - 62
Found [[35mMetrics[0m] in [1mtemplates/admin_system_tests.html[0m:
  LOC - 1196
Found [[35mMetrics[0m] in [1mtemplates/log_viewer.html[0m:
  LOC - 299
Found [[35mMetrics[0m] in [1mtemplates/additional_evidence.html[0m:
  LOC - 310
Found [[35mMetrics[0m] in [1mtemplates/admin_evidence_detail.html[0m:
  LOC - 84
Found [[35mMetrics[0m] in [1mscripts/vscode_diagnostics_20250916_153825/workbench.html[0m:
  LOC - 65
Found [[35mMetrics[0m] in [1mtools/server_manager.ps1[0m:
  LOC - 102
Found [[35mMetrics[0m] in [1mstatic/js/common.js[0m:
  LOC - 154
Found [[35mMetrics[0m] in [1m.serena/project.yml[0m:
  LOC - 86
Found [[35mMetrics[0m] in [1mstatic/js/common.js[0m:
  LOC - 154
Analysis complete
Codacy analysis finished.
----- 2026-01-23 18:39:49 -----
2026-01-23 18:32:18.159056500 +0900 249744 codacy_run.log
--- docker ps (codacy) ---
CONTAINER ID   IMAGE     STATUS    NAMES
--- last 50 lines of codacy_run.log ---
Found [[35mMetrics[0m] in [1mtemplates/evidence_management.html[0m:
  LOC - 259
Found [[35mMetrics[0m] in [1mtemplates/admin_test_history.html[0m:
  LOC - 551
Found [[35mMetrics[0m] in [1mtemplates/email_list_new.html[0m:
  LOC - 372
Found [[35mMetrics[0m] in [1mtemplates/integrated_timeline.html[0m:
  LOC - 181
Found [[35mMetrics[0m] in [1mtemplates/index.html[0m:
  LOC - 119
Found [[35mMetrics[0m] in [1mtemplates/index_new.html[0m:
  LOC - 516
Found [[35mMetrics[0m] in [1mtemplates/admin_logs.html[0m:
  LOC - 121
Found [[35mMetrics[0m] in [1mtemplates/ui_wireframe.html[0m:
  LOC - 90
Found [[35mMetrics[0m] in [1mscripts/vscode_diagnostics_20250916_153831/workbench.html[0m:
  LOC - 65
Found [[35mMetrics[0m] in [1mtemplates/upload.html[0m:
  LOC - 257
Found [[35mMetrics[0m] in [1mscripts/vscode_diagnostics_20250916_153811/workbench.html[0m:
  LOC - 65
Found [[35mMetrics[0m] in [1mtemplates/email_detail.html[0m:
  LOC - 267
Found [[35mMetrics[0m] in [1mtemplates/verify_integrity.html[0m:
  LOC - 207
Found [[35mMetrics[0m] in [1mtemplates/health_check.html[0m:
  LOC - 332
Found [[35mMetrics[0m] in [1mtemplates/admin_jobs.html[0m:
  LOC - 62
Found [[35mMetrics[0m] in [1mtemplates/admin_system_tests.html[0m:
  LOC - 1196
Found [[35mMetrics[0m] in [1mtemplates/log_viewer.html[0m:
  LOC - 299
Found [[35mMetrics[0m] in [1mtemplates/additional_evidence.html[0m:
  LOC - 310
Found [[35mMetrics[0m] in [1mtemplates/admin_evidence_detail.html[0m:
  LOC - 84
Found [[35mMetrics[0m] in [1mscripts/vscode_diagnostics_20250916_153825/workbench.html[0m:
  LOC - 65
Found [[35mMetrics[0m] in [1mtools/server_manager.ps1[0m:
  LOC - 102
Found [[35mMetrics[0m] in [1mstatic/js/common.js[0m:
  LOC - 154
Found [[35mMetrics[0m] in [1m.serena/project.yml[0m:
  LOC - 86
Found [[35mMetrics[0m] in [1mstatic/js/common.js[0m:
  LOC - 154
Analysis complete
Codacy analysis finished.
----- 2026-01-23 18:40:53 -----
2026-01-23 18:32:18.159056500 +0900 249744 codacy_run.log
--- docker ps (codacy) ---
CONTAINER ID   IMAGE     STATUS    NAMES
--- last 50 lines of codacy_run.log ---
Found [[35mMetrics[0m] in [1mtemplates/evidence_management.html[0m:
  LOC - 259
Found [[35mMetrics[0m] in [1mtemplates/admin_test_history.html[0m:
  LOC - 551
Found [[35mMetrics[0m] in [1mtemplates/email_list_new.html[0m:
  LOC - 372
Found [[35mMetrics[0m] in [1mtemplates/integrated_timeline.html[0m:
  LOC - 181
Found [[35mMetrics[0m] in [1mtemplates/index.html[0m:
  LOC - 119
Found [[35mMetrics[0m] in [1mtemplates/index_new.html[0m:
  LOC - 516
Found [[35mMetrics[0m] in [1mtemplates/admin_logs.html[0m:
  LOC - 121
Found [[35mMetrics[0m] in [1mtemplates/ui_wireframe.html[0m:
  LOC - 90
Found [[35mMetrics[0m] in [1mscripts/vscode_diagnostics_20250916_153831/workbench.html[0m:
  LOC - 65
Found [[35mMetrics[0m] in [1mtemplates/upload.html[0m:
  LOC - 257
Found [[35mMetrics[0m] in [1mscripts/vscode_diagnostics_20250916_153811/workbench.html[0m:
  LOC - 65
Found [[35mMetrics[0m] in [1mtemplates/email_detail.html[0m:
  LOC - 267
Found [[35mMetrics[0m] in [1mtemplates/verify_integrity.html[0m:
  LOC - 207
Found [[35mMetrics[0m] in [1mtemplates/health_check.html[0m:
  LOC - 332
Found [[35mMetrics[0m] in [1mtemplates/admin_jobs.html[0m:
  LOC - 62
Found [[35mMetrics[0m] in [1mtemplates/admin_system_tests.html[0m:
  LOC - 1196
Found [[35mMetrics[0m] in [1mtemplates/log_viewer.html[0m:
  LOC - 299
Found [[35mMetrics[0m] in [1mtemplates/additional_evidence.html[0m:
  LOC - 310
Found [[35mMetrics[0m] in [1mtemplates/admin_evidence_detail.html[0m:
  LOC - 84
Found [[35mMetrics[0m] in [1mscripts/vscode_diagnostics_20250916_153825/workbench.html[0m:
  LOC - 65
Found [[35mMetrics[0m] in [1mtools/server_manager.ps1[0m:
  LOC - 102
Found [[35mMetrics[0m] in [1mstatic/js/common.js[0m:
  LOC - 154
Found [[35mMetrics[0m] in [1m.serena/project.yml[0m:
  LOC - 86
Found [[35mMetrics[0m] in [1mstatic/js/common.js[0m:
  LOC - 154
Analysis complete
Codacy analysis finished.
----- 2026-01-23 18:41:56 -----
2026-01-23 18:32:18.159056500 +0900 249744 codacy_run.log
--- docker ps (codacy) ---
CONTAINER ID   IMAGE     STATUS    NAMES
--- last 50 lines of codacy_run.log ---
Found [[35mMetrics[0m] in [1mtemplates/evidence_management.html[0m:
  LOC - 259
Found [[35mMetrics[0m] in [1mtemplates/admin_test_history.html[0m:
  LOC - 551
Found [[35mMetrics[0m] in [1mtemplates/email_list_new.html[0m:
  LOC - 372
Found [[35mMetrics[0m] in [1mtemplates/integrated_timeline.html[0m:
  LOC - 181
Found [[35mMetrics[0m] in [1mtemplates/index.html[0m:
  LOC - 119
Found [[35mMetrics[0m] in [1mtemplates/index_new.html[0m:
  LOC - 516
Found [[35mMetrics[0m] in [1mtemplates/admin_logs.html[0m:
  LOC - 121
Found [[35mMetrics[0m] in [1mtemplates/ui_wireframe.html[0m:
  LOC - 90
Found [[35mMetrics[0m] in [1mscripts/vscode_diagnostics_20250916_153831/workbench.html[0m:
  LOC - 65
Found [[35mMetrics[0m] in [1mtemplates/upload.html[0m:
  LOC - 257
Found [[35mMetrics[0m] in [1mscripts/vscode_diagnostics_20250916_153811/workbench.html[0m:
  LOC - 65
Found [[35mMetrics[0m] in [1mtemplates/email_detail.html[0m:
  LOC - 267
Found [[35mMetrics[0m] in [1mtemplates/verify_integrity.html[0m:
  LOC - 207
Found [[35mMetrics[0m] in [1mtemplates/health_check.html[0m:
  LOC - 332
Found [[35mMetrics[0m] in [1mtemplates/admin_jobs.html[0m:
  LOC - 62
Found [[35mMetrics[0m] in [1mtemplates/admin_system_tests.html[0m:
  LOC - 1196
Found [[35mMetrics[0m] in [1mtemplates/log_viewer.html[0m:
  LOC - 299
Found [[35mMetrics[0m] in [1mtemplates/additional_evidence.html[0m:
  LOC - 310
Found [[35mMetrics[0m] in [1mtemplates/admin_evidence_detail.html[0m:
  LOC - 84
Found [[35mMetrics[0m] in [1mscripts/vscode_diagnostics_20250916_153825/workbench.html[0m:
  LOC - 65
Found [[35mMetrics[0m] in [1mtools/server_manager.ps1[0m:
  LOC - 102
Found [[35mMetrics[0m] in [1mstatic/js/common.js[0m:
  LOC - 154
Found [[35mMetrics[0m] in [1m.serena/project.yml[0m:
  LOC - 86
Found [[35mMetrics[0m] in [1mstatic/js/common.js[0m:
  LOC - 154
Analysis complete
Codacy analysis finished.
----- 2026-01-23 18:42:59 -----
2026-01-23 18:32:18.159056500 +0900 249744 codacy_run.log
--- docker ps (codacy) ---
CONTAINER ID   IMAGE     STATUS    NAMES
--- last 50 lines of codacy_run.log ---
Found [[35mMetrics[0m] in [1mtemplates/evidence_management.html[0m:
  LOC - 259
Found [[35mMetrics[0m] in [1mtemplates/admin_test_history.html[0m:
  LOC - 551
Found [[35mMetrics[0m] in [1mtemplates/email_list_new.html[0m:
  LOC - 372
Found [[35mMetrics[0m] in [1mtemplates/integrated_timeline.html[0m:
  LOC - 181
Found [[35mMetrics[0m] in [1mtemplates/index.html[0m:
  LOC - 119
Found [[35mMetrics[0m] in [1mtemplates/index_new.html[0m:
  LOC - 516
Found [[35mMetrics[0m] in [1mtemplates/admin_logs.html[0m:
  LOC - 121
Found [[35mMetrics[0m] in [1mtemplates/ui_wireframe.html[0m:
  LOC - 90
Found [[35mMetrics[0m] in [1mscripts/vscode_diagnostics_20250916_153831/workbench.html[0m:
  LOC - 65
Found [[35mMetrics[0m] in [1mtemplates/upload.html[0m:
  LOC - 257
Found [[35mMetrics[0m] in [1mscripts/vscode_diagnostics_20250916_153811/workbench.html[0m:
  LOC - 65
Found [[35mMetrics[0m] in [1mtemplates/email_detail.html[0m:
  LOC - 267
Found [[35mMetrics[0m] in [1mtemplates/verify_integrity.html[0m:
  LOC - 207
Found [[35mMetrics[0m] in [1mtemplates/health_check.html[0m:
  LOC - 332
Found [[35mMetrics[0m] in [1mtemplates/admin_jobs.html[0m:
  LOC - 62
Found [[35mMetrics[0m] in [1mtemplates/admin_system_tests.html[0m:
  LOC - 1196
Found [[35mMetrics[0m] in [1mtemplates/log_viewer.html[0m:
  LOC - 299
Found [[35mMetrics[0m] in [1mtemplates/additional_evidence.html[0m:
  LOC - 310
Found [[35mMetrics[0m] in [1mtemplates/admin_evidence_detail.html[0m:
  LOC - 84
Found [[35mMetrics[0m] in [1mscripts/vscode_diagnostics_20250916_153825/workbench.html[0m:
  LOC - 65
Found [[35mMetrics[0m] in [1mtools/server_manager.ps1[0m:
  LOC - 102
Found [[35mMetrics[0m] in [1mstatic/js/common.js[0m:
  LOC - 154
Found [[35mMetrics[0m] in [1m.serena/project.yml[0m:
  LOC - 86
Found [[35mMetrics[0m] in [1mstatic/js/common.js[0m:
  LOC - 154
Analysis complete
Codacy analysis finished.
----- 2026-01-23 18:44:03 -----
2026-01-23 18:32:18.159056500 +0900 249744 codacy_run.log
--- docker ps (codacy) ---
CONTAINER ID   IMAGE     STATUS    NAMES
--- last 50 lines of codacy_run.log ---
Found [[35mMetrics[0m] in [1mtemplates/evidence_management.html[0m:
  LOC - 259
Found [[35mMetrics[0m] in [1mtemplates/admin_test_history.html[0m:
  LOC - 551
Found [[35mMetrics[0m] in [1mtemplates/email_list_new.html[0m:
  LOC - 372
Found [[35mMetrics[0m] in [1mtemplates/integrated_timeline.html[0m:
  LOC - 181
Found [[35mMetrics[0m] in [1mtemplates/index.html[0m:
  LOC - 119
Found [[35mMetrics[0m] in [1mtemplates/index_new.html[0m:
  LOC - 516
Found [[35mMetrics[0m] in [1mtemplates/admin_logs.html[0m:
  LOC - 121
Found [[35mMetrics[0m] in [1mtemplates/ui_wireframe.html[0m:
  LOC - 90
Found [[35mMetrics[0m] in [1mscripts/vscode_diagnostics_20250916_153831/workbench.html[0m:
  LOC - 65
Found [[35mMetrics[0m] in [1mtemplates/upload.html[0m:
  LOC - 257
Found [[35mMetrics[0m] in [1mscripts/vscode_diagnostics_20250916_153811/workbench.html[0m:
  LOC - 65
Found [[35mMetrics[0m] in [1mtemplates/email_detail.html[0m:
  LOC - 267
Found [[35mMetrics[0m] in [1mtemplates/verify_integrity.html[0m:
  LOC - 207
Found [[35mMetrics[0m] in [1mtemplates/health_check.html[0m:
  LOC - 332
Found [[35mMetrics[0m] in [1mtemplates/admin_jobs.html[0m:
  LOC - 62
Found [[35mMetrics[0m] in [1mtemplates/admin_system_tests.html[0m:
  LOC - 1196
Found [[35mMetrics[0m] in [1mtemplates/log_viewer.html[0m:
  LOC - 299
Found [[35mMetrics[0m] in [1mtemplates/additional_evidence.html[0m:
  LOC - 310
Found [[35mMetrics[0m] in [1mtemplates/admin_evidence_detail.html[0m:
  LOC - 84
Found [[35mMetrics[0m] in [1mscripts/vscode_diagnostics_20250916_153825/workbench.html[0m:
  LOC - 65
Found [[35mMetrics[0m] in [1mtools/server_manager.ps1[0m:
  LOC - 102
Found [[35mMetrics[0m] in [1mstatic/js/common.js[0m:
  LOC - 154
Found [[35mMetrics[0m] in [1m.serena/project.yml[0m:
  LOC - 86
Found [[35mMetrics[0m] in [1mstatic/js/common.js[0m:
  LOC - 154
Analysis complete
Codacy analysis finished.
----- 2026-01-23 18:45:06 -----
2026-01-23 18:32:18.159056500 +0900 249744 codacy_run.log
--- docker ps (codacy) ---
CONTAINER ID   IMAGE     STATUS    NAMES
--- last 50 lines of codacy_run.log ---
Found [[35mMetrics[0m] in [1mtemplates/evidence_management.html[0m:
  LOC - 259
Found [[35mMetrics[0m] in [1mtemplates/admin_test_history.html[0m:
  LOC - 551
Found [[35mMetrics[0m] in [1mtemplates/email_list_new.html[0m:
  LOC - 372
Found [[35mMetrics[0m] in [1mtemplates/integrated_timeline.html[0m:
  LOC - 181
Found [[35mMetrics[0m] in [1mtemplates/index.html[0m:
  LOC - 119
Found [[35mMetrics[0m] in [1mtemplates/index_new.html[0m:
  LOC - 516
Found [[35mMetrics[0m] in [1mtemplates/admin_logs.html[0m:
  LOC - 121
Found [[35mMetrics[0m] in [1mtemplates/ui_wireframe.html[0m:
  LOC - 90
Found [[35mMetrics[0m] in [1mscripts/vscode_diagnostics_20250916_153831/workbench.html[0m:
  LOC - 65
Found [[35mMetrics[0m] in [1mtemplates/upload.html[0m:
  LOC - 257
Found [[35mMetrics[0m] in [1mscripts/vscode_diagnostics_20250916_153811/workbench.html[0m:
  LOC - 65
Found [[35mMetrics[0m] in [1mtemplates/email_detail.html[0m:
  LOC - 267
Found [[35mMetrics[0m] in [1mtemplates/verify_integrity.html[0m:
  LOC - 207
Found [[35mMetrics[0m] in [1mtemplates/health_check.html[0m:
  LOC - 332
Found [[35mMetrics[0m] in [1mtemplates/admin_jobs.html[0m:
  LOC - 62
Found [[35mMetrics[0m] in [1mtemplates/admin_system_tests.html[0m:
  LOC - 1196
Found [[35mMetrics[0m] in [1mtemplates/log_viewer.html[0m:
  LOC - 299
Found [[35mMetrics[0m] in [1mtemplates/additional_evidence.html[0m:
  LOC - 310
Found [[35mMetrics[0m] in [1mtemplates/admin_evidence_detail.html[0m:
  LOC - 84
Found [[35mMetrics[0m] in [1mscripts/vscode_diagnostics_20250916_153825/workbench.html[0m:
  LOC - 65
Found [[35mMetrics[0m] in [1mtools/server_manager.ps1[0m:
  LOC - 102
Found [[35mMetrics[0m] in [1mstatic/js/common.js[0m:
  LOC - 154
Found [[35mMetrics[0m] in [1m.serena/project.yml[0m:
  LOC - 86
Found [[35mMetrics[0m] in [1mstatic/js/common.js[0m:
  LOC - 154
Analysis complete
Codacy analysis finished.
----- 2026-01-23 18:46:09 -----
2026-01-23 18:32:18.159056500 +0900 249744 codacy_run.log
--- docker ps (codacy) ---
CONTAINER ID   IMAGE     STATUS    NAMES
--- last 50 lines of codacy_run.log ---
Found [[35mMetrics[0m] in [1mtemplates/evidence_management.html[0m:
  LOC - 259
Found [[35mMetrics[0m] in [1mtemplates/admin_test_history.html[0m:
  LOC - 551
Found [[35mMetrics[0m] in [1mtemplates/email_list_new.html[0m:
  LOC - 372
Found [[35mMetrics[0m] in [1mtemplates/integrated_timeline.html[0m:
  LOC - 181
Found [[35mMetrics[0m] in [1mtemplates/index.html[0m:
  LOC - 119
Found [[35mMetrics[0m] in [1mtemplates/index_new.html[0m:
  LOC - 516
Found [[35mMetrics[0m] in [1mtemplates/admin_logs.html[0m:
  LOC - 121
Found [[35mMetrics[0m] in [1mtemplates/ui_wireframe.html[0m:
  LOC - 90
Found [[35mMetrics[0m] in [1mscripts/vscode_diagnostics_20250916_153831/workbench.html[0m:
  LOC - 65
Found [[35mMetrics[0m] in [1mtemplates/upload.html[0m:
  LOC - 257
Found [[35mMetrics[0m] in [1mscripts/vscode_diagnostics_20250916_153811/workbench.html[0m:
  LOC - 65
Found [[35mMetrics[0m] in [1mtemplates/email_detail.html[0m:
  LOC - 267
Found [[35mMetrics[0m] in [1mtemplates/verify_integrity.html[0m:
  LOC - 207
Found [[35mMetrics[0m] in [1mtemplates/health_check.html[0m:
  LOC - 332
Found [[35mMetrics[0m] in [1mtemplates/admin_jobs.html[0m:
  LOC - 62
Found [[35mMetrics[0m] in [1mtemplates/admin_system_tests.html[0m:
  LOC - 1196
Found [[35mMetrics[0m] in [1mtemplates/log_viewer.html[0m:
  LOC - 299
Found [[35mMetrics[0m] in [1mtemplates/additional_evidence.html[0m:
  LOC - 310
Found [[35mMetrics[0m] in [1mtemplates/admin_evidence_detail.html[0m:
  LOC - 84
Found [[35mMetrics[0m] in [1mscripts/vscode_diagnostics_20250916_153825/workbench.html[0m:
  LOC - 65
Found [[35mMetrics[0m] in [1mtools/server_manager.ps1[0m:
  LOC - 102
Found [[35mMetrics[0m] in [1mstatic/js/common.js[0m:
  LOC - 154
Found [[35mMetrics[0m] in [1m.serena/project.yml[0m:
  LOC - 86
Found [[35mMetrics[0m] in [1mstatic/js/common.js[0m:
  LOC - 154
Analysis complete
Codacy analysis finished.
----- 2026-01-23 18:47:11 -----
2026-01-23 18:32:18.159056500 +0900 249744 codacy_run.log
--- docker ps (codacy) ---
CONTAINER ID   IMAGE     STATUS    NAMES
--- last 50 lines of codacy_run.log ---
Found [[35mMetrics[0m] in [1mtemplates/evidence_management.html[0m:
  LOC - 259
Found [[35mMetrics[0m] in [1mtemplates/admin_test_history.html[0m:
  LOC - 551
Found [[35mMetrics[0m] in [1mtemplates/email_list_new.html[0m:
  LOC - 372
Found [[35mMetrics[0m] in [1mtemplates/integrated_timeline.html[0m:
  LOC - 181
Found [[35mMetrics[0m] in [1mtemplates/index.html[0m:
  LOC - 119
Found [[35mMetrics[0m] in [1mtemplates/index_new.html[0m:
  LOC - 516
Found [[35mMetrics[0m] in [1mtemplates/admin_logs.html[0m:
  LOC - 121
Found [[35mMetrics[0m] in [1mtemplates/ui_wireframe.html[0m:
  LOC - 90
Found [[35mMetrics[0m] in [1mscripts/vscode_diagnostics_20250916_153831/workbench.html[0m:
  LOC - 65
Found [[35mMetrics[0m] in [1mtemplates/upload.html[0m:
  LOC - 257
Found [[35mMetrics[0m] in [1mscripts/vscode_diagnostics_20250916_153811/workbench.html[0m:
  LOC - 65
Found [[35mMetrics[0m] in [1mtemplates/email_detail.html[0m:
  LOC - 267
Found [[35mMetrics[0m] in [1mtemplates/verify_integrity.html[0m:
  LOC - 207
Found [[35mMetrics[0m] in [1mtemplates/health_check.html[0m:
  LOC - 332
Found [[35mMetrics[0m] in [1mtemplates/admin_jobs.html[0m:
  LOC - 62
Found [[35mMetrics[0m] in [1mtemplates/admin_system_tests.html[0m:
  LOC - 1196
Found [[35mMetrics[0m] in [1mtemplates/log_viewer.html[0m:
  LOC - 299
Found [[35mMetrics[0m] in [1mtemplates/additional_evidence.html[0m:
  LOC - 310
Found [[35mMetrics[0m] in [1mtemplates/admin_evidence_detail.html[0m:
  LOC - 84
Found [[35mMetrics[0m] in [1mscripts/vscode_diagnostics_20250916_153825/workbench.html[0m:
  LOC - 65
Found [[35mMetrics[0m] in [1mtools/server_manager.ps1[0m:
  LOC - 102
Found [[35mMetrics[0m] in [1mstatic/js/common.js[0m:
  LOC - 154
Found [[35mMetrics[0m] in [1m.serena/project.yml[0m:
  LOC - 86
Found [[35mMetrics[0m] in [1mstatic/js/common.js[0m:
  LOC - 154
Analysis complete
Codacy analysis finished.
----- 2026-01-23 18:48:15 -----
2026-01-23 18:32:18.159056500 +0900 249744 codacy_run.log
--- docker ps (codacy) ---
CONTAINER ID   IMAGE     STATUS    NAMES
--- last 50 lines of codacy_run.log ---
Found [[35mMetrics[0m] in [1mtemplates/evidence_management.html[0m:
  LOC - 259
Found [[35mMetrics[0m] in [1mtemplates/admin_test_history.html[0m:
  LOC - 551
Found [[35mMetrics[0m] in [1mtemplates/email_list_new.html[0m:
  LOC - 372
Found [[35mMetrics[0m] in [1mtemplates/integrated_timeline.html[0m:
  LOC - 181
Found [[35mMetrics[0m] in [1mtemplates/index.html[0m:
  LOC - 119
Found [[35mMetrics[0m] in [1mtemplates/index_new.html[0m:
  LOC - 516
Found [[35mMetrics[0m] in [1mtemplates/admin_logs.html[0m:
  LOC - 121
Found [[35mMetrics[0m] in [1mtemplates/ui_wireframe.html[0m:
  LOC - 90
Found [[35mMetrics[0m] in [1mscripts/vscode_diagnostics_20250916_153831/workbench.html[0m:
  LOC - 65
Found [[35mMetrics[0m] in [1mtemplates/upload.html[0m:
  LOC - 257
Found [[35mMetrics[0m] in [1mscripts/vscode_diagnostics_20250916_153811/workbench.html[0m:
  LOC - 65
Found [[35mMetrics[0m] in [1mtemplates/email_detail.html[0m:
  LOC - 267
Found [[35mMetrics[0m] in [1mtemplates/verify_integrity.html[0m:
  LOC - 207
Found [[35mMetrics[0m] in [1mtemplates/health_check.html[0m:
  LOC - 332
Found [[35mMetrics[0m] in [1mtemplates/admin_jobs.html[0m:
  LOC - 62
Found [[35mMetrics[0m] in [1mtemplates/admin_system_tests.html[0m:
  LOC - 1196
Found [[35mMetrics[0m] in [1mtemplates/log_viewer.html[0m:
  LOC - 299
Found [[35mMetrics[0m] in [1mtemplates/additional_evidence.html[0m:
  LOC - 310
Found [[35mMetrics[0m] in [1mtemplates/admin_evidence_detail.html[0m:
  LOC - 84
Found [[35mMetrics[0m] in [1mscripts/vscode_diagnostics_20250916_153825/workbench.html[0m:
  LOC - 65
Found [[35mMetrics[0m] in [1mtools/server_manager.ps1[0m:
  LOC - 102
Found [[35mMetrics[0m] in [1mstatic/js/common.js[0m:
  LOC - 154
Found [[35mMetrics[0m] in [1m.serena/project.yml[0m:
  LOC - 86
Found [[35mMetrics[0m] in [1mstatic/js/common.js[0m:
  LOC - 154
Analysis complete
Codacy analysis finished.
----- 2026-01-23 18:49:19 -----
2026-01-23 18:32:18.159056500 +0900 249744 codacy_run.log
--- docker ps (codacy) ---
CONTAINER ID   IMAGE     STATUS    NAMES
--- last 50 lines of codacy_run.log ---
Found [[35mMetrics[0m] in [1mtemplates/evidence_management.html[0m:
  LOC - 259
Found [[35mMetrics[0m] in [1mtemplates/admin_test_history.html[0m:
  LOC - 551
Found [[35mMetrics[0m] in [1mtemplates/email_list_new.html[0m:
  LOC - 372
Found [[35mMetrics[0m] in [1mtemplates/integrated_timeline.html[0m:
  LOC - 181
Found [[35mMetrics[0m] in [1mtemplates/index.html[0m:
  LOC - 119
Found [[35mMetrics[0m] in [1mtemplates/index_new.html[0m:
  LOC - 516
Found [[35mMetrics[0m] in [1mtemplates/admin_logs.html[0m:
  LOC - 121
Found [[35mMetrics[0m] in [1mtemplates/ui_wireframe.html[0m:
  LOC - 90
Found [[35mMetrics[0m] in [1mscripts/vscode_diagnostics_20250916_153831/workbench.html[0m:
  LOC - 65
Found [[35mMetrics[0m] in [1mtemplates/upload.html[0m:
  LOC - 257
Found [[35mMetrics[0m] in [1mscripts/vscode_diagnostics_20250916_153811/workbench.html[0m:
  LOC - 65
Found [[35mMetrics[0m] in [1mtemplates/email_detail.html[0m:
  LOC - 267
Found [[35mMetrics[0m] in [1mtemplates/verify_integrity.html[0m:
  LOC - 207
Found [[35mMetrics[0m] in [1mtemplates/health_check.html[0m:
  LOC - 332
Found [[35mMetrics[0m] in [1mtemplates/admin_jobs.html[0m:
  LOC - 62
Found [[35mMetrics[0m] in [1mtemplates/admin_system_tests.html[0m:
  LOC - 1196
Found [[35mMetrics[0m] in [1mtemplates/log_viewer.html[0m:
  LOC - 299
Found [[35mMetrics[0m] in [1mtemplates/additional_evidence.html[0m:
  LOC - 310
Found [[35mMetrics[0m] in [1mtemplates/admin_evidence_detail.html[0m:
  LOC - 84
Found [[35mMetrics[0m] in [1mscripts/vscode_diagnostics_20250916_153825/workbench.html[0m:
  LOC - 65
Found [[35mMetrics[0m] in [1mtools/server_manager.ps1[0m:
  LOC - 102
Found [[35mMetrics[0m] in [1mstatic/js/common.js[0m:
  LOC - 154
Found [[35mMetrics[0m] in [1m.serena/project.yml[0m:
  LOC - 86
Found [[35mMetrics[0m] in [1mstatic/js/common.js[0m:
  LOC - 154
Analysis complete
Codacy analysis finished.
----- 2026-01-23 18:50:22 -----
2026-01-23 18:32:18.159056500 +0900 249744 codacy_run.log
--- docker ps (codacy) ---
CONTAINER ID   IMAGE     STATUS    NAMES
--- last 50 lines of codacy_run.log ---
Found [[35mMetrics[0m] in [1mtemplates/evidence_management.html[0m:
  LOC - 259
Found [[35mMetrics[0m] in [1mtemplates/admin_test_history.html[0m:
  LOC - 551
Found [[35mMetrics[0m] in [1mtemplates/email_list_new.html[0m:
  LOC - 372
Found [[35mMetrics[0m] in [1mtemplates/integrated_timeline.html[0m:
  LOC - 181
Found [[35mMetrics[0m] in [1mtemplates/index.html[0m:
  LOC - 119
Found [[35mMetrics[0m] in [1mtemplates/index_new.html[0m:
  LOC - 516
Found [[35mMetrics[0m] in [1mtemplates/admin_logs.html[0m:
  LOC - 121
Found [[35mMetrics[0m] in [1mtemplates/ui_wireframe.html[0m:
  LOC - 90
Found [[35mMetrics[0m] in [1mscripts/vscode_diagnostics_20250916_153831/workbench.html[0m:
  LOC - 65
Found [[35mMetrics[0m] in [1mtemplates/upload.html[0m:
  LOC - 257
Found [[35mMetrics[0m] in [1mscripts/vscode_diagnostics_20250916_153811/workbench.html[0m:
  LOC - 65
Found [[35mMetrics[0m] in [1mtemplates/email_detail.html[0m:
  LOC - 267
Found [[35mMetrics[0m] in [1mtemplates/verify_integrity.html[0m:
  LOC - 207
Found [[35mMetrics[0m] in [1mtemplates/health_check.html[0m:
  LOC - 332
Found [[35mMetrics[0m] in [1mtemplates/admin_jobs.html[0m:
  LOC - 62
Found [[35mMetrics[0m] in [1mtemplates/admin_system_tests.html[0m:
  LOC - 1196
Found [[35mMetrics[0m] in [1mtemplates/log_viewer.html[0m:
  LOC - 299
Found [[35mMetrics[0m] in [1mtemplates/additional_evidence.html[0m:
  LOC - 310
Found [[35mMetrics[0m] in [1mtemplates/admin_evidence_detail.html[0m:
  LOC - 84
Found [[35mMetrics[0m] in [1mscripts/vscode_diagnostics_20250916_153825/workbench.html[0m:
  LOC - 65
Found [[35mMetrics[0m] in [1mtools/server_manager.ps1[0m:
  LOC - 102
Found [[35mMetrics[0m] in [1mstatic/js/common.js[0m:
  LOC - 154
Found [[35mMetrics[0m] in [1m.serena/project.yml[0m:
  LOC - 86
Found [[35mMetrics[0m] in [1mstatic/js/common.js[0m:
  LOC - 154
Analysis complete
Codacy analysis finished.
----- 2026-01-23 18:51:26 -----
2026-01-23 18:32:18.159056500 +0900 249744 codacy_run.log
--- docker ps (codacy) ---
CONTAINER ID   IMAGE     STATUS    NAMES
--- last 50 lines of codacy_run.log ---
Found [[35mMetrics[0m] in [1mtemplates/evidence_management.html[0m:
  LOC - 259
Found [[35mMetrics[0m] in [1mtemplates/admin_test_history.html[0m:
  LOC - 551
Found [[35mMetrics[0m] in [1mtemplates/email_list_new.html[0m:
  LOC - 372
Found [[35mMetrics[0m] in [1mtemplates/integrated_timeline.html[0m:
  LOC - 181
Found [[35mMetrics[0m] in [1mtemplates/index.html[0m:
  LOC - 119
Found [[35mMetrics[0m] in [1mtemplates/index_new.html[0m:
  LOC - 516
Found [[35mMetrics[0m] in [1mtemplates/admin_logs.html[0m:
  LOC - 121
Found [[35mMetrics[0m] in [1mtemplates/ui_wireframe.html[0m:
  LOC - 90
Found [[35mMetrics[0m] in [1mscripts/vscode_diagnostics_20250916_153831/workbench.html[0m:
  LOC - 65
Found [[35mMetrics[0m] in [1mtemplates/upload.html[0m:
  LOC - 257
Found [[35mMetrics[0m] in [1mscripts/vscode_diagnostics_20250916_153811/workbench.html[0m:
  LOC - 65
Found [[35mMetrics[0m] in [1mtemplates/email_detail.html[0m:
  LOC - 267
Found [[35mMetrics[0m] in [1mtemplates/verify_integrity.html[0m:
  LOC - 207
Found [[35mMetrics[0m] in [1mtemplates/health_check.html[0m:
  LOC - 332
Found [[35mMetrics[0m] in [1mtemplates/admin_jobs.html[0m:
  LOC - 62
Found [[35mMetrics[0m] in [1mtemplates/admin_system_tests.html[0m:
  LOC - 1196
Found [[35mMetrics[0m] in [1mtemplates/log_viewer.html[0m:
  LOC - 299
Found [[35mMetrics[0m] in [1mtemplates/additional_evidence.html[0m:
  LOC - 310
Found [[35mMetrics[0m] in [1mtemplates/admin_evidence_detail.html[0m:
  LOC - 84
Found [[35mMetrics[0m] in [1mscripts/vscode_diagnostics_20250916_153825/workbench.html[0m:
  LOC - 65
Found [[35mMetrics[0m] in [1mtools/server_manager.ps1[0m:
  LOC - 102
Found [[35mMetrics[0m] in [1mstatic/js/common.js[0m:
  LOC - 154
Found [[35mMetrics[0m] in [1m.serena/project.yml[0m:
  LOC - 86
Found [[35mMetrics[0m] in [1mstatic/js/common.js[0m:
  LOC - 154
Analysis complete
Codacy analysis finished.
----- 2026-01-23 18:52:30 -----
2026-01-23 18:32:18.159056500 +0900 249744 codacy_run.log
--- docker ps (codacy) ---
CONTAINER ID   IMAGE     STATUS    NAMES
--- last 50 lines of codacy_run.log ---
Found [[35mMetrics[0m] in [1mtemplates/evidence_management.html[0m:
  LOC - 259
Found [[35mMetrics[0m] in [1mtemplates/admin_test_history.html[0m:
  LOC - 551
Found [[35mMetrics[0m] in [1mtemplates/email_list_new.html[0m:
  LOC - 372
Found [[35mMetrics[0m] in [1mtemplates/integrated_timeline.html[0m:
  LOC - 181
Found [[35mMetrics[0m] in [1mtemplates/index.html[0m:
  LOC - 119
Found [[35mMetrics[0m] in [1mtemplates/index_new.html[0m:
  LOC - 516
Found [[35mMetrics[0m] in [1mtemplates/admin_logs.html[0m:
  LOC - 121
Found [[35mMetrics[0m] in [1mtemplates/ui_wireframe.html[0m:
  LOC - 90
Found [[35mMetrics[0m] in [1mscripts/vscode_diagnostics_20250916_153831/workbench.html[0m:
  LOC - 65
Found [[35mMetrics[0m] in [1mtemplates/upload.html[0m:
  LOC - 257
Found [[35mMetrics[0m] in [1mscripts/vscode_diagnostics_20250916_153811/workbench.html[0m:
  LOC - 65
Found [[35mMetrics[0m] in [1mtemplates/email_detail.html[0m:
  LOC - 267
Found [[35mMetrics[0m] in [1mtemplates/verify_integrity.html[0m:
  LOC - 207
Found [[35mMetrics[0m] in [1mtemplates/health_check.html[0m:
  LOC - 332
Found [[35mMetrics[0m] in [1mtemplates/admin_jobs.html[0m:
  LOC - 62
Found [[35mMetrics[0m] in [1mtemplates/admin_system_tests.html[0m:
  LOC - 1196
Found [[35mMetrics[0m] in [1mtemplates/log_viewer.html[0m:
  LOC - 299
Found [[35mMetrics[0m] in [1mtemplates/additional_evidence.html[0m:
  LOC - 310
Found [[35mMetrics[0m] in [1mtemplates/admin_evidence_detail.html[0m:
  LOC - 84
Found [[35mMetrics[0m] in [1mscripts/vscode_diagnostics_20250916_153825/workbench.html[0m:
  LOC - 65
Found [[35mMetrics[0m] in [1mtools/server_manager.ps1[0m:
  LOC - 102
Found [[35mMetrics[0m] in [1mstatic/js/common.js[0m:
  LOC - 154
Found [[35mMetrics[0m] in [1m.serena/project.yml[0m:
  LOC - 86
Found [[35mMetrics[0m] in [1mstatic/js/common.js[0m:
  LOC - 154
Analysis complete
Codacy analysis finished.
----- 2026-01-23 18:53:33 -----
2026-01-23 18:32:18.159056500 +0900 249744 codacy_run.log
--- docker ps (codacy) ---
CONTAINER ID   IMAGE     STATUS    NAMES
--- last 50 lines of codacy_run.log ---
Found [[35mMetrics[0m] in [1mtemplates/evidence_management.html[0m:
  LOC - 259
Found [[35mMetrics[0m] in [1mtemplates/admin_test_history.html[0m:
  LOC - 551
Found [[35mMetrics[0m] in [1mtemplates/email_list_new.html[0m:
  LOC - 372
Found [[35mMetrics[0m] in [1mtemplates/integrated_timeline.html[0m:
  LOC - 181
Found [[35mMetrics[0m] in [1mtemplates/index.html[0m:
  LOC - 119
Found [[35mMetrics[0m] in [1mtemplates/index_new.html[0m:
  LOC - 516
Found [[35mMetrics[0m] in [1mtemplates/admin_logs.html[0m:
  LOC - 121
Found [[35mMetrics[0m] in [1mtemplates/ui_wireframe.html[0m:
  LOC - 90
Found [[35mMetrics[0m] in [1mscripts/vscode_diagnostics_20250916_153831/workbench.html[0m:
  LOC - 65
Found [[35mMetrics[0m] in [1mtemplates/upload.html[0m:
  LOC - 257
Found [[35mMetrics[0m] in [1mscripts/vscode_diagnostics_20250916_153811/workbench.html[0m:
  LOC - 65
Found [[35mMetrics[0m] in [1mtemplates/email_detail.html[0m:
  LOC - 267
Found [[35mMetrics[0m] in [1mtemplates/verify_integrity.html[0m:
  LOC - 207
Found [[35mMetrics[0m] in [1mtemplates/health_check.html[0m:
  LOC - 332
Found [[35mMetrics[0m] in [1mtemplates/admin_jobs.html[0m:
  LOC - 62
Found [[35mMetrics[0m] in [1mtemplates/admin_system_tests.html[0m:
  LOC - 1196
Found [[35mMetrics[0m] in [1mtemplates/log_viewer.html[0m:
  LOC - 299
Found [[35mMetrics[0m] in [1mtemplates/additional_evidence.html[0m:
  LOC - 310
Found [[35mMetrics[0m] in [1mtemplates/admin_evidence_detail.html[0m:
  LOC - 84
Found [[35mMetrics[0m] in [1mscripts/vscode_diagnostics_20250916_153825/workbench.html[0m:
  LOC - 65
Found [[35mMetrics[0m] in [1mtools/server_manager.ps1[0m:
  LOC - 102
Found [[35mMetrics[0m] in [1mstatic/js/common.js[0m:
  LOC - 154
Found [[35mMetrics[0m] in [1m.serena/project.yml[0m:
  LOC - 86
Found [[35mMetrics[0m] in [1mstatic/js/common.js[0m:
  LOC - 154
Analysis complete
Codacy analysis finished.
----- 2026-01-23 18:54:37 -----
2026-01-23 18:32:18.159056500 +0900 249744 codacy_run.log
--- docker ps (codacy) ---
CONTAINER ID   IMAGE     STATUS    NAMES
--- last 50 lines of codacy_run.log ---
Found [[35mMetrics[0m] in [1mtemplates/evidence_management.html[0m:
  LOC - 259
Found [[35mMetrics[0m] in [1mtemplates/admin_test_history.html[0m:
  LOC - 551
Found [[35mMetrics[0m] in [1mtemplates/email_list_new.html[0m:
  LOC - 372
Found [[35mMetrics[0m] in [1mtemplates/integrated_timeline.html[0m:
  LOC - 181
Found [[35mMetrics[0m] in [1mtemplates/index.html[0m:
  LOC - 119
Found [[35mMetrics[0m] in [1mtemplates/index_new.html[0m:
  LOC - 516
Found [[35mMetrics[0m] in [1mtemplates/admin_logs.html[0m:
  LOC - 121
Found [[35mMetrics[0m] in [1mtemplates/ui_wireframe.html[0m:
  LOC - 90
Found [[35mMetrics[0m] in [1mscripts/vscode_diagnostics_20250916_153831/workbench.html[0m:
  LOC - 65
Found [[35mMetrics[0m] in [1mtemplates/upload.html[0m:
  LOC - 257
Found [[35mMetrics[0m] in [1mscripts/vscode_diagnostics_20250916_153811/workbench.html[0m:
  LOC - 65
Found [[35mMetrics[0m] in [1mtemplates/email_detail.html[0m:
  LOC - 267
Found [[35mMetrics[0m] in [1mtemplates/verify_integrity.html[0m:
  LOC - 207
Found [[35mMetrics[0m] in [1mtemplates/health_check.html[0m:
  LOC - 332
Found [[35mMetrics[0m] in [1mtemplates/admin_jobs.html[0m:
  LOC - 62
Found [[35mMetrics[0m] in [1mtemplates/admin_system_tests.html[0m:
  LOC - 1196
Found [[35mMetrics[0m] in [1mtemplates/log_viewer.html[0m:
  LOC - 299
Found [[35mMetrics[0m] in [1mtemplates/additional_evidence.html[0m:
  LOC - 310
Found [[35mMetrics[0m] in [1mtemplates/admin_evidence_detail.html[0m:
  LOC - 84
Found [[35mMetrics[0m] in [1mscripts/vscode_diagnostics_20250916_153825/workbench.html[0m:
  LOC - 65
Found [[35mMetrics[0m] in [1mtools/server_manager.ps1[0m:
  LOC - 102
Found [[35mMetrics[0m] in [1mstatic/js/common.js[0m:
  LOC - 154
Found [[35mMetrics[0m] in [1m.serena/project.yml[0m:
  LOC - 86
Found [[35mMetrics[0m] in [1mstatic/js/common.js[0m:
  LOC - 154
Analysis complete
Codacy analysis finished.
----- 2026-01-23 18:55:39 -----
2026-01-23 18:32:18.159056500 +0900 249744 codacy_run.log
--- docker ps (codacy) ---
CONTAINER ID   IMAGE     STATUS    NAMES
--- last 50 lines of codacy_run.log ---
Found [[35mMetrics[0m] in [1mtemplates/evidence_management.html[0m:
  LOC - 259
Found [[35mMetrics[0m] in [1mtemplates/admin_test_history.html[0m:
  LOC - 551
Found [[35mMetrics[0m] in [1mtemplates/email_list_new.html[0m:
  LOC - 372
Found [[35mMetrics[0m] in [1mtemplates/integrated_timeline.html[0m:
  LOC - 181
Found [[35mMetrics[0m] in [1mtemplates/index.html[0m:
  LOC - 119
Found [[35mMetrics[0m] in [1mtemplates/index_new.html[0m:
  LOC - 516
Found [[35mMetrics[0m] in [1mtemplates/admin_logs.html[0m:
  LOC - 121
Found [[35mMetrics[0m] in [1mtemplates/ui_wireframe.html[0m:
  LOC - 90
Found [[35mMetrics[0m] in [1mscripts/vscode_diagnostics_20250916_153831/workbench.html[0m:
  LOC - 65
Found [[35mMetrics[0m] in [1mtemplates/upload.html[0m:
  LOC - 257
Found [[35mMetrics[0m] in [1mscripts/vscode_diagnostics_20250916_153811/workbench.html[0m:
  LOC - 65
Found [[35mMetrics[0m] in [1mtemplates/email_detail.html[0m:
  LOC - 267
Found [[35mMetrics[0m] in [1mtemplates/verify_integrity.html[0m:
  LOC - 207
Found [[35mMetrics[0m] in [1mtemplates/health_check.html[0m:
  LOC - 332
Found [[35mMetrics[0m] in [1mtemplates/admin_jobs.html[0m:
  LOC - 62
Found [[35mMetrics[0m] in [1mtemplates/admin_system_tests.html[0m:
  LOC - 1196
Found [[35mMetrics[0m] in [1mtemplates/log_viewer.html[0m:
  LOC - 299
Found [[35mMetrics[0m] in [1mtemplates/additional_evidence.html[0m:
  LOC - 310
Found [[35mMetrics[0m] in [1mtemplates/admin_evidence_detail.html[0m:
  LOC - 84
Found [[35mMetrics[0m] in [1mscripts/vscode_diagnostics_20250916_153825/workbench.html[0m:
  LOC - 65
Found [[35mMetrics[0m] in [1mtools/server_manager.ps1[0m:
  LOC - 102
Found [[35mMetrics[0m] in [1mstatic/js/common.js[0m:
  LOC - 154
Found [[35mMetrics[0m] in [1m.serena/project.yml[0m:
  LOC - 86
Found [[35mMetrics[0m] in [1mstatic/js/common.js[0m:
  LOC - 154
Analysis complete
Codacy analysis finished.
----- 2026-01-23 18:56:43 -----
2026-01-23 18:32:18.159056500 +0900 249744 codacy_run.log
--- docker ps (codacy) ---
CONTAINER ID   IMAGE     STATUS    NAMES
--- last 50 lines of codacy_run.log ---
Found [[35mMetrics[0m] in [1mtemplates/evidence_management.html[0m:
  LOC - 259
Found [[35mMetrics[0m] in [1mtemplates/admin_test_history.html[0m:
  LOC - 551
Found [[35mMetrics[0m] in [1mtemplates/email_list_new.html[0m:
  LOC - 372
Found [[35mMetrics[0m] in [1mtemplates/integrated_timeline.html[0m:
  LOC - 181
Found [[35mMetrics[0m] in [1mtemplates/index.html[0m:
  LOC - 119
Found [[35mMetrics[0m] in [1mtemplates/index_new.html[0m:
  LOC - 516
Found [[35mMetrics[0m] in [1mtemplates/admin_logs.html[0m:
  LOC - 121
Found [[35mMetrics[0m] in [1mtemplates/ui_wireframe.html[0m:
  LOC - 90
Found [[35mMetrics[0m] in [1mscripts/vscode_diagnostics_20250916_153831/workbench.html[0m:
  LOC - 65
Found [[35mMetrics[0m] in [1mtemplates/upload.html[0m:
  LOC - 257
Found [[35mMetrics[0m] in [1mscripts/vscode_diagnostics_20250916_153811/workbench.html[0m:
  LOC - 65
Found [[35mMetrics[0m] in [1mtemplates/email_detail.html[0m:
  LOC - 267
Found [[35mMetrics[0m] in [1mtemplates/verify_integrity.html[0m:
  LOC - 207
Found [[35mMetrics[0m] in [1mtemplates/health_check.html[0m:
  LOC - 332
Found [[35mMetrics[0m] in [1mtemplates/admin_jobs.html[0m:
  LOC - 62
Found [[35mMetrics[0m] in [1mtemplates/admin_system_tests.html[0m:
  LOC - 1196
Found [[35mMetrics[0m] in [1mtemplates/log_viewer.html[0m:
  LOC - 299
Found [[35mMetrics[0m] in [1mtemplates/additional_evidence.html[0m:
  LOC - 310
Found [[35mMetrics[0m] in [1mtemplates/admin_evidence_detail.html[0m:
  LOC - 84
Found [[35mMetrics[0m] in [1mscripts/vscode_diagnostics_20250916_153825/workbench.html[0m:
  LOC - 65
Found [[35mMetrics[0m] in [1mtools/server_manager.ps1[0m:
  LOC - 102
Found [[35mMetrics[0m] in [1mstatic/js/common.js[0m:
  LOC - 154
Found [[35mMetrics[0m] in [1m.serena/project.yml[0m:
  LOC - 86
Found [[35mMetrics[0m] in [1mstatic/js/common.js[0m:
  LOC - 154
Analysis complete
Codacy analysis finished.
----- 2026-01-23 18:57:46 -----
2026-01-23 18:32:18.159056500 +0900 249744 codacy_run.log
--- docker ps (codacy) ---
CONTAINER ID   IMAGE     STATUS    NAMES
--- last 50 lines of codacy_run.log ---
Found [[35mMetrics[0m] in [1mtemplates/evidence_management.html[0m:
  LOC - 259
Found [[35mMetrics[0m] in [1mtemplates/admin_test_history.html[0m:
  LOC - 551
Found [[35mMetrics[0m] in [1mtemplates/email_list_new.html[0m:
  LOC - 372
Found [[35mMetrics[0m] in [1mtemplates/integrated_timeline.html[0m:
  LOC - 181
Found [[35mMetrics[0m] in [1mtemplates/index.html[0m:
  LOC - 119
Found [[35mMetrics[0m] in [1mtemplates/index_new.html[0m:
  LOC - 516
Found [[35mMetrics[0m] in [1mtemplates/admin_logs.html[0m:
  LOC - 121
Found [[35mMetrics[0m] in [1mtemplates/ui_wireframe.html[0m:
  LOC - 90
Found [[35mMetrics[0m] in [1mscripts/vscode_diagnostics_20250916_153831/workbench.html[0m:
  LOC - 65
Found [[35mMetrics[0m] in [1mtemplates/upload.html[0m:
  LOC - 257
Found [[35mMetrics[0m] in [1mscripts/vscode_diagnostics_20250916_153811/workbench.html[0m:
  LOC - 65
Found [[35mMetrics[0m] in [1mtemplates/email_detail.html[0m:
  LOC - 267
Found [[35mMetrics[0m] in [1mtemplates/verify_integrity.html[0m:
  LOC - 207
Found [[35mMetrics[0m] in [1mtemplates/health_check.html[0m:
  LOC - 332
Found [[35mMetrics[0m] in [1mtemplates/admin_jobs.html[0m:
  LOC - 62
Found [[35mMetrics[0m] in [1mtemplates/admin_system_tests.html[0m:
  LOC - 1196
Found [[35mMetrics[0m] in [1mtemplates/log_viewer.html[0m:
  LOC - 299
Found [[35mMetrics[0m] in [1mtemplates/additional_evidence.html[0m:
  LOC - 310
Found [[35mMetrics[0m] in [1mtemplates/admin_evidence_detail.html[0m:
  LOC - 84
Found [[35mMetrics[0m] in [1mscripts/vscode_diagnostics_20250916_153825/workbench.html[0m:
  LOC - 65
Found [[35mMetrics[0m] in [1mtools/server_manager.ps1[0m:
  LOC - 102
Found [[35mMetrics[0m] in [1mstatic/js/common.js[0m:
  LOC - 154
Found [[35mMetrics[0m] in [1m.serena/project.yml[0m:
  LOC - 86
Found [[35mMetrics[0m] in [1mstatic/js/common.js[0m:
  LOC - 154
Analysis complete
Codacy analysis finished.
----- 2026-01-23 18:58:50 -----
2026-01-23 18:32:18.159056500 +0900 249744 codacy_run.log
--- docker ps (codacy) ---
CONTAINER ID   IMAGE     STATUS    NAMES
--- last 50 lines of codacy_run.log ---
Found [[35mMetrics[0m] in [1mtemplates/evidence_management.html[0m:
  LOC - 259
Found [[35mMetrics[0m] in [1mtemplates/admin_test_history.html[0m:
  LOC - 551
Found [[35mMetrics[0m] in [1mtemplates/email_list_new.html[0m:
  LOC - 372
Found [[35mMetrics[0m] in [1mtemplates/integrated_timeline.html[0m:
  LOC - 181
Found [[35mMetrics[0m] in [1mtemplates/index.html[0m:
  LOC - 119
Found [[35mMetrics[0m] in [1mtemplates/index_new.html[0m:
  LOC - 516
Found [[35mMetrics[0m] in [1mtemplates/admin_logs.html[0m:
  LOC - 121
Found [[35mMetrics[0m] in [1mtemplates/ui_wireframe.html[0m:
  LOC - 90
Found [[35mMetrics[0m] in [1mscripts/vscode_diagnostics_20250916_153831/workbench.html[0m:
  LOC - 65
Found [[35mMetrics[0m] in [1mtemplates/upload.html[0m:
  LOC - 257
Found [[35mMetrics[0m] in [1mscripts/vscode_diagnostics_20250916_153811/workbench.html[0m:
  LOC - 65
Found [[35mMetrics[0m] in [1mtemplates/email_detail.html[0m:
  LOC - 267
Found [[35mMetrics[0m] in [1mtemplates/verify_integrity.html[0m:
  LOC - 207
Found [[35mMetrics[0m] in [1mtemplates/health_check.html[0m:
  LOC - 332
Found [[35mMetrics[0m] in [1mtemplates/admin_jobs.html[0m:
  LOC - 62
Found [[35mMetrics[0m] in [1mtemplates/admin_system_tests.html[0m:
  LOC - 1196
Found [[35mMetrics[0m] in [1mtemplates/log_viewer.html[0m:
  LOC - 299
Found [[35mMetrics[0m] in [1mtemplates/additional_evidence.html[0m:
  LOC - 310
Found [[35mMetrics[0m] in [1mtemplates/admin_evidence_detail.html[0m:
  LOC - 84
Found [[35mMetrics[0m] in [1mscripts/vscode_diagnostics_20250916_153825/workbench.html[0m:
  LOC - 65
Found [[35mMetrics[0m] in [1mtools/server_manager.ps1[0m:
  LOC - 102
Found [[35mMetrics[0m] in [1mstatic/js/common.js[0m:
  LOC - 154
Found [[35mMetrics[0m] in [1m.serena/project.yml[0m:
  LOC - 86
Found [[35mMetrics[0m] in [1mstatic/js/common.js[0m:
  LOC - 154
Analysis complete
Codacy analysis finished.
----- 2026-01-23 18:59:53 -----
2026-01-23 18:32:18.159056500 +0900 249744 codacy_run.log
--- docker ps (codacy) ---
CONTAINER ID   IMAGE     STATUS    NAMES
--- last 50 lines of codacy_run.log ---
Found [[35mMetrics[0m] in [1mtemplates/evidence_management.html[0m:
  LOC - 259
Found [[35mMetrics[0m] in [1mtemplates/admin_test_history.html[0m:
  LOC - 551
Found [[35mMetrics[0m] in [1mtemplates/email_list_new.html[0m:
  LOC - 372
Found [[35mMetrics[0m] in [1mtemplates/integrated_timeline.html[0m:
  LOC - 181
Found [[35mMetrics[0m] in [1mtemplates/index.html[0m:
  LOC - 119
Found [[35mMetrics[0m] in [1mtemplates/index_new.html[0m:
  LOC - 516
Found [[35mMetrics[0m] in [1mtemplates/admin_logs.html[0m:
  LOC - 121
Found [[35mMetrics[0m] in [1mtemplates/ui_wireframe.html[0m:
  LOC - 90
Found [[35mMetrics[0m] in [1mscripts/vscode_diagnostics_20250916_153831/workbench.html[0m:
  LOC - 65
Found [[35mMetrics[0m] in [1mtemplates/upload.html[0m:
  LOC - 257
Found [[35mMetrics[0m] in [1mscripts/vscode_diagnostics_20250916_153811/workbench.html[0m:
  LOC - 65
Found [[35mMetrics[0m] in [1mtemplates/email_detail.html[0m:
  LOC - 267
Found [[35mMetrics[0m] in [1mtemplates/verify_integrity.html[0m:
  LOC - 207
Found [[35mMetrics[0m] in [1mtemplates/health_check.html[0m:
  LOC - 332
Found [[35mMetrics[0m] in [1mtemplates/admin_jobs.html[0m:
  LOC - 62
Found [[35mMetrics[0m] in [1mtemplates/admin_system_tests.html[0m:
  LOC - 1196
Found [[35mMetrics[0m] in [1mtemplates/log_viewer.html[0m:
  LOC - 299
Found [[35mMetrics[0m] in [1mtemplates/additional_evidence.html[0m:
  LOC - 310
Found [[35mMetrics[0m] in [1mtemplates/admin_evidence_detail.html[0m:
  LOC - 84
Found [[35mMetrics[0m] in [1mscripts/vscode_diagnostics_20250916_153825/workbench.html[0m:
  LOC - 65
Found [[35mMetrics[0m] in [1mtools/server_manager.ps1[0m:
  LOC - 102
Found [[35mMetrics[0m] in [1mstatic/js/common.js[0m:
  LOC - 154
Found [[35mMetrics[0m] in [1m.serena/project.yml[0m:
  LOC - 86
Found [[35mMetrics[0m] in [1mstatic/js/common.js[0m:
  LOC - 154
Analysis complete
Codacy analysis finished.
----- 2026-01-23 19:00:57 -----
2026-01-23 18:32:18.159056500 +0900 249744 codacy_run.log
--- docker ps (codacy) ---
CONTAINER ID   IMAGE     STATUS    NAMES
--- last 50 lines of codacy_run.log ---
Found [[35mMetrics[0m] in [1mtemplates/evidence_management.html[0m:
  LOC - 259
Found [[35mMetrics[0m] in [1mtemplates/admin_test_history.html[0m:
  LOC - 551
Found [[35mMetrics[0m] in [1mtemplates/email_list_new.html[0m:
  LOC - 372
Found [[35mMetrics[0m] in [1mtemplates/integrated_timeline.html[0m:
  LOC - 181
Found [[35mMetrics[0m] in [1mtemplates/index.html[0m:
  LOC - 119
Found [[35mMetrics[0m] in [1mtemplates/index_new.html[0m:
  LOC - 516
Found [[35mMetrics[0m] in [1mtemplates/admin_logs.html[0m:
  LOC - 121
Found [[35mMetrics[0m] in [1mtemplates/ui_wireframe.html[0m:
  LOC - 90
Found [[35mMetrics[0m] in [1mscripts/vscode_diagnostics_20250916_153831/workbench.html[0m:
  LOC - 65
Found [[35mMetrics[0m] in [1mtemplates/upload.html[0m:
  LOC - 257
Found [[35mMetrics[0m] in [1mscripts/vscode_diagnostics_20250916_153811/workbench.html[0m:
  LOC - 65
Found [[35mMetrics[0m] in [1mtemplates/email_detail.html[0m:
  LOC - 267
Found [[35mMetrics[0m] in [1mtemplates/verify_integrity.html[0m:
  LOC - 207
Found [[35mMetrics[0m] in [1mtemplates/health_check.html[0m:
  LOC - 332
Found [[35mMetrics[0m] in [1mtemplates/admin_jobs.html[0m:
  LOC - 62
Found [[35mMetrics[0m] in [1mtemplates/admin_system_tests.html[0m:
  LOC - 1196
Found [[35mMetrics[0m] in [1mtemplates/log_viewer.html[0m:
  LOC - 299
Found [[35mMetrics[0m] in [1mtemplates/additional_evidence.html[0m:
  LOC - 310
Found [[35mMetrics[0m] in [1mtemplates/admin_evidence_detail.html[0m:
  LOC - 84
Found [[35mMetrics[0m] in [1mscripts/vscode_diagnostics_20250916_153825/workbench.html[0m:
  LOC - 65
Found [[35mMetrics[0m] in [1mtools/server_manager.ps1[0m:
  LOC - 102
Found [[35mMetrics[0m] in [1mstatic/js/common.js[0m:
  LOC - 154
Found [[35mMetrics[0m] in [1m.serena/project.yml[0m:
  LOC - 86
Found [[35mMetrics[0m] in [1mstatic/js/common.js[0m:
  LOC - 154
Analysis complete
Codacy analysis finished.
----- 2026-01-23 19:02:00 -----
2026-01-23 18:32:18.159056500 +0900 249744 codacy_run.log
--- docker ps (codacy) ---
CONTAINER ID   IMAGE     STATUS    NAMES
--- last 50 lines of codacy_run.log ---
Found [[35mMetrics[0m] in [1mtemplates/evidence_management.html[0m:
  LOC - 259
Found [[35mMetrics[0m] in [1mtemplates/admin_test_history.html[0m:
  LOC - 551
Found [[35mMetrics[0m] in [1mtemplates/email_list_new.html[0m:
  LOC - 372
Found [[35mMetrics[0m] in [1mtemplates/integrated_timeline.html[0m:
  LOC - 181
Found [[35mMetrics[0m] in [1mtemplates/index.html[0m:
  LOC - 119
Found [[35mMetrics[0m] in [1mtemplates/index_new.html[0m:
  LOC - 516
Found [[35mMetrics[0m] in [1mtemplates/admin_logs.html[0m:
  LOC - 121
Found [[35mMetrics[0m] in [1mtemplates/ui_wireframe.html[0m:
  LOC - 90
Found [[35mMetrics[0m] in [1mscripts/vscode_diagnostics_20250916_153831/workbench.html[0m:
  LOC - 65
Found [[35mMetrics[0m] in [1mtemplates/upload.html[0m:
  LOC - 257
Found [[35mMetrics[0m] in [1mscripts/vscode_diagnostics_20250916_153811/workbench.html[0m:
  LOC - 65
Found [[35mMetrics[0m] in [1mtemplates/email_detail.html[0m:
  LOC - 267
Found [[35mMetrics[0m] in [1mtemplates/verify_integrity.html[0m:
  LOC - 207
Found [[35mMetrics[0m] in [1mtemplates/health_check.html[0m:
  LOC - 332
Found [[35mMetrics[0m] in [1mtemplates/admin_jobs.html[0m:
  LOC - 62
Found [[35mMetrics[0m] in [1mtemplates/admin_system_tests.html[0m:
  LOC - 1196
Found [[35mMetrics[0m] in [1mtemplates/log_viewer.html[0m:
  LOC - 299
Found [[35mMetrics[0m] in [1mtemplates/additional_evidence.html[0m:
  LOC - 310
Found [[35mMetrics[0m] in [1mtemplates/admin_evidence_detail.html[0m:
  LOC - 84
Found [[35mMetrics[0m] in [1mscripts/vscode_diagnostics_20250916_153825/workbench.html[0m:
  LOC - 65
Found [[35mMetrics[0m] in [1mtools/server_manager.ps1[0m:
  LOC - 102
Found [[35mMetrics[0m] in [1mstatic/js/common.js[0m:
  LOC - 154
Found [[35mMetrics[0m] in [1m.serena/project.yml[0m:
  LOC - 86
Found [[35mMetrics[0m] in [1mstatic/js/common.js[0m:
  LOC - 154
Analysis complete
Codacy analysis finished.
----- 2026-01-23 19:03:12 -----
2026-01-23 18:32:18.159056500 +0900 249744 codacy_run.log
--- docker ps (codacy) ---
CONTAINER ID   IMAGE     STATUS    NAMES
--- last 50 lines of codacy_run.log ---
Found [[35mMetrics[0m] in [1mtemplates/evidence_management.html[0m:
  LOC - 259
Found [[35mMetrics[0m] in [1mtemplates/admin_test_history.html[0m:
  LOC - 551
Found [[35mMetrics[0m] in [1mtemplates/email_list_new.html[0m:
  LOC - 372
Found [[35mMetrics[0m] in [1mtemplates/integrated_timeline.html[0m:
  LOC - 181
Found [[35mMetrics[0m] in [1mtemplates/index.html[0m:
  LOC - 119
Found [[35mMetrics[0m] in [1mtemplates/index_new.html[0m:
  LOC - 516
Found [[35mMetrics[0m] in [1mtemplates/admin_logs.html[0m:
  LOC - 121
Found [[35mMetrics[0m] in [1mtemplates/ui_wireframe.html[0m:
  LOC - 90
Found [[35mMetrics[0m] in [1mscripts/vscode_diagnostics_20250916_153831/workbench.html[0m:
  LOC - 65
Found [[35mMetrics[0m] in [1mtemplates/upload.html[0m:
  LOC - 257
Found [[35mMetrics[0m] in [1mscripts/vscode_diagnostics_20250916_153811/workbench.html[0m:
  LOC - 65
Found [[35mMetrics[0m] in [1mtemplates/email_detail.html[0m:
  LOC - 267
Found [[35mMetrics[0m] in [1mtemplates/verify_integrity.html[0m:
  LOC - 207
Found [[35mMetrics[0m] in [1mtemplates/health_check.html[0m:
  LOC - 332
Found [[35mMetrics[0m] in [1mtemplates/admin_jobs.html[0m:
  LOC - 62
Found [[35mMetrics[0m] in [1mtemplates/admin_system_tests.html[0m:
  LOC - 1196
Found [[35mMetrics[0m] in [1mtemplates/log_viewer.html[0m:
  LOC - 299
Found [[35mMetrics[0m] in [1mtemplates/additional_evidence.html[0m:
  LOC - 310
Found [[35mMetrics[0m] in [1mtemplates/admin_evidence_detail.html[0m:
  LOC - 84
Found [[35mMetrics[0m] in [1mscripts/vscode_diagnostics_20250916_153825/workbench.html[0m:
  LOC - 65
Found [[35mMetrics[0m] in [1mtools/server_manager.ps1[0m:
  LOC - 102
Found [[35mMetrics[0m] in [1mstatic/js/common.js[0m:
  LOC - 154
Found [[35mMetrics[0m] in [1m.serena/project.yml[0m:
  LOC - 86
Found [[35mMetrics[0m] in [1mstatic/js/common.js[0m:
  LOC - 154
Analysis complete
Codacy analysis finished.
----- 2026-01-23 19:04:15 -----
2026-01-23 18:32:18.159056500 +0900 249744 codacy_run.log
--- docker ps (codacy) ---
CONTAINER ID   IMAGE     STATUS    NAMES
--- last 50 lines of codacy_run.log ---
Found [[35mMetrics[0m] in [1mtemplates/evidence_management.html[0m:
  LOC - 259
Found [[35mMetrics[0m] in [1mtemplates/admin_test_history.html[0m:
  LOC - 551
Found [[35mMetrics[0m] in [1mtemplates/email_list_new.html[0m:
  LOC - 372
Found [[35mMetrics[0m] in [1mtemplates/integrated_timeline.html[0m:
  LOC - 181
Found [[35mMetrics[0m] in [1mtemplates/index.html[0m:
  LOC - 119
Found [[35mMetrics[0m] in [1mtemplates/index_new.html[0m:
  LOC - 516
Found [[35mMetrics[0m] in [1mtemplates/admin_logs.html[0m:
  LOC - 121
Found [[35mMetrics[0m] in [1mtemplates/ui_wireframe.html[0m:
  LOC - 90
Found [[35mMetrics[0m] in [1mscripts/vscode_diagnostics_20250916_153831/workbench.html[0m:
  LOC - 65
Found [[35mMetrics[0m] in [1mtemplates/upload.html[0m:
  LOC - 257
Found [[35mMetrics[0m] in [1mscripts/vscode_diagnostics_20250916_153811/workbench.html[0m:
  LOC - 65
Found [[35mMetrics[0m] in [1mtemplates/email_detail.html[0m:
  LOC - 267
Found [[35mMetrics[0m] in [1mtemplates/verify_integrity.html[0m:
  LOC - 207
Found [[35mMetrics[0m] in [1mtemplates/health_check.html[0m:
  LOC - 332
Found [[35mMetrics[0m] in [1mtemplates/admin_jobs.html[0m:
  LOC - 62
Found [[35mMetrics[0m] in [1mtemplates/admin_system_tests.html[0m:
  LOC - 1196
Found [[35mMetrics[0m] in [1mtemplates/log_viewer.html[0m:
  LOC - 299
Found [[35mMetrics[0m] in [1mtemplates/additional_evidence.html[0m:
  LOC - 310
Found [[35mMetrics[0m] in [1mtemplates/admin_evidence_detail.html[0m:
  LOC - 84
Found [[35mMetrics[0m] in [1mscripts/vscode_diagnostics_20250916_153825/workbench.html[0m:
  LOC - 65
Found [[35mMetrics[0m] in [1mtools/server_manager.ps1[0m:
  LOC - 102
Found [[35mMetrics[0m] in [1mstatic/js/common.js[0m:
  LOC - 154
Found [[35mMetrics[0m] in [1m.serena/project.yml[0m:
  LOC - 86
Found [[35mMetrics[0m] in [1mstatic/js/common.js[0m:
  LOC - 154
Analysis complete
Codacy analysis finished.
----- 2026-01-23 19:05:17 -----
2026-01-23 18:32:18.159056500 +0900 249744 codacy_run.log
--- docker ps (codacy) ---
CONTAINER ID   IMAGE     STATUS    NAMES
--- last 50 lines of codacy_run.log ---
Found [[35mMetrics[0m] in [1mtemplates/evidence_management.html[0m:
  LOC - 259
Found [[35mMetrics[0m] in [1mtemplates/admin_test_history.html[0m:
  LOC - 551
Found [[35mMetrics[0m] in [1mtemplates/email_list_new.html[0m:
  LOC - 372
Found [[35mMetrics[0m] in [1mtemplates/integrated_timeline.html[0m:
  LOC - 181
Found [[35mMetrics[0m] in [1mtemplates/index.html[0m:
  LOC - 119
Found [[35mMetrics[0m] in [1mtemplates/index_new.html[0m:
  LOC - 516
Found [[35mMetrics[0m] in [1mtemplates/admin_logs.html[0m:
  LOC - 121
Found [[35mMetrics[0m] in [1mtemplates/ui_wireframe.html[0m:
  LOC - 90
Found [[35mMetrics[0m] in [1mscripts/vscode_diagnostics_20250916_153831/workbench.html[0m:
  LOC - 65
Found [[35mMetrics[0m] in [1mtemplates/upload.html[0m:
  LOC - 257
Found [[35mMetrics[0m] in [1mscripts/vscode_diagnostics_20250916_153811/workbench.html[0m:
  LOC - 65
Found [[35mMetrics[0m] in [1mtemplates/email_detail.html[0m:
  LOC - 267
Found [[35mMetrics[0m] in [1mtemplates/verify_integrity.html[0m:
  LOC - 207
Found [[35mMetrics[0m] in [1mtemplates/health_check.html[0m:
  LOC - 332
Found [[35mMetrics[0m] in [1mtemplates/admin_jobs.html[0m:
  LOC - 62
Found [[35mMetrics[0m] in [1mtemplates/admin_system_tests.html[0m:
  LOC - 1196
Found [[35mMetrics[0m] in [1mtemplates/log_viewer.html[0m:
  LOC - 299
Found [[35mMetrics[0m] in [1mtemplates/additional_evidence.html[0m:
  LOC - 310
Found [[35mMetrics[0m] in [1mtemplates/admin_evidence_detail.html[0m:
  LOC - 84
Found [[35mMetrics[0m] in [1mscripts/vscode_diagnostics_20250916_153825/workbench.html[0m:
  LOC - 65
Found [[35mMetrics[0m] in [1mtools/server_manager.ps1[0m:
  LOC - 102
Found [[35mMetrics[0m] in [1mstatic/js/common.js[0m:
  LOC - 154
Found [[35mMetrics[0m] in [1m.serena/project.yml[0m:
  LOC - 86
Found [[35mMetrics[0m] in [1mstatic/js/common.js[0m:
  LOC - 154
Analysis complete
Codacy analysis finished.
----- 2026-01-23 19:06:21 -----
2026-01-23 18:32:18.159056500 +0900 249744 codacy_run.log
--- docker ps (codacy) ---
CONTAINER ID   IMAGE     STATUS    NAMES
--- last 50 lines of codacy_run.log ---
Found [[35mMetrics[0m] in [1mtemplates/evidence_management.html[0m:
  LOC - 259
Found [[35mMetrics[0m] in [1mtemplates/admin_test_history.html[0m:
  LOC - 551
Found [[35mMetrics[0m] in [1mtemplates/email_list_new.html[0m:
  LOC - 372
Found [[35mMetrics[0m] in [1mtemplates/integrated_timeline.html[0m:
  LOC - 181
Found [[35mMetrics[0m] in [1mtemplates/index.html[0m:
  LOC - 119
Found [[35mMetrics[0m] in [1mtemplates/index_new.html[0m:
  LOC - 516
Found [[35mMetrics[0m] in [1mtemplates/admin_logs.html[0m:
  LOC - 121
Found [[35mMetrics[0m] in [1mtemplates/ui_wireframe.html[0m:
  LOC - 90
Found [[35mMetrics[0m] in [1mscripts/vscode_diagnostics_20250916_153831/workbench.html[0m:
  LOC - 65
Found [[35mMetrics[0m] in [1mtemplates/upload.html[0m:
  LOC - 257
Found [[35mMetrics[0m] in [1mscripts/vscode_diagnostics_20250916_153811/workbench.html[0m:
  LOC - 65
Found [[35mMetrics[0m] in [1mtemplates/email_detail.html[0m:
  LOC - 267
Found [[35mMetrics[0m] in [1mtemplates/verify_integrity.html[0m:
  LOC - 207
Found [[35mMetrics[0m] in [1mtemplates/health_check.html[0m:
  LOC - 332
Found [[35mMetrics[0m] in [1mtemplates/admin_jobs.html[0m:
  LOC - 62
Found [[35mMetrics[0m] in [1mtemplates/admin_system_tests.html[0m:
  LOC - 1196
Found [[35mMetrics[0m] in [1mtemplates/log_viewer.html[0m:
  LOC - 299
Found [[35mMetrics[0m] in [1mtemplates/additional_evidence.html[0m:
  LOC - 310
Found [[35mMetrics[0m] in [1mtemplates/admin_evidence_detail.html[0m:
  LOC - 84
Found [[35mMetrics[0m] in [1mscripts/vscode_diagnostics_20250916_153825/workbench.html[0m:
  LOC - 65
Found [[35mMetrics[0m] in [1mtools/server_manager.ps1[0m:
  LOC - 102
Found [[35mMetrics[0m] in [1mstatic/js/common.js[0m:
  LOC - 154
Found [[35mMetrics[0m] in [1m.serena/project.yml[0m:
  LOC - 86
Found [[35mMetrics[0m] in [1mstatic/js/common.js[0m:
  LOC - 154
Analysis complete
Codacy analysis finished.
----- 2026-01-23 19:07:25 -----
2026-01-23 18:32:18.159056500 +0900 249744 codacy_run.log
--- docker ps (codacy) ---
CONTAINER ID   IMAGE     STATUS    NAMES
--- last 50 lines of codacy_run.log ---
Found [[35mMetrics[0m] in [1mtemplates/evidence_management.html[0m:
  LOC - 259
Found [[35mMetrics[0m] in [1mtemplates/admin_test_history.html[0m:
  LOC - 551
Found [[35mMetrics[0m] in [1mtemplates/email_list_new.html[0m:
  LOC - 372
Found [[35mMetrics[0m] in [1mtemplates/integrated_timeline.html[0m:
  LOC - 181
Found [[35mMetrics[0m] in [1mtemplates/index.html[0m:
  LOC - 119
Found [[35mMetrics[0m] in [1mtemplates/index_new.html[0m:
  LOC - 516
Found [[35mMetrics[0m] in [1mtemplates/admin_logs.html[0m:
  LOC - 121
Found [[35mMetrics[0m] in [1mtemplates/ui_wireframe.html[0m:
  LOC - 90
Found [[35mMetrics[0m] in [1mscripts/vscode_diagnostics_20250916_153831/workbench.html[0m:
  LOC - 65
Found [[35mMetrics[0m] in [1mtemplates/upload.html[0m:
  LOC - 257
Found [[35mMetrics[0m] in [1mscripts/vscode_diagnostics_20250916_153811/workbench.html[0m:
  LOC - 65
Found [[35mMetrics[0m] in [1mtemplates/email_detail.html[0m:
  LOC - 267
Found [[35mMetrics[0m] in [1mtemplates/verify_integrity.html[0m:
  LOC - 207
Found [[35mMetrics[0m] in [1mtemplates/health_check.html[0m:
  LOC - 332
Found [[35mMetrics[0m] in [1mtemplates/admin_jobs.html[0m:
  LOC - 62
Found [[35mMetrics[0m] in [1mtemplates/admin_system_tests.html[0m:
  LOC - 1196
Found [[35mMetrics[0m] in [1mtemplates/log_viewer.html[0m:
  LOC - 299
Found [[35mMetrics[0m] in [1mtemplates/additional_evidence.html[0m:
  LOC - 310
Found [[35mMetrics[0m] in [1mtemplates/admin_evidence_detail.html[0m:
  LOC - 84
Found [[35mMetrics[0m] in [1mscripts/vscode_diagnostics_20250916_153825/workbench.html[0m:
  LOC - 65
Found [[35mMetrics[0m] in [1mtools/server_manager.ps1[0m:
  LOC - 102
Found [[35mMetrics[0m] in [1mstatic/js/common.js[0m:
  LOC - 154
Found [[35mMetrics[0m] in [1m.serena/project.yml[0m:
  LOC - 86
Found [[35mMetrics[0m] in [1mstatic/js/common.js[0m:
  LOC - 154
Analysis complete
Codacy analysis finished.
----- 2026-01-23 19:08:28 -----
2026-01-23 18:32:18.159056500 +0900 249744 codacy_run.log
--- docker ps (codacy) ---
CONTAINER ID   IMAGE     STATUS    NAMES
--- last 50 lines of codacy_run.log ---
Found [[35mMetrics[0m] in [1mtemplates/evidence_management.html[0m:
  LOC - 259
Found [[35mMetrics[0m] in [1mtemplates/admin_test_history.html[0m:
  LOC - 551
Found [[35mMetrics[0m] in [1mtemplates/email_list_new.html[0m:
  LOC - 372
Found [[35mMetrics[0m] in [1mtemplates/integrated_timeline.html[0m:
  LOC - 181
Found [[35mMetrics[0m] in [1mtemplates/index.html[0m:
  LOC - 119
Found [[35mMetrics[0m] in [1mtemplates/index_new.html[0m:
  LOC - 516
Found [[35mMetrics[0m] in [1mtemplates/admin_logs.html[0m:
  LOC - 121
Found [[35mMetrics[0m] in [1mtemplates/ui_wireframe.html[0m:
  LOC - 90
Found [[35mMetrics[0m] in [1mscripts/vscode_diagnostics_20250916_153831/workbench.html[0m:
  LOC - 65
Found [[35mMetrics[0m] in [1mtemplates/upload.html[0m:
  LOC - 257
Found [[35mMetrics[0m] in [1mscripts/vscode_diagnostics_20250916_153811/workbench.html[0m:
  LOC - 65
Found [[35mMetrics[0m] in [1mtemplates/email_detail.html[0m:
  LOC - 267
Found [[35mMetrics[0m] in [1mtemplates/verify_integrity.html[0m:
  LOC - 207
Found [[35mMetrics[0m] in [1mtemplates/health_check.html[0m:
  LOC - 332
Found [[35mMetrics[0m] in [1mtemplates/admin_jobs.html[0m:
  LOC - 62
Found [[35mMetrics[0m] in [1mtemplates/admin_system_tests.html[0m:
  LOC - 1196
Found [[35mMetrics[0m] in [1mtemplates/log_viewer.html[0m:
  LOC - 299
Found [[35mMetrics[0m] in [1mtemplates/additional_evidence.html[0m:
  LOC - 310
Found [[35mMetrics[0m] in [1mtemplates/admin_evidence_detail.html[0m:
  LOC - 84
Found [[35mMetrics[0m] in [1mscripts/vscode_diagnostics_20250916_153825/workbench.html[0m:
  LOC - 65
Found [[35mMetrics[0m] in [1mtools/server_manager.ps1[0m:
  LOC - 102
Found [[35mMetrics[0m] in [1mstatic/js/common.js[0m:
  LOC - 154
Found [[35mMetrics[0m] in [1m.serena/project.yml[0m:
  LOC - 86
Found [[35mMetrics[0m] in [1mstatic/js/common.js[0m:
  LOC - 154
Analysis complete
Codacy analysis finished.
----- 2026-01-23 19:09:32 -----
2026-01-23 18:32:18.159056500 +0900 249744 codacy_run.log
--- docker ps (codacy) ---
CONTAINER ID   IMAGE     STATUS    NAMES
--- last 50 lines of codacy_run.log ---
Found [[35mMetrics[0m] in [1mtemplates/evidence_management.html[0m:
  LOC - 259
Found [[35mMetrics[0m] in [1mtemplates/admin_test_history.html[0m:
  LOC - 551
Found [[35mMetrics[0m] in [1mtemplates/email_list_new.html[0m:
  LOC - 372
Found [[35mMetrics[0m] in [1mtemplates/integrated_timeline.html[0m:
  LOC - 181
Found [[35mMetrics[0m] in [1mtemplates/index.html[0m:
  LOC - 119
Found [[35mMetrics[0m] in [1mtemplates/index_new.html[0m:
  LOC - 516
Found [[35mMetrics[0m] in [1mtemplates/admin_logs.html[0m:
  LOC - 121
Found [[35mMetrics[0m] in [1mtemplates/ui_wireframe.html[0m:
  LOC - 90
Found [[35mMetrics[0m] in [1mscripts/vscode_diagnostics_20250916_153831/workbench.html[0m:
  LOC - 65
Found [[35mMetrics[0m] in [1mtemplates/upload.html[0m:
  LOC - 257
Found [[35mMetrics[0m] in [1mscripts/vscode_diagnostics_20250916_153811/workbench.html[0m:
  LOC - 65
Found [[35mMetrics[0m] in [1mtemplates/email_detail.html[0m:
  LOC - 267
Found [[35mMetrics[0m] in [1mtemplates/verify_integrity.html[0m:
  LOC - 207
Found [[35mMetrics[0m] in [1mtemplates/health_check.html[0m:
  LOC - 332
Found [[35mMetrics[0m] in [1mtemplates/admin_jobs.html[0m:
  LOC - 62
Found [[35mMetrics[0m] in [1mtemplates/admin_system_tests.html[0m:
  LOC - 1196
Found [[35mMetrics[0m] in [1mtemplates/log_viewer.html[0m:
  LOC - 299
Found [[35mMetrics[0m] in [1mtemplates/additional_evidence.html[0m:
  LOC - 310
Found [[35mMetrics[0m] in [1mtemplates/admin_evidence_detail.html[0m:
  LOC - 84
Found [[35mMetrics[0m] in [1mscripts/vscode_diagnostics_20250916_153825/workbench.html[0m:
  LOC - 65
Found [[35mMetrics[0m] in [1mtools/server_manager.ps1[0m:
  LOC - 102
Found [[35mMetrics[0m] in [1mstatic/js/common.js[0m:
  LOC - 154
Found [[35mMetrics[0m] in [1m.serena/project.yml[0m:
  LOC - 86
Found [[35mMetrics[0m] in [1mstatic/js/common.js[0m:
  LOC - 154
Analysis complete
Codacy analysis finished.
----- 2026-01-23 19:10:35 -----
2026-01-23 18:32:18.159056500 +0900 249744 codacy_run.log
--- docker ps (codacy) ---
CONTAINER ID   IMAGE     STATUS    NAMES
--- last 50 lines of codacy_run.log ---
Found [[35mMetrics[0m] in [1mtemplates/evidence_management.html[0m:
  LOC - 259
Found [[35mMetrics[0m] in [1mtemplates/admin_test_history.html[0m:
  LOC - 551
Found [[35mMetrics[0m] in [1mtemplates/email_list_new.html[0m:
  LOC - 372
Found [[35mMetrics[0m] in [1mtemplates/integrated_timeline.html[0m:
  LOC - 181
Found [[35mMetrics[0m] in [1mtemplates/index.html[0m:
  LOC - 119
Found [[35mMetrics[0m] in [1mtemplates/index_new.html[0m:
  LOC - 516
Found [[35mMetrics[0m] in [1mtemplates/admin_logs.html[0m:
  LOC - 121
Found [[35mMetrics[0m] in [1mtemplates/ui_wireframe.html[0m:
  LOC - 90
Found [[35mMetrics[0m] in [1mscripts/vscode_diagnostics_20250916_153831/workbench.html[0m:
  LOC - 65
Found [[35mMetrics[0m] in [1mtemplates/upload.html[0m:
  LOC - 257
Found [[35mMetrics[0m] in [1mscripts/vscode_diagnostics_20250916_153811/workbench.html[0m:
  LOC - 65
Found [[35mMetrics[0m] in [1mtemplates/email_detail.html[0m:
  LOC - 267
Found [[35mMetrics[0m] in [1mtemplates/verify_integrity.html[0m:
  LOC - 207
Found [[35mMetrics[0m] in [1mtemplates/health_check.html[0m:
  LOC - 332
Found [[35mMetrics[0m] in [1mtemplates/admin_jobs.html[0m:
  LOC - 62
Found [[35mMetrics[0m] in [1mtemplates/admin_system_tests.html[0m:
  LOC - 1196
Found [[35mMetrics[0m] in [1mtemplates/log_viewer.html[0m:
  LOC - 299
Found [[35mMetrics[0m] in [1mtemplates/additional_evidence.html[0m:
  LOC - 310
Found [[35mMetrics[0m] in [1mtemplates/admin_evidence_detail.html[0m:
  LOC - 84
Found [[35mMetrics[0m] in [1mscripts/vscode_diagnostics_20250916_153825/workbench.html[0m:
  LOC - 65
Found [[35mMetrics[0m] in [1mtools/server_manager.ps1[0m:
  LOC - 102
Found [[35mMetrics[0m] in [1mstatic/js/common.js[0m:
  LOC - 154
Found [[35mMetrics[0m] in [1m.serena/project.yml[0m:
  LOC - 86
Found [[35mMetrics[0m] in [1mstatic/js/common.js[0m:
  LOC - 154
Analysis complete
Codacy analysis finished.
----- 2026-01-23 19:11:39 -----
2026-01-23 18:32:18.159056500 +0900 249744 codacy_run.log
--- docker ps (codacy) ---
CONTAINER ID   IMAGE     STATUS    NAMES
--- last 50 lines of codacy_run.log ---
Found [[35mMetrics[0m] in [1mtemplates/evidence_management.html[0m:
  LOC - 259
Found [[35mMetrics[0m] in [1mtemplates/admin_test_history.html[0m:
  LOC - 551
Found [[35mMetrics[0m] in [1mtemplates/email_list_new.html[0m:
  LOC - 372
Found [[35mMetrics[0m] in [1mtemplates/integrated_timeline.html[0m:
  LOC - 181
Found [[35mMetrics[0m] in [1mtemplates/index.html[0m:
  LOC - 119
Found [[35mMetrics[0m] in [1mtemplates/index_new.html[0m:
  LOC - 516
Found [[35mMetrics[0m] in [1mtemplates/admin_logs.html[0m:
  LOC - 121
Found [[35mMetrics[0m] in [1mtemplates/ui_wireframe.html[0m:
  LOC - 90
Found [[35mMetrics[0m] in [1mscripts/vscode_diagnostics_20250916_153831/workbench.html[0m:
  LOC - 65
Found [[35mMetrics[0m] in [1mtemplates/upload.html[0m:
  LOC - 257
Found [[35mMetrics[0m] in [1mscripts/vscode_diagnostics_20250916_153811/workbench.html[0m:
  LOC - 65
Found [[35mMetrics[0m] in [1mtemplates/email_detail.html[0m:
  LOC - 267
Found [[35mMetrics[0m] in [1mtemplates/verify_integrity.html[0m:
  LOC - 207
Found [[35mMetrics[0m] in [1mtemplates/health_check.html[0m:
  LOC - 332
Found [[35mMetrics[0m] in [1mtemplates/admin_jobs.html[0m:
  LOC - 62
Found [[35mMetrics[0m] in [1mtemplates/admin_system_tests.html[0m:
  LOC - 1196
Found [[35mMetrics[0m] in [1mtemplates/log_viewer.html[0m:
  LOC - 299
Found [[35mMetrics[0m] in [1mtemplates/additional_evidence.html[0m:
  LOC - 310
Found [[35mMetrics[0m] in [1mtemplates/admin_evidence_detail.html[0m:
  LOC - 84
Found [[35mMetrics[0m] in [1mscripts/vscode_diagnostics_20250916_153825/workbench.html[0m:
  LOC - 65
Found [[35mMetrics[0m] in [1mtools/server_manager.ps1[0m:
  LOC - 102
Found [[35mMetrics[0m] in [1mstatic/js/common.js[0m:
  LOC - 154
Found [[35mMetrics[0m] in [1m.serena/project.yml[0m:
  LOC - 86
Found [[35mMetrics[0m] in [1mstatic/js/common.js[0m:
  LOC - 154
Analysis complete
Codacy analysis finished.
----- 2026-01-23 19:12:41 -----
2026-01-23 18:32:18.159056500 +0900 249744 codacy_run.log
--- docker ps (codacy) ---
CONTAINER ID   IMAGE     STATUS    NAMES
--- last 50 lines of codacy_run.log ---
Found [[35mMetrics[0m] in [1mtemplates/evidence_management.html[0m:
  LOC - 259
Found [[35mMetrics[0m] in [1mtemplates/admin_test_history.html[0m:
  LOC - 551
Found [[35mMetrics[0m] in [1mtemplates/email_list_new.html[0m:
  LOC - 372
Found [[35mMetrics[0m] in [1mtemplates/integrated_timeline.html[0m:
  LOC - 181
Found [[35mMetrics[0m] in [1mtemplates/index.html[0m:
  LOC - 119
Found [[35mMetrics[0m] in [1mtemplates/index_new.html[0m:
  LOC - 516
Found [[35mMetrics[0m] in [1mtemplates/admin_logs.html[0m:
  LOC - 121
Found [[35mMetrics[0m] in [1mtemplates/ui_wireframe.html[0m:
  LOC - 90
Found [[35mMetrics[0m] in [1mscripts/vscode_diagnostics_20250916_153831/workbench.html[0m:
  LOC - 65
Found [[35mMetrics[0m] in [1mtemplates/upload.html[0m:
  LOC - 257
Found [[35mMetrics[0m] in [1mscripts/vscode_diagnostics_20250916_153811/workbench.html[0m:
  LOC - 65
Found [[35mMetrics[0m] in [1mtemplates/email_detail.html[0m:
  LOC - 267
Found [[35mMetrics[0m] in [1mtemplates/verify_integrity.html[0m:
  LOC - 207
Found [[35mMetrics[0m] in [1mtemplates/health_check.html[0m:
  LOC - 332
Found [[35mMetrics[0m] in [1mtemplates/admin_jobs.html[0m:
  LOC - 62
Found [[35mMetrics[0m] in [1mtemplates/admin_system_tests.html[0m:
  LOC - 1196
Found [[35mMetrics[0m] in [1mtemplates/log_viewer.html[0m:
  LOC - 299
Found [[35mMetrics[0m] in [1mtemplates/additional_evidence.html[0m:
  LOC - 310
Found [[35mMetrics[0m] in [1mtemplates/admin_evidence_detail.html[0m:
  LOC - 84
Found [[35mMetrics[0m] in [1mscripts/vscode_diagnostics_20250916_153825/workbench.html[0m:
  LOC - 65
Found [[35mMetrics[0m] in [1mtools/server_manager.ps1[0m:
  LOC - 102
Found [[35mMetrics[0m] in [1mstatic/js/common.js[0m:
  LOC - 154
Found [[35mMetrics[0m] in [1m.serena/project.yml[0m:
  LOC - 86
Found [[35mMetrics[0m] in [1mstatic/js/common.js[0m:
  LOC - 154
Analysis complete
Codacy analysis finished.
----- 2026-01-23 19:13:45 -----
2026-01-23 18:32:18.159056500 +0900 249744 codacy_run.log
--- docker ps (codacy) ---
CONTAINER ID   IMAGE     STATUS    NAMES
--- last 50 lines of codacy_run.log ---
Found [[35mMetrics[0m] in [1mtemplates/evidence_management.html[0m:
  LOC - 259
Found [[35mMetrics[0m] in [1mtemplates/admin_test_history.html[0m:
  LOC - 551
Found [[35mMetrics[0m] in [1mtemplates/email_list_new.html[0m:
  LOC - 372
Found [[35mMetrics[0m] in [1mtemplates/integrated_timeline.html[0m:
  LOC - 181
Found [[35mMetrics[0m] in [1mtemplates/index.html[0m:
  LOC - 119
Found [[35mMetrics[0m] in [1mtemplates/index_new.html[0m:
  LOC - 516
Found [[35mMetrics[0m] in [1mtemplates/admin_logs.html[0m:
  LOC - 121
Found [[35mMetrics[0m] in [1mtemplates/ui_wireframe.html[0m:
  LOC - 90
Found [[35mMetrics[0m] in [1mscripts/vscode_diagnostics_20250916_153831/workbench.html[0m:
  LOC - 65
Found [[35mMetrics[0m] in [1mtemplates/upload.html[0m:
  LOC - 257
Found [[35mMetrics[0m] in [1mscripts/vscode_diagnostics_20250916_153811/workbench.html[0m:
  LOC - 65
Found [[35mMetrics[0m] in [1mtemplates/email_detail.html[0m:
  LOC - 267
Found [[35mMetrics[0m] in [1mtemplates/verify_integrity.html[0m:
  LOC - 207
Found [[35mMetrics[0m] in [1mtemplates/health_check.html[0m:
  LOC - 332
Found [[35mMetrics[0m] in [1mtemplates/admin_jobs.html[0m:
  LOC - 62
Found [[35mMetrics[0m] in [1mtemplates/admin_system_tests.html[0m:
  LOC - 1196
Found [[35mMetrics[0m] in [1mtemplates/log_viewer.html[0m:
  LOC - 299
Found [[35mMetrics[0m] in [1mtemplates/additional_evidence.html[0m:
  LOC - 310
Found [[35mMetrics[0m] in [1mtemplates/admin_evidence_detail.html[0m:
  LOC - 84
Found [[35mMetrics[0m] in [1mscripts/vscode_diagnostics_20250916_153825/workbench.html[0m:
  LOC - 65
Found [[35mMetrics[0m] in [1mtools/server_manager.ps1[0m:
  LOC - 102
Found [[35mMetrics[0m] in [1mstatic/js/common.js[0m:
  LOC - 154
Found [[35mMetrics[0m] in [1m.serena/project.yml[0m:
  LOC - 86
Found [[35mMetrics[0m] in [1mstatic/js/common.js[0m:
  LOC - 154
Analysis complete
Codacy analysis finished.
----- 2026-01-23 19:14:49 -----
2026-01-23 18:32:18.159056500 +0900 249744 codacy_run.log
--- docker ps (codacy) ---
CONTAINER ID   IMAGE     STATUS    NAMES
--- last 50 lines of codacy_run.log ---
Found [[35mMetrics[0m] in [1mtemplates/evidence_management.html[0m:
  LOC - 259
Found [[35mMetrics[0m] in [1mtemplates/admin_test_history.html[0m:
  LOC - 551
Found [[35mMetrics[0m] in [1mtemplates/email_list_new.html[0m:
  LOC - 372
Found [[35mMetrics[0m] in [1mtemplates/integrated_timeline.html[0m:
  LOC - 181
Found [[35mMetrics[0m] in [1mtemplates/index.html[0m:
  LOC - 119
Found [[35mMetrics[0m] in [1mtemplates/index_new.html[0m:
  LOC - 516
Found [[35mMetrics[0m] in [1mtemplates/admin_logs.html[0m:
  LOC - 121
Found [[35mMetrics[0m] in [1mtemplates/ui_wireframe.html[0m:
  LOC - 90
Found [[35mMetrics[0m] in [1mscripts/vscode_diagnostics_20250916_153831/workbench.html[0m:
  LOC - 65
Found [[35mMetrics[0m] in [1mtemplates/upload.html[0m:
  LOC - 257
Found [[35mMetrics[0m] in [1mscripts/vscode_diagnostics_20250916_153811/workbench.html[0m:
  LOC - 65
Found [[35mMetrics[0m] in [1mtemplates/email_detail.html[0m:
  LOC - 267
Found [[35mMetrics[0m] in [1mtemplates/verify_integrity.html[0m:
  LOC - 207
Found [[35mMetrics[0m] in [1mtemplates/health_check.html[0m:
  LOC - 332
Found [[35mMetrics[0m] in [1mtemplates/admin_jobs.html[0m:
  LOC - 62
Found [[35mMetrics[0m] in [1mtemplates/admin_system_tests.html[0m:
  LOC - 1196
Found [[35mMetrics[0m] in [1mtemplates/log_viewer.html[0m:
  LOC - 299
Found [[35mMetrics[0m] in [1mtemplates/additional_evidence.html[0m:
  LOC - 310
Found [[35mMetrics[0m] in [1mtemplates/admin_evidence_detail.html[0m:
  LOC - 84
Found [[35mMetrics[0m] in [1mscripts/vscode_diagnostics_20250916_153825/workbench.html[0m:
  LOC - 65
Found [[35mMetrics[0m] in [1mtools/server_manager.ps1[0m:
  LOC - 102
Found [[35mMetrics[0m] in [1mstatic/js/common.js[0m:
  LOC - 154
Found [[35mMetrics[0m] in [1m.serena/project.yml[0m:
  LOC - 86
Found [[35mMetrics[0m] in [1mstatic/js/common.js[0m:
  LOC - 154
Analysis complete
Codacy analysis finished.
----- 2026-01-23 19:15:53 -----
2026-01-23 18:32:18.159056500 +0900 249744 codacy_run.log
--- docker ps (codacy) ---
CONTAINER ID   IMAGE     STATUS    NAMES
--- last 50 lines of codacy_run.log ---
Found [[35mMetrics[0m] in [1mtemplates/evidence_management.html[0m:
  LOC - 259
Found [[35mMetrics[0m] in [1mtemplates/admin_test_history.html[0m:
  LOC - 551
Found [[35mMetrics[0m] in [1mtemplates/email_list_new.html[0m:
  LOC - 372
Found [[35mMetrics[0m] in [1mtemplates/integrated_timeline.html[0m:
  LOC - 181
Found [[35mMetrics[0m] in [1mtemplates/index.html[0m:
  LOC - 119
Found [[35mMetrics[0m] in [1mtemplates/index_new.html[0m:
  LOC - 516
Found [[35mMetrics[0m] in [1mtemplates/admin_logs.html[0m:
  LOC - 121
Found [[35mMetrics[0m] in [1mtemplates/ui_wireframe.html[0m:
  LOC - 90
Found [[35mMetrics[0m] in [1mscripts/vscode_diagnostics_20250916_153831/workbench.html[0m:
  LOC - 65
Found [[35mMetrics[0m] in [1mtemplates/upload.html[0m:
  LOC - 257
Found [[35mMetrics[0m] in [1mscripts/vscode_diagnostics_20250916_153811/workbench.html[0m:
  LOC - 65
Found [[35mMetrics[0m] in [1mtemplates/email_detail.html[0m:
  LOC - 267
Found [[35mMetrics[0m] in [1mtemplates/verify_integrity.html[0m:
  LOC - 207
Found [[35mMetrics[0m] in [1mtemplates/health_check.html[0m:
  LOC - 332
Found [[35mMetrics[0m] in [1mtemplates/admin_jobs.html[0m:
  LOC - 62
Found [[35mMetrics[0m] in [1mtemplates/admin_system_tests.html[0m:
  LOC - 1196
Found [[35mMetrics[0m] in [1mtemplates/log_viewer.html[0m:
  LOC - 299
Found [[35mMetrics[0m] in [1mtemplates/additional_evidence.html[0m:
  LOC - 310
Found [[35mMetrics[0m] in [1mtemplates/admin_evidence_detail.html[0m:
  LOC - 84
Found [[35mMetrics[0m] in [1mscripts/vscode_diagnostics_20250916_153825/workbench.html[0m:
  LOC - 65
Found [[35mMetrics[0m] in [1mtools/server_manager.ps1[0m:
  LOC - 102
Found [[35mMetrics[0m] in [1mstatic/js/common.js[0m:
  LOC - 154
Found [[35mMetrics[0m] in [1m.serena/project.yml[0m:
  LOC - 86
Found [[35mMetrics[0m] in [1mstatic/js/common.js[0m:
  LOC - 154
Analysis complete
Codacy analysis finished.
----- 2026-01-23 19:16:56 -----
2026-01-23 18:32:18.159056500 +0900 249744 codacy_run.log
--- docker ps (codacy) ---
CONTAINER ID   IMAGE     STATUS    NAMES
--- last 50 lines of codacy_run.log ---
Found [[35mMetrics[0m] in [1mtemplates/evidence_management.html[0m:
  LOC - 259
Found [[35mMetrics[0m] in [1mtemplates/admin_test_history.html[0m:
  LOC - 551
Found [[35mMetrics[0m] in [1mtemplates/email_list_new.html[0m:
  LOC - 372
Found [[35mMetrics[0m] in [1mtemplates/integrated_timeline.html[0m:
  LOC - 181
Found [[35mMetrics[0m] in [1mtemplates/index.html[0m:
  LOC - 119
Found [[35mMetrics[0m] in [1mtemplates/index_new.html[0m:
  LOC - 516
Found [[35mMetrics[0m] in [1mtemplates/admin_logs.html[0m:
  LOC - 121
Found [[35mMetrics[0m] in [1mtemplates/ui_wireframe.html[0m:
  LOC - 90
Found [[35mMetrics[0m] in [1mscripts/vscode_diagnostics_20250916_153831/workbench.html[0m:
  LOC - 65
Found [[35mMetrics[0m] in [1mtemplates/upload.html[0m:
  LOC - 257
Found [[35mMetrics[0m] in [1mscripts/vscode_diagnostics_20250916_153811/workbench.html[0m:
  LOC - 65
Found [[35mMetrics[0m] in [1mtemplates/email_detail.html[0m:
  LOC - 267
Found [[35mMetrics[0m] in [1mtemplates/verify_integrity.html[0m:
  LOC - 207
Found [[35mMetrics[0m] in [1mtemplates/health_check.html[0m:
  LOC - 332
Found [[35mMetrics[0m] in [1mtemplates/admin_jobs.html[0m:
  LOC - 62
Found [[35mMetrics[0m] in [1mtemplates/admin_system_tests.html[0m:
  LOC - 1196
Found [[35mMetrics[0m] in [1mtemplates/log_viewer.html[0m:
  LOC - 299
Found [[35mMetrics[0m] in [1mtemplates/additional_evidence.html[0m:
  LOC - 310
Found [[35mMetrics[0m] in [1mtemplates/admin_evidence_detail.html[0m:
  LOC - 84
Found [[35mMetrics[0m] in [1mscripts/vscode_diagnostics_20250916_153825/workbench.html[0m:
  LOC - 65
Found [[35mMetrics[0m] in [1mtools/server_manager.ps1[0m:
  LOC - 102
Found [[35mMetrics[0m] in [1mstatic/js/common.js[0m:
  LOC - 154
Found [[35mMetrics[0m] in [1m.serena/project.yml[0m:
  LOC - 86
Found [[35mMetrics[0m] in [1mstatic/js/common.js[0m:
  LOC - 154
Analysis complete
Codacy analysis finished.
----- 2026-01-23 19:18:00 -----
2026-01-23 18:32:18.159056500 +0900 249744 codacy_run.log
--- docker ps (codacy) ---
CONTAINER ID   IMAGE     STATUS    NAMES
--- last 50 lines of codacy_run.log ---
Found [[35mMetrics[0m] in [1mtemplates/evidence_management.html[0m:
  LOC - 259
Found [[35mMetrics[0m] in [1mtemplates/admin_test_history.html[0m:
  LOC - 551
Found [[35mMetrics[0m] in [1mtemplates/email_list_new.html[0m:
  LOC - 372
Found [[35mMetrics[0m] in [1mtemplates/integrated_timeline.html[0m:
  LOC - 181
Found [[35mMetrics[0m] in [1mtemplates/index.html[0m:
  LOC - 119
Found [[35mMetrics[0m] in [1mtemplates/index_new.html[0m:
  LOC - 516
Found [[35mMetrics[0m] in [1mtemplates/admin_logs.html[0m:
  LOC - 121
Found [[35mMetrics[0m] in [1mtemplates/ui_wireframe.html[0m:
  LOC - 90
Found [[35mMetrics[0m] in [1mscripts/vscode_diagnostics_20250916_153831/workbench.html[0m:
  LOC - 65
Found [[35mMetrics[0m] in [1mtemplates/upload.html[0m:
  LOC - 257
Found [[35mMetrics[0m] in [1mscripts/vscode_diagnostics_20250916_153811/workbench.html[0m:
  LOC - 65
Found [[35mMetrics[0m] in [1mtemplates/email_detail.html[0m:
  LOC - 267
Found [[35mMetrics[0m] in [1mtemplates/verify_integrity.html[0m:
  LOC - 207
Found [[35mMetrics[0m] in [1mtemplates/health_check.html[0m:
  LOC - 332
Found [[35mMetrics[0m] in [1mtemplates/admin_jobs.html[0m:
  LOC - 62
Found [[35mMetrics[0m] in [1mtemplates/admin_system_tests.html[0m:
  LOC - 1196
Found [[35mMetrics[0m] in [1mtemplates/log_viewer.html[0m:
  LOC - 299
Found [[35mMetrics[0m] in [1mtemplates/additional_evidence.html[0m:
  LOC - 310
Found [[35mMetrics[0m] in [1mtemplates/admin_evidence_detail.html[0m:
  LOC - 84
Found [[35mMetrics[0m] in [1mscripts/vscode_diagnostics_20250916_153825/workbench.html[0m:
  LOC - 65
Found [[35mMetrics[0m] in [1mtools/server_manager.ps1[0m:
  LOC - 102
Found [[35mMetrics[0m] in [1mstatic/js/common.js[0m:
  LOC - 154
Found [[35mMetrics[0m] in [1m.serena/project.yml[0m:
  LOC - 86
Found [[35mMetrics[0m] in [1mstatic/js/common.js[0m:
  LOC - 154
Analysis complete
Codacy analysis finished.
----- 2026-01-23 19:19:05 -----
2026-01-23 18:32:18.159056500 +0900 249744 codacy_run.log
--- docker ps (codacy) ---
CONTAINER ID   IMAGE     STATUS    NAMES
--- last 50 lines of codacy_run.log ---
Found [[35mMetrics[0m] in [1mtemplates/evidence_management.html[0m:
  LOC - 259
Found [[35mMetrics[0m] in [1mtemplates/admin_test_history.html[0m:
  LOC - 551
Found [[35mMetrics[0m] in [1mtemplates/email_list_new.html[0m:
  LOC - 372
Found [[35mMetrics[0m] in [1mtemplates/integrated_timeline.html[0m:
  LOC - 181
Found [[35mMetrics[0m] in [1mtemplates/index.html[0m:
  LOC - 119
Found [[35mMetrics[0m] in [1mtemplates/index_new.html[0m:
  LOC - 516
Found [[35mMetrics[0m] in [1mtemplates/admin_logs.html[0m:
  LOC - 121
Found [[35mMetrics[0m] in [1mtemplates/ui_wireframe.html[0m:
  LOC - 90
Found [[35mMetrics[0m] in [1mscripts/vscode_diagnostics_20250916_153831/workbench.html[0m:
  LOC - 65
Found [[35mMetrics[0m] in [1mtemplates/upload.html[0m:
  LOC - 257
Found [[35mMetrics[0m] in [1mscripts/vscode_diagnostics_20250916_153811/workbench.html[0m:
  LOC - 65
Found [[35mMetrics[0m] in [1mtemplates/email_detail.html[0m:
  LOC - 267
Found [[35mMetrics[0m] in [1mtemplates/verify_integrity.html[0m:
  LOC - 207
Found [[35mMetrics[0m] in [1mtemplates/health_check.html[0m:
  LOC - 332
Found [[35mMetrics[0m] in [1mtemplates/admin_jobs.html[0m:
  LOC - 62
Found [[35mMetrics[0m] in [1mtemplates/admin_system_tests.html[0m:
  LOC - 1196
Found [[35mMetrics[0m] in [1mtemplates/log_viewer.html[0m:
  LOC - 299
Found [[35mMetrics[0m] in [1mtemplates/additional_evidence.html[0m:
  LOC - 310
Found [[35mMetrics[0m] in [1mtemplates/admin_evidence_detail.html[0m:
  LOC - 84
Found [[35mMetrics[0m] in [1mscripts/vscode_diagnostics_20250916_153825/workbench.html[0m:
  LOC - 65
Found [[35mMetrics[0m] in [1mtools/server_manager.ps1[0m:
  LOC - 102
Found [[35mMetrics[0m] in [1mstatic/js/common.js[0m:
  LOC - 154
Found [[35mMetrics[0m] in [1m.serena/project.yml[0m:
  LOC - 86
Found [[35mMetrics[0m] in [1mstatic/js/common.js[0m:
  LOC - 154
Analysis complete
Codacy analysis finished.
----- 2026-01-23 19:20:09 -----
2026-01-23 18:32:18.159056500 +0900 249744 codacy_run.log
--- docker ps (codacy) ---
CONTAINER ID   IMAGE     STATUS    NAMES
--- last 50 lines of codacy_run.log ---
Found [[35mMetrics[0m] in [1mtemplates/evidence_management.html[0m:
  LOC - 259
Found [[35mMetrics[0m] in [1mtemplates/admin_test_history.html[0m:
  LOC - 551
Found [[35mMetrics[0m] in [1mtemplates/email_list_new.html[0m:
  LOC - 372
Found [[35mMetrics[0m] in [1mtemplates/integrated_timeline.html[0m:
  LOC - 181
Found [[35mMetrics[0m] in [1mtemplates/index.html[0m:
  LOC - 119
Found [[35mMetrics[0m] in [1mtemplates/index_new.html[0m:
  LOC - 516
Found [[35mMetrics[0m] in [1mtemplates/admin_logs.html[0m:
  LOC - 121
Found [[35mMetrics[0m] in [1mtemplates/ui_wireframe.html[0m:
  LOC - 90
Found [[35mMetrics[0m] in [1mscripts/vscode_diagnostics_20250916_153831/workbench.html[0m:
  LOC - 65
Found [[35mMetrics[0m] in [1mtemplates/upload.html[0m:
  LOC - 257
Found [[35mMetrics[0m] in [1mscripts/vscode_diagnostics_20250916_153811/workbench.html[0m:
  LOC - 65
Found [[35mMetrics[0m] in [1mtemplates/email_detail.html[0m:
  LOC - 267
Found [[35mMetrics[0m] in [1mtemplates/verify_integrity.html[0m:
  LOC - 207
Found [[35mMetrics[0m] in [1mtemplates/health_check.html[0m:
  LOC - 332
Found [[35mMetrics[0m] in [1mtemplates/admin_jobs.html[0m:
  LOC - 62
Found [[35mMetrics[0m] in [1mtemplates/admin_system_tests.html[0m:
  LOC - 1196
Found [[35mMetrics[0m] in [1mtemplates/log_viewer.html[0m:
  LOC - 299
Found [[35mMetrics[0m] in [1mtemplates/additional_evidence.html[0m:
  LOC - 310
Found [[35mMetrics[0m] in [1mtemplates/admin_evidence_detail.html[0m:
  LOC - 84
Found [[35mMetrics[0m] in [1mscripts/vscode_diagnostics_20250916_153825/workbench.html[0m:
  LOC - 65
Found [[35mMetrics[0m] in [1mtools/server_manager.ps1[0m:
  LOC - 102
Found [[35mMetrics[0m] in [1mstatic/js/common.js[0m:
  LOC - 154
Found [[35mMetrics[0m] in [1m.serena/project.yml[0m:
  LOC - 86
Found [[35mMetrics[0m] in [1mstatic/js/common.js[0m:
  LOC - 154
Analysis complete
Codacy analysis finished.
----- 2026-01-23 19:21:11 -----
2026-01-23 18:32:18.159056500 +0900 249744 codacy_run.log
--- docker ps (codacy) ---
CONTAINER ID   IMAGE     STATUS    NAMES
--- last 50 lines of codacy_run.log ---
Found [[35mMetrics[0m] in [1mtemplates/evidence_management.html[0m:
  LOC - 259
Found [[35mMetrics[0m] in [1mtemplates/admin_test_history.html[0m:
  LOC - 551
Found [[35mMetrics[0m] in [1mtemplates/email_list_new.html[0m:
  LOC - 372
Found [[35mMetrics[0m] in [1mtemplates/integrated_timeline.html[0m:
  LOC - 181
Found [[35mMetrics[0m] in [1mtemplates/index.html[0m:
  LOC - 119
Found [[35mMetrics[0m] in [1mtemplates/index_new.html[0m:
  LOC - 516
Found [[35mMetrics[0m] in [1mtemplates/admin_logs.html[0m:
  LOC - 121
Found [[35mMetrics[0m] in [1mtemplates/ui_wireframe.html[0m:
  LOC - 90
Found [[35mMetrics[0m] in [1mscripts/vscode_diagnostics_20250916_153831/workbench.html[0m:
  LOC - 65
Found [[35mMetrics[0m] in [1mtemplates/upload.html[0m:
  LOC - 257
Found [[35mMetrics[0m] in [1mscripts/vscode_diagnostics_20250916_153811/workbench.html[0m:
  LOC - 65
Found [[35mMetrics[0m] in [1mtemplates/email_detail.html[0m:
  LOC - 267
Found [[35mMetrics[0m] in [1mtemplates/verify_integrity.html[0m:
  LOC - 207
Found [[35mMetrics[0m] in [1mtemplates/health_check.html[0m:
  LOC - 332
Found [[35mMetrics[0m] in [1mtemplates/admin_jobs.html[0m:
  LOC - 62
Found [[35mMetrics[0m] in [1mtemplates/admin_system_tests.html[0m:
  LOC - 1196
Found [[35mMetrics[0m] in [1mtemplates/log_viewer.html[0m:
  LOC - 299
Found [[35mMetrics[0m] in [1mtemplates/additional_evidence.html[0m:
  LOC - 310
Found [[35mMetrics[0m] in [1mtemplates/admin_evidence_detail.html[0m:
  LOC - 84
Found [[35mMetrics[0m] in [1mscripts/vscode_diagnostics_20250916_153825/workbench.html[0m:
  LOC - 65
Found [[35mMetrics[0m] in [1mtools/server_manager.ps1[0m:
  LOC - 102
Found [[35mMetrics[0m] in [1mstatic/js/common.js[0m:
  LOC - 154
Found [[35mMetrics[0m] in [1m.serena/project.yml[0m:
  LOC - 86
Found [[35mMetrics[0m] in [1mstatic/js/common.js[0m:
  LOC - 154
Analysis complete
Codacy analysis finished.
----- 2026-01-23 19:22:14 -----
2026-01-23 18:32:18.159056500 +0900 249744 codacy_run.log
--- docker ps (codacy) ---
CONTAINER ID   IMAGE     STATUS    NAMES
--- last 50 lines of codacy_run.log ---
Found [[35mMetrics[0m] in [1mtemplates/evidence_management.html[0m:
  LOC - 259
Found [[35mMetrics[0m] in [1mtemplates/admin_test_history.html[0m:
  LOC - 551
Found [[35mMetrics[0m] in [1mtemplates/email_list_new.html[0m:
  LOC - 372
Found [[35mMetrics[0m] in [1mtemplates/integrated_timeline.html[0m:
  LOC - 181
Found [[35mMetrics[0m] in [1mtemplates/index.html[0m:
  LOC - 119
Found [[35mMetrics[0m] in [1mtemplates/index_new.html[0m:
  LOC - 516
Found [[35mMetrics[0m] in [1mtemplates/admin_logs.html[0m:
  LOC - 121
Found [[35mMetrics[0m] in [1mtemplates/ui_wireframe.html[0m:
  LOC - 90
Found [[35mMetrics[0m] in [1mscripts/vscode_diagnostics_20250916_153831/workbench.html[0m:
  LOC - 65
Found [[35mMetrics[0m] in [1mtemplates/upload.html[0m:
  LOC - 257
Found [[35mMetrics[0m] in [1mscripts/vscode_diagnostics_20250916_153811/workbench.html[0m:
  LOC - 65
Found [[35mMetrics[0m] in [1mtemplates/email_detail.html[0m:
  LOC - 267
Found [[35mMetrics[0m] in [1mtemplates/verify_integrity.html[0m:
  LOC - 207
Found [[35mMetrics[0m] in [1mtemplates/health_check.html[0m:
  LOC - 332
Found [[35mMetrics[0m] in [1mtemplates/admin_jobs.html[0m:
  LOC - 62
Found [[35mMetrics[0m] in [1mtemplates/admin_system_tests.html[0m:
  LOC - 1196
Found [[35mMetrics[0m] in [1mtemplates/log_viewer.html[0m:
  LOC - 299
Found [[35mMetrics[0m] in [1mtemplates/additional_evidence.html[0m:
  LOC - 310
Found [[35mMetrics[0m] in [1mtemplates/admin_evidence_detail.html[0m:
  LOC - 84
Found [[35mMetrics[0m] in [1mscripts/vscode_diagnostics_20250916_153825/workbench.html[0m:
  LOC - 65
Found [[35mMetrics[0m] in [1mtools/server_manager.ps1[0m:
  LOC - 102
Found [[35mMetrics[0m] in [1mstatic/js/common.js[0m:
  LOC - 154
Found [[35mMetrics[0m] in [1m.serena/project.yml[0m:
  LOC - 86
Found [[35mMetrics[0m] in [1mstatic/js/common.js[0m:
  LOC - 154
Analysis complete
Codacy analysis finished.
----- 2026-01-23 19:23:18 -----
2026-01-23 18:32:18.159056500 +0900 249744 codacy_run.log
--- docker ps (codacy) ---
CONTAINER ID   IMAGE     STATUS    NAMES
--- last 50 lines of codacy_run.log ---
Found [[35mMetrics[0m] in [1mtemplates/evidence_management.html[0m:
  LOC - 259
Found [[35mMetrics[0m] in [1mtemplates/admin_test_history.html[0m:
  LOC - 551
Found [[35mMetrics[0m] in [1mtemplates/email_list_new.html[0m:
  LOC - 372
Found [[35mMetrics[0m] in [1mtemplates/integrated_timeline.html[0m:
  LOC - 181
Found [[35mMetrics[0m] in [1mtemplates/index.html[0m:
  LOC - 119
Found [[35mMetrics[0m] in [1mtemplates/index_new.html[0m:
  LOC - 516
Found [[35mMetrics[0m] in [1mtemplates/admin_logs.html[0m:
  LOC - 121
Found [[35mMetrics[0m] in [1mtemplates/ui_wireframe.html[0m:
  LOC - 90
Found [[35mMetrics[0m] in [1mscripts/vscode_diagnostics_20250916_153831/workbench.html[0m:
  LOC - 65
Found [[35mMetrics[0m] in [1mtemplates/upload.html[0m:
  LOC - 257
Found [[35mMetrics[0m] in [1mscripts/vscode_diagnostics_20250916_153811/workbench.html[0m:
  LOC - 65
Found [[35mMetrics[0m] in [1mtemplates/email_detail.html[0m:
  LOC - 267
Found [[35mMetrics[0m] in [1mtemplates/verify_integrity.html[0m:
  LOC - 207
Found [[35mMetrics[0m] in [1mtemplates/health_check.html[0m:
  LOC - 332
Found [[35mMetrics[0m] in [1mtemplates/admin_jobs.html[0m:
  LOC - 62
Found [[35mMetrics[0m] in [1mtemplates/admin_system_tests.html[0m:
  LOC - 1196
Found [[35mMetrics[0m] in [1mtemplates/log_viewer.html[0m:
  LOC - 299
Found [[35mMetrics[0m] in [1mtemplates/additional_evidence.html[0m:
  LOC - 310
Found [[35mMetrics[0m] in [1mtemplates/admin_evidence_detail.html[0m:
  LOC - 84
Found [[35mMetrics[0m] in [1mscripts/vscode_diagnostics_20250916_153825/workbench.html[0m:
  LOC - 65
Found [[35mMetrics[0m] in [1mtools/server_manager.ps1[0m:
  LOC - 102
Found [[35mMetrics[0m] in [1mstatic/js/common.js[0m:
  LOC - 154
Found [[35mMetrics[0m] in [1m.serena/project.yml[0m:
  LOC - 86
Found [[35mMetrics[0m] in [1mstatic/js/common.js[0m:
  LOC - 154
Analysis complete
Codacy analysis finished.
----- 2026-01-23 19:24:22 -----
2026-01-23 18:32:18.159056500 +0900 249744 codacy_run.log
--- docker ps (codacy) ---
CONTAINER ID   IMAGE     STATUS    NAMES
--- last 50 lines of codacy_run.log ---
Found [[35mMetrics[0m] in [1mtemplates/evidence_management.html[0m:
  LOC - 259
Found [[35mMetrics[0m] in [1mtemplates/admin_test_history.html[0m:
  LOC - 551
Found [[35mMetrics[0m] in [1mtemplates/email_list_new.html[0m:
  LOC - 372
Found [[35mMetrics[0m] in [1mtemplates/integrated_timeline.html[0m:
  LOC - 181
Found [[35mMetrics[0m] in [1mtemplates/index.html[0m:
  LOC - 119
Found [[35mMetrics[0m] in [1mtemplates/index_new.html[0m:
  LOC - 516
Found [[35mMetrics[0m] in [1mtemplates/admin_logs.html[0m:
  LOC - 121
Found [[35mMetrics[0m] in [1mtemplates/ui_wireframe.html[0m:
  LOC - 90
Found [[35mMetrics[0m] in [1mscripts/vscode_diagnostics_20250916_153831/workbench.html[0m:
  LOC - 65
Found [[35mMetrics[0m] in [1mtemplates/upload.html[0m:
  LOC - 257
Found [[35mMetrics[0m] in [1mscripts/vscode_diagnostics_20250916_153811/workbench.html[0m:
  LOC - 65
Found [[35mMetrics[0m] in [1mtemplates/email_detail.html[0m:
  LOC - 267
Found [[35mMetrics[0m] in [1mtemplates/verify_integrity.html[0m:
  LOC - 207
Found [[35mMetrics[0m] in [1mtemplates/health_check.html[0m:
  LOC - 332
Found [[35mMetrics[0m] in [1mtemplates/admin_jobs.html[0m:
  LOC - 62
Found [[35mMetrics[0m] in [1mtemplates/admin_system_tests.html[0m:
  LOC - 1196
Found [[35mMetrics[0m] in [1mtemplates/log_viewer.html[0m:
  LOC - 299
Found [[35mMetrics[0m] in [1mtemplates/additional_evidence.html[0m:
  LOC - 310
Found [[35mMetrics[0m] in [1mtemplates/admin_evidence_detail.html[0m:
  LOC - 84
Found [[35mMetrics[0m] in [1mscripts/vscode_diagnostics_20250916_153825/workbench.html[0m:
  LOC - 65
Found [[35mMetrics[0m] in [1mtools/server_manager.ps1[0m:
  LOC - 102
Found [[35mMetrics[0m] in [1mstatic/js/common.js[0m:
  LOC - 154
Found [[35mMetrics[0m] in [1m.serena/project.yml[0m:
  LOC - 86
Found [[35mMetrics[0m] in [1mstatic/js/common.js[0m:
  LOC - 154
Analysis complete
Codacy analysis finished.
----- 2026-01-23 19:25:27 -----
2026-01-23 18:32:18.159056500 +0900 249744 codacy_run.log
--- docker ps (codacy) ---
CONTAINER ID   IMAGE     STATUS    NAMES
--- last 50 lines of codacy_run.log ---
Found [[35mMetrics[0m] in [1mtemplates/evidence_management.html[0m:
  LOC - 259
Found [[35mMetrics[0m] in [1mtemplates/admin_test_history.html[0m:
  LOC - 551
Found [[35mMetrics[0m] in [1mtemplates/email_list_new.html[0m:
  LOC - 372
Found [[35mMetrics[0m] in [1mtemplates/integrated_timeline.html[0m:
  LOC - 181
Found [[35mMetrics[0m] in [1mtemplates/index.html[0m:
  LOC - 119
Found [[35mMetrics[0m] in [1mtemplates/index_new.html[0m:
  LOC - 516
Found [[35mMetrics[0m] in [1mtemplates/admin_logs.html[0m:
  LOC - 121
Found [[35mMetrics[0m] in [1mtemplates/ui_wireframe.html[0m:
  LOC - 90
Found [[35mMetrics[0m] in [1mscripts/vscode_diagnostics_20250916_153831/workbench.html[0m:
  LOC - 65
Found [[35mMetrics[0m] in [1mtemplates/upload.html[0m:
  LOC - 257
Found [[35mMetrics[0m] in [1mscripts/vscode_diagnostics_20250916_153811/workbench.html[0m:
  LOC - 65
Found [[35mMetrics[0m] in [1mtemplates/email_detail.html[0m:
  LOC - 267
Found [[35mMetrics[0m] in [1mtemplates/verify_integrity.html[0m:
  LOC - 207
Found [[35mMetrics[0m] in [1mtemplates/health_check.html[0m:
  LOC - 332
Found [[35mMetrics[0m] in [1mtemplates/admin_jobs.html[0m:
  LOC - 62
Found [[35mMetrics[0m] in [1mtemplates/admin_system_tests.html[0m:
  LOC - 1196
Found [[35mMetrics[0m] in [1mtemplates/log_viewer.html[0m:
  LOC - 299
Found [[35mMetrics[0m] in [1mtemplates/additional_evidence.html[0m:
  LOC - 310
Found [[35mMetrics[0m] in [1mtemplates/admin_evidence_detail.html[0m:
  LOC - 84
Found [[35mMetrics[0m] in [1mscripts/vscode_diagnostics_20250916_153825/workbench.html[0m:
  LOC - 65
Found [[35mMetrics[0m] in [1mtools/server_manager.ps1[0m:
  LOC - 102
Found [[35mMetrics[0m] in [1mstatic/js/common.js[0m:
  LOC - 154
Found [[35mMetrics[0m] in [1m.serena/project.yml[0m:
  LOC - 86
Found [[35mMetrics[0m] in [1mstatic/js/common.js[0m:
  LOC - 154
Analysis complete
Codacy analysis finished.
----- 2026-01-23 19:26:31 -----
2026-01-23 18:32:18.159056500 +0900 249744 codacy_run.log
--- docker ps (codacy) ---
CONTAINER ID   IMAGE     STATUS    NAMES
--- last 50 lines of codacy_run.log ---
Found [[35mMetrics[0m] in [1mtemplates/evidence_management.html[0m:
  LOC - 259
Found [[35mMetrics[0m] in [1mtemplates/admin_test_history.html[0m:
  LOC - 551
Found [[35mMetrics[0m] in [1mtemplates/email_list_new.html[0m:
  LOC - 372
Found [[35mMetrics[0m] in [1mtemplates/integrated_timeline.html[0m:
  LOC - 181
Found [[35mMetrics[0m] in [1mtemplates/index.html[0m:
  LOC - 119
Found [[35mMetrics[0m] in [1mtemplates/index_new.html[0m:
  LOC - 516
Found [[35mMetrics[0m] in [1mtemplates/admin_logs.html[0m:
  LOC - 121
Found [[35mMetrics[0m] in [1mtemplates/ui_wireframe.html[0m:
  LOC - 90
Found [[35mMetrics[0m] in [1mscripts/vscode_diagnostics_20250916_153831/workbench.html[0m:
  LOC - 65
Found [[35mMetrics[0m] in [1mtemplates/upload.html[0m:
  LOC - 257
Found [[35mMetrics[0m] in [1mscripts/vscode_diagnostics_20250916_153811/workbench.html[0m:
  LOC - 65
Found [[35mMetrics[0m] in [1mtemplates/email_detail.html[0m:
  LOC - 267
Found [[35mMetrics[0m] in [1mtemplates/verify_integrity.html[0m:
  LOC - 207
Found [[35mMetrics[0m] in [1mtemplates/health_check.html[0m:
  LOC - 332
Found [[35mMetrics[0m] in [1mtemplates/admin_jobs.html[0m:
  LOC - 62
Found [[35mMetrics[0m] in [1mtemplates/admin_system_tests.html[0m:
  LOC - 1196
Found [[35mMetrics[0m] in [1mtemplates/log_viewer.html[0m:
  LOC - 299
Found [[35mMetrics[0m] in [1mtemplates/additional_evidence.html[0m:
  LOC - 310
Found [[35mMetrics[0m] in [1mtemplates/admin_evidence_detail.html[0m:
  LOC - 84
Found [[35mMetrics[0m] in [1mscripts/vscode_diagnostics_20250916_153825/workbench.html[0m:
  LOC - 65
Found [[35mMetrics[0m] in [1mtools/server_manager.ps1[0m:
  LOC - 102
Found [[35mMetrics[0m] in [1mstatic/js/common.js[0m:
  LOC - 154
Found [[35mMetrics[0m] in [1m.serena/project.yml[0m:
  LOC - 86
Found [[35mMetrics[0m] in [1mstatic/js/common.js[0m:
  LOC - 154
Analysis complete
Codacy analysis finished.
----- 2026-01-23 19:27:35 -----
2026-01-23 18:32:18.159056500 +0900 249744 codacy_run.log
--- docker ps (codacy) ---
CONTAINER ID   IMAGE     STATUS    NAMES
--- last 50 lines of codacy_run.log ---
Found [[35mMetrics[0m] in [1mtemplates/evidence_management.html[0m:
  LOC - 259
Found [[35mMetrics[0m] in [1mtemplates/admin_test_history.html[0m:
  LOC - 551
Found [[35mMetrics[0m] in [1mtemplates/email_list_new.html[0m:
  LOC - 372
Found [[35mMetrics[0m] in [1mtemplates/integrated_timeline.html[0m:
  LOC - 181
Found [[35mMetrics[0m] in [1mtemplates/index.html[0m:
  LOC - 119
Found [[35mMetrics[0m] in [1mtemplates/index_new.html[0m:
  LOC - 516
Found [[35mMetrics[0m] in [1mtemplates/admin_logs.html[0m:
  LOC - 121
Found [[35mMetrics[0m] in [1mtemplates/ui_wireframe.html[0m:
  LOC - 90
Found [[35mMetrics[0m] in [1mscripts/vscode_diagnostics_20250916_153831/workbench.html[0m:
  LOC - 65
Found [[35mMetrics[0m] in [1mtemplates/upload.html[0m:
  LOC - 257
Found [[35mMetrics[0m] in [1mscripts/vscode_diagnostics_20250916_153811/workbench.html[0m:
  LOC - 65
Found [[35mMetrics[0m] in [1mtemplates/email_detail.html[0m:
  LOC - 267
Found [[35mMetrics[0m] in [1mtemplates/verify_integrity.html[0m:
  LOC - 207
Found [[35mMetrics[0m] in [1mtemplates/health_check.html[0m:
  LOC - 332
Found [[35mMetrics[0m] in [1mtemplates/admin_jobs.html[0m:
  LOC - 62
Found [[35mMetrics[0m] in [1mtemplates/admin_system_tests.html[0m:
  LOC - 1196
Found [[35mMetrics[0m] in [1mtemplates/log_viewer.html[0m:
  LOC - 299
Found [[35mMetrics[0m] in [1mtemplates/additional_evidence.html[0m:
  LOC - 310
Found [[35mMetrics[0m] in [1mtemplates/admin_evidence_detail.html[0m:
  LOC - 84
Found [[35mMetrics[0m] in [1mscripts/vscode_diagnostics_20250916_153825/workbench.html[0m:
  LOC - 65
Found [[35mMetrics[0m] in [1mtools/server_manager.ps1[0m:
  LOC - 102
Found [[35mMetrics[0m] in [1mstatic/js/common.js[0m:
  LOC - 154
Found [[35mMetrics[0m] in [1m.serena/project.yml[0m:
  LOC - 86
Found [[35mMetrics[0m] in [1mstatic/js/common.js[0m:
  LOC - 154
Analysis complete
Codacy analysis finished.
----- 2026-01-23 19:28:39 -----
2026-01-23 19:28:38.643164400 +0900 137036 codacy_run.log
--- docker ps (codacy) ---
CONTAINER ID   IMAGE                        STATUS          NAMES
b13dff15001d   codacy/codacy-analysis-cli   Up 48 seconds   recursing_sammet
--- last 50 lines of codacy_run.log ---
	at scala.util.Try$.apply(Try.scala:213)
	at com.codacy.plugins.results.traits.ToolRunner.apply(ToolRunner.scala:60)
	at com.codacy.plugins.results.traits.ToolRunner.run(ToolRunner.scala:48)
	at com.codacy.analysis.core.tools.Tool.run(Tool.scala:95)
	at com.codacy.analysis.core.analysis.CodacyPluginsAnalyser.analyse(CodacyPluginsAnalyser.scala:25)
	at com.codacy.analysis.cli.analysis.AnalyseExecutor.$anonfun$issues$1(AnalyseExecutor.scala:159)
	at scala.util.Success.flatMap(Try.scala:251)
	at com.codacy.analysis.cli.analysis.AnalyseExecutor.issues(AnalyseExecutor.scala:151)
	at com.codacy.analysis.cli.analysis.AnalyseExecutor.$anonfun$run$5(AnalyseExecutor.scala:70)
	at scala.collection.parallel.AugmentedIterableIterator.map2combiner(RemainsIterator.scala:116)
	at scala.collection.parallel.AugmentedIterableIterator.map2combiner$(RemainsIterator.scala:113)
	at scala.collection.parallel.immutable.ParHashSet$ParHashSetIterator.map2combiner(ParHashSet.scala:81)
	at scala.collection.parallel.ParIterableLike$Map.leaf(ParIterableLike.scala:1064)
	at scala.collection.parallel.Task.$anonfun$tryLeaf$1(Tasks.scala:53)
	at scala.runtime.java8.JFunction0$mcV$sp.apply(JFunction0$mcV$sp.java:23)
	at scala.util.control.Breaks$$anon$1.catchBreak(Breaks.scala:67)
	at scala.collection.parallel.Task.tryLeaf(Tasks.scala:56)
	at scala.collection.parallel.Task.tryLeaf$(Tasks.scala:50)
	at scala.collection.parallel.ParIterableLike$Map.tryLeaf(ParIterableLike.scala:1061)
	at scala.collection.parallel.AdaptiveWorkStealingTasks$WrappedTask.internal(Tasks.scala:170)
	at scala.collection.parallel.AdaptiveWorkStealingTasks$WrappedTask.internal$(Tasks.scala:157)
	at scala.collection.parallel.AdaptiveWorkStealingForkJoinTasks$WrappedTask.internal(Tasks.scala:440)
	at scala.collection.parallel.AdaptiveWorkStealingTasks$WrappedTask.compute(Tasks.scala:150)
	at scala.collection.parallel.AdaptiveWorkStealingTasks$WrappedTask.compute$(Tasks.scala:149)
	at scala.collection.parallel.AdaptiveWorkStealingForkJoinTasks$WrappedTask.compute(Tasks.scala:440)
	at java.util.concurrent.RecursiveAction.exec(RecursiveAction.java:189)
	at java.util.concurrent.ForkJoinTask.doExec(ForkJoinTask.java:289)
	at java.util.concurrent.ForkJoinTask.doJoin(ForkJoinTask.java:389)
	at java.util.concurrent.ForkJoinTask.join(ForkJoinTask.java:719)
	at scala.collection.parallel.ForkJoinTasks$WrappedTask.sync(Tasks.scala:379)
	at scala.collection.parallel.ForkJoinTasks$WrappedTask.sync$(Tasks.scala:379)
	at scala.collection.parallel.AdaptiveWorkStealingForkJoinTasks$WrappedTask.sync(Tasks.scala:440)
	at scala.collection.parallel.ForkJoinTasks.executeAndWaitResult(Tasks.scala:423)
	at scala.collection.parallel.ForkJoinTasks.executeAndWaitResult$(Tasks.scala:416)
	at scala.collection.parallel.ForkJoinTaskSupport.executeAndWaitResult(TaskSupport.scala:60)
	at scala.collection.parallel.ParIterableLike$ResultMapping.leaf(ParIterableLike.scala:968)
	at scala.collection.parallel.Task.$anonfun$tryLeaf$1(Tasks.scala:53)
	at scala.runtime.java8.JFunction0$mcV$sp.apply(JFunction0$mcV$sp.java:23)
	at scala.util.control.Breaks$$anon$1.catchBreak(Breaks.scala:67)
	at scala.collection.parallel.Task.tryLeaf(Tasks.scala:56)
	at scala.collection.parallel.Task.tryLeaf$(Tasks.scala:50)
	at scala.collection.parallel.ParIterableLike$ResultMapping.tryLeaf(ParIterableLike.scala:963)
	at scala.collection.parallel.AdaptiveWorkStealingTasks$WrappedTask.compute(Tasks.scala:153)
	at scala.collection.parallel.AdaptiveWorkStealingTasks$WrappedTask.compute$(Tasks.scala:149)
	at scala.collection.parallel.AdaptiveWorkStealingForkJoinTasks$WrappedTask.compute(Tasks.scala:440)
	at java.util.concurrent.RecursiveAction.exec(RecursiveAction.java:189)
	at java.util.concurrent.ForkJoinTask.doExec(ForkJoinTask.java:289)
	at java.util.concurrent.ForkJoinPool$WorkQueue.runTask(ForkJoinPool.java:1056)
	at java.util.concurrent.ForkJoinPool.runWorker(ForkJoinPool.java:1692)
	at java.util.concurrent.ForkJoinWorkerThread.run(ForkJoinWorkerThread.java:175)
----- 2026-01-23 19:29:42 -----
2026-01-23 19:28:44.098756000 +0900 249722 codacy_run.log
--- docker ps (codacy) ---
CONTAINER ID   IMAGE     STATUS    NAMES
--- last 50 lines of codacy_run.log ---
Found [[35mMetrics[0m] in [1mscripts/vscode_diagnostics_20250916_153836/workbench.html[0m:
  LOC - 65
Found [[35mMetrics[0m] in [1mtemplates/admin_dashboard.html[0m:
  LOC - 128
Found [[35mMetrics[0m] in [1mtemplates/evidence_management.html[0m:
  LOC - 259
Found [[35mMetrics[0m] in [1mtemplates/admin_test_history.html[0m:
  LOC - 551
Found [[35mMetrics[0m] in [1mtemplates/email_list_new.html[0m:
  LOC - 372
Found [[35mMetrics[0m] in [1mtemplates/integrated_timeline.html[0m:
  LOC - 181
Found [[35mMetrics[0m] in [1mtemplates/index.html[0m:
  LOC - 119
Found [[35mMetrics[0m] in [1mtemplates/index_new.html[0m:
  LOC - 516
Found [[35mMetrics[0m] in [1mtemplates/admin_logs.html[0m:
  LOC - 121
Found [[35mMetrics[0m] in [1mtemplates/ui_wireframe.html[0m:
  LOC - 90
Found [[35mMetrics[0m] in [1mscripts/vscode_diagnostics_20250916_153831/workbench.html[0m:
  LOC - 65
Found [[35mMetrics[0m] in [1mtemplates/upload.html[0m:
  LOC - 257
Found [[35mMetrics[0m] in [1mscripts/vscode_diagnostics_20250916_153811/workbench.html[0m:
  LOC - 65
Found [[35mMetrics[0m] in [1mtemplates/email_detail.html[0m:
  LOC - 267
Found [[35mMetrics[0m] in [1mtemplates/verify_integrity.html[0m:
  LOC - 207
Found [[35mMetrics[0m] in [1mtemplates/health_check.html[0m:
  LOC - 332
Found [[35mMetrics[0m] in [1mtemplates/admin_jobs.html[0m:
  LOC - 62
Found [[35mMetrics[0m] in [1mtemplates/admin_system_tests.html[0m:
  LOC - 1196
Found [[35mMetrics[0m] in [1mtemplates/log_viewer.html[0m:
  LOC - 299
Found [[35mMetrics[0m] in [1mtemplates/additional_evidence.html[0m:
  LOC - 310
Found [[35mMetrics[0m] in [1mtemplates/admin_evidence_detail.html[0m:
  LOC - 84
Found [[35mMetrics[0m] in [1mscripts/vscode_diagnostics_20250916_153825/workbench.html[0m:
  LOC - 65
Found [[35mMetrics[0m] in [1mtools/server_manager.ps1[0m:
  LOC - 102
Found [[35mMetrics[0m] in [1m.serena/project.yml[0m:
  LOC - 86
Analysis complete
Codacy analysis finished.
----- 2026-01-23 19:30:46 -----
2026-01-23 19:30:38.324664100 +0900 25793 codacy_run.log
--- docker ps (codacy) ---
CONTAINER ID   IMAGE                        STATUS          NAMES
99bc6808d6c7   codacy/codacy-analysis-cli   Up 13 seconds   kind_rhodes
--- last 50 lines of codacy_run.log ---
01/23 10:30:38 [1;31mERROR[0;39m [36mc.c.a.core.files.FileCollector:102[0;39m - Could not read file /home/crossman/projects/python-email/.serena/memories/suggested_commands.md, make sure it is readable by everybody. 
01/23 10:30:38 [1;31mERROR[0;39m [36mc.c.a.core.files.FileCollector:102[0;39m - Could not read file /home/crossman/projects/python-email/scripts/vscode_diagnostics_20250916_154102/top_cpu_processes.txt, make sure it is readable by everybody. 
01/23 10:30:38 [1;31mERROR[0;39m [36mc.c.a.core.files.FileCollector:102[0;39m - Could not read file /home/crossman/projects/python-email/scripts/vscode_diagnostics_20250916_150556/mcp_checks_check_mcp_servers_strict.txt, make sure it is readable by everybody. 
01/23 10:30:38 [1;31mERROR[0;39m [36mc.c.a.core.files.FileCollector:102[0;39m - Could not read file /home/crossman/projects/python-email/scripts/vscode_diagnostics_20250916_154102/os_info.txt, make sure it is readable by everybody. 
01/23 10:30:38 [1;31mERROR[0;39m [36mc.c.a.core.files.FileCollector:102[0;39m - Could not read file /home/crossman/projects/python-email/README.md, make sure it is readable by everybody. 
01/23 10:30:38 [1;31mERROR[0;39m [36mc.c.a.core.files.FileCollector:102[0;39m - Could not read file /home/crossman/projects/python-email/scripts/vscode_diagnostics_20250916_154102/workbench.html, make sure it is readable by everybody. 
01/23 10:30:38 [1;31mERROR[0;39m [36mc.c.a.core.files.FileCollector:102[0;39m - Could not read file /home/crossman/projects/python-email/scripts/vscode_diagnostics_20250916_153819/top_cpu_processes.txt, make sure it is readable by everybody. 
01/23 10:30:38 [1;31mERROR[0;39m [36mc.c.a.core.files.FileCollector:102[0;39m - Could not read file /home/crossman/projects/python-email/scripts/vscode_diagnostics_20250916_150556/os_info.txt, make sure it is readable by everybody. 
01/23 10:30:38 [1;31mERROR[0;39m [36mc.c.a.core.files.FileCollector:102[0;39m - Could not read file /home/crossman/projects/python-email/scripts/vscode_diagnostics_20250916_150919/extensions.txt, make sure it is readable by everybody. 
01/23 10:30:38 [1;31mERROR[0;39m [36mc.c.a.core.files.FileCollector:102[0;39m - Could not read file /home/crossman/projects/python-email/scripts/vscode_diagnostics_20250916_152914/mcp_checks_check_mcp_servers.txt, make sure it is readable by everybody. 
01/23 10:30:38 [1;31mERROR[0;39m [36mc.c.a.core.files.FileCollector:102[0;39m - Could not read file /home/crossman/projects/python-email/scripts/vscode_diagnostics_20250916_153825/workbench.html, make sure it is readable by everybody. 
01/23 10:30:38 [1;31mERROR[0;39m [36mc.c.a.core.files.FileCollector:102[0;39m - Could not read file /home/crossman/projects/python-email/TEST_ENVIRONMENT_CHECK.md, make sure it is readable by everybody. 
01/23 10:30:38 [1;31mERROR[0;39m [36mc.c.a.core.files.FileCollector:102[0;39m - Could not read file /home/crossman/projects/python-email/scripts/vscode_diagnostics_20250916_152914/os_info.txt, make sure it is readable by everybody. 
01/23 10:30:38 [1;31mERROR[0;39m [36mc.c.a.core.files.FileCollector:102[0;39m - Could not read file /home/crossman/projects/python-email/scripts/vscode_diagnostics_20250916_153825/extension_host_processes.txt, make sure it is readable by everybody. 
01/23 10:30:38 [1;31mERROR[0;39m [36mc.c.a.core.files.FileCollector:102[0;39m - Could not read file /home/crossman/projects/python-email/scripts/vscode_diagnostics_20250916_151152/mcp_checks_check_mcp_servers.txt, make sure it is readable by everybody. 
01/23 10:30:38 [1;31mERROR[0;39m [36mc.c.a.core.files.FileCollector:102[0;39m - Could not read file /home/crossman/projects/python-email/scripts/vscode_diagnostics_20250916_153811/mcp_checks_check_mcp_servers_strict.txt, make sure it is readable by everybody. 
01/23 10:30:38 [1;31mERROR[0;39m [36mc.c.a.core.files.FileCollector:102[0;39m - Could not read file /home/crossman/projects/python-email/scripts/vscode_diagnostics_20250916_153811/mcp_checks_check_mcp_servers.txt, make sure it is readable by everybody. 
01/23 10:30:38 [1;31mERROR[0;39m [36mc.c.a.core.files.FileCollector:102[0;39m - Could not read file /home/crossman/projects/python-email/scripts/vscode_diagnostics_20250916_150834/top_cpu_processes.txt, make sure it is readable by everybody. 
01/23 10:30:38 [1;31mERROR[0;39m [36mc.c.a.core.files.FileCollector:102[0;39m - Could not read file /home/crossman/projects/python-email/.serena/project.yml, make sure it is readable by everybody. 
01/23 10:30:38 [1;31mERROR[0;39m [36mc.c.a.core.files.FileCollector:102[0;39m - Could not read file /home/crossman/projects/python-email/scripts/vscode_diagnostics_20250916_153811/code_version.txt, make sure it is readable by everybody. 
01/23 10:30:38 [1;31mERROR[0;39m [36mc.c.a.core.files.FileCollector:102[0;39m - Could not read file /home/crossman/projects/python-email/scripts/vscode_diagnostics_20250916_152914/extension_host_processes.txt, make sure it is readable by everybody. 
01/23 10:30:38 [1;31mERROR[0;39m [36mc.c.a.core.files.FileCollector:102[0;39m - Could not read file /home/crossman/projects/python-email/scripts/migrate_created_at.py, make sure it is readable by everybody. 
01/23 10:30:38 [1;31mERROR[0;39m [36mc.c.a.core.files.FileCollector:102[0;39m - Could not read file /home/crossman/projects/python-email/scripts/init_system_tests.py, make sure it is readable by everybody. 
01/23 10:30:38 [1;31mERROR[0;39m [36mc.c.a.core.files.FileCollector:102[0;39m - Could not read file /home/crossman/projects/python-email/scripts/vscode_diagnostics_20250916_150834/os_info.txt, make sure it is readable by everybody. 
01/23 10:30:38 [1;31mERROR[0;39m [36mc.c.a.core.files.FileCollector:102[0;39m - Could not read file /home/crossman/projects/python-email/.serena/memories/task_completion_checklist.md, make sure it is readable by everybody. 
01/23 10:30:38 [1;31mERROR[0;39m [36mc.c.a.core.files.FileCollector:102[0;39m - Could not read file /home/crossman/projects/python-email/scripts/vscode_diagnostics_20250916_153831/extensions.txt, make sure it is readable by everybody. 
01/23 10:30:38 [1;31mERROR[0;39m [36mc.c.a.core.files.FileCollector:102[0;39m - Could not read file /home/crossman/projects/python-email/scripts/vscode_diagnostics_20250916_150919/mcp_checks_check_mcp_servers.txt, make sure it is readable by everybody. 
01/23 10:30:38 [1;31mERROR[0;39m [36mc.c.a.core.files.FileCollector:102[0;39m - Could not read file /home/crossman/projects/python-email/scripts/vscode_diagnostics_20250916_154102/extensions.txt, make sure it is readable by everybody. 
01/23 10:30:38 [1;31mERROR[0;39m [36mc.c.a.core.files.FileCollector:102[0;39m - Could not read file /home/crossman/projects/python-email/scripts/vscode_diagnostics_20250916_151152/os_info.txt, make sure it is readable by everybody. 
01/23 10:30:38 [1;31mERROR[0;39m [36mc.c.a.core.files.FileCollector:102[0;39m - Could not read file /home/crossman/projects/python-email/scripts/vscode_diagnostics_20250916_153819/workbench.html, make sure it is readable by everybody. 
01/23 10:30:38 [1;31mERROR[0;39m [36mc.c.a.core.files.FileCollector:102[0;39m - Could not read file /home/crossman/projects/python-email/scripts/vscode_diagnostics_20250916_151152/top_cpu_processes.txt, make sure it is readable by everybody. 
01/23 10:30:38 [1;31mERROR[0;39m [36mc.c.a.core.files.FileCollector:102[0;39m - Could not read file /home/crossman/projects/python-email/.github/instructions/token-optimization.instructions.md, make sure it is readable by everybody. 
01/23 10:30:38 [1;31mERROR[0;39m [36mc.c.a.core.files.FileCollector:102[0;39m - Could not read file /home/crossman/projects/python-email/scripts/vscode_diagnostics_20250916_153811/extension_host_processes.txt, make sure it is readable by everybody. 
01/23 10:30:38 [1;31mERROR[0;39m [36mc.c.a.core.files.FileCollector:102[0;39m - Could not read file /home/crossman/projects/python-email/scripts/vscode_diagnostics_20250916_150919/os_info.txt, make sure it is readable by everybody. 
01/23 10:30:38 [1;31mERROR[0;39m [36mc.c.a.core.files.FileCollector:102[0;39m - Could not read file /home/crossman/projects/python-email/.serena/memories/recent_work_2025-12-30.md, make sure it is readable by everybody. 
01/23 10:30:38 [1;31mERROR[0;39m [36mc.c.a.core.files.FileCollector:102[0;39m - Could not read file /home/crossman/projects/python-email/scripts/vscode_diagnostics_20250916_153831/extension_host_processes.txt, make sure it is readable by everybody. 
01/23 10:30:38 [1;31mERROR[0;39m [36mc.c.a.core.files.FileCollector:102[0;39m - Could not read file /home/crossman/projects/python-email/scripts/convert_icons.py, make sure it is readable by everybody. 
01/23 10:30:38 [1;31mERROR[0;39m [36mc.c.a.core.files.FileCollector:102[0;39m - Could not read file /home/crossman/projects/python-email/.agentignore, make sure it is readable by everybody. 
01/23 10:30:38 [1;31mERROR[0;39m [36mc.c.a.core.files.FileCollector:102[0;39m - Could not read file /home/crossman/projects/python-email/.github/instructions/mcp-operations.instructions.md, make sure it is readable by everybody. 
01/23 10:30:38 [1;31mERROR[0;39m [36mc.c.a.core.files.FileCollector:102[0;39m - Could not read file /home/crossman/projects/python-email/scripts/update_test_categories.py, make sure it is readable by everybody. 
01/23 10:30:38 [1;31mERROR[0;39m [36mc.c.a.core.files.FileCollector:102[0;39m - Could not read file /home/crossman/projects/python-email/scripts/vscode_diagnostics_20250916_153819/extension_host_processes.txt, make sure it is readable by everybody. 
01/23 10:30:38 [1;31mERROR[0;39m [36mc.c.a.core.files.FileCollector:102[0;39m - Could not read file /home/crossman/projects/python-email/scripts/vscode_diagnostics_20250916_153825/mcp_checks_check_mcp_servers_strict.txt, make sure it is readable by everybody. 
01/23 10:30:38 [1;31mERROR[0;39m [36mc.c.a.core.files.FileCollector:102[0;39m - Could not read file /home/crossman/projects/python-email/scripts/vscode_diagnostics_20250916_152914/top_cpu_processes.txt, make sure it is readable by everybody. 
01/23 10:30:38 [1;31mERROR[0;39m [36mc.c.a.core.files.FileCollector:102[0;39m - Could not read file /home/crossman/projects/python-email/scripts/vscode_diagnostics_20250916_154102/mcp_checks_check_mcp_servers_strict.txt, make sure it is readable by everybody. 
01/23 10:30:38 [1;31mERROR[0;39m [36mc.c.a.core.files.FileCollector:102[0;39m - Could not read file /home/crossman/projects/python-email/scripts/vscode_diagnostics_20250916_153836/extensions.txt, make sure it is readable by everybody. 
01/23 10:30:38 [1;31mERROR[0;39m [36mc.c.a.core.files.FileCollector:102[0;39m - Could not read file /home/crossman/projects/python-email/scripts/vscode_diagnostics_20250916_153819/code_version.txt, make sure it is readable by everybody. 
01/23 10:30:38 [1;31mERROR[0;39m [36mc.c.a.core.files.FileCollector:102[0;39m - Could not read file /home/crossman/projects/python-email/scripts/vscode_diagnostics_20250916_152914/mcp_checks_check_mcp_servers_strict.txt, make sure it is readable by everybody. 
01/23 10:30:38 [1;31mERROR[0;39m [36mc.c.a.core.files.FileCollector:102[0;39m - Could not read file /home/crossman/projects/python-email/scripts/vscode_diagnostics_20250916_152914/code_version.txt, make sure it is readable by everybody. 
01/23 10:30:38 [1;31mERROR[0;39m [36mc.c.a.core.files.FileCollector:102[0;39m - Could not read file /home/crossman/projects/python-email/.serena/memories/serena_optimization_report.md, make sure it is readable by everybody. 
01/23 10:30:38 [1;31mERROR[0;39m [36mc.c.a.core.files.FileCollector:102[0;39m - Could not read file /home/crossman/projects/python-email/scripts/vscode_diagnostics_20250916_150919/extension_host_processes.txt, make sure it is readable by everybody. 
----- 2026-01-23 19:31:50 -----
2026-01-23 19:31:35.907118000 +0900 25793 codacy_run.log
--- docker ps (codacy) ---
CONTAINER ID   IMAGE                        STATUS              NAMES
78f86b8909c8   codacy/codacy-analysis-cli   Up 20 seconds       exciting_dewdney
99bc6808d6c7   codacy/codacy-analysis-cli   Up About a minute   kind_rhodes
--- last 50 lines of codacy_run.log ---
01/23 10:31:36 [1;31mERROR[0;39m [36mc.c.a.core.files.FileCollector:102[0;39m - Could not read file /home/crossman/projects/python-email/.serena/memories/suggested_commands.md, make sure it is readable by everybody. 
01/23 10:31:36 [1;31mERROR[0;39m [36mc.c.a.core.files.FileCollector:102[0;39m - Could not read file /home/crossman/projects/python-email/scripts/vscode_diagnostics_20250916_154102/top_cpu_processes.txt, make sure it is readable by everybody. 
01/23 10:31:36 [1;31mERROR[0;39m [36mc.c.a.core.files.FileCollector:102[0;39m - Could not read file /home/crossman/projects/python-email/scripts/vscode_diagnostics_20250916_150556/mcp_checks_check_mcp_servers_strict.txt, make sure it is readable by everybody. 
01/23 10:31:36 [1;31mERROR[0;39m [36mc.c.a.core.files.FileCollector:102[0;39m - Could not read file /home/crossman/projects/python-email/scripts/vscode_diagnostics_20250916_154102/os_info.txt, make sure it is readable by everybody. 
01/23 10:31:36 [1;31mERROR[0;39m [36mc.c.a.core.files.FileCollector:102[0;39m - Could not read file /home/crossman/projects/python-email/README.md, make sure it is readable by everybody. 
01/23 10:31:36 [1;31mERROR[0;39m [36mc.c.a.core.files.FileCollector:102[0;39m - Could not read file /home/crossman/projects/python-email/scripts/vscode_diagnostics_20250916_154102/workbench.html, make sure it is readable by everybody. 
01/23 10:31:36 [1;31mERROR[0;39m [36mc.c.a.core.files.FileCollector:102[0;39m - Could not read file /home/crossman/projects/python-email/scripts/vscode_diagnostics_20250916_153819/top_cpu_processes.txt, make sure it is readable by everybody. 
01/23 10:31:36 [1;31mERROR[0;39m [36mc.c.a.core.files.FileCollector:102[0;39m - Could not read file /home/crossman/projects/python-email/scripts/vscode_diagnostics_20250916_150556/os_info.txt, make sure it is readable by everybody. 
01/23 10:31:36 [1;31mERROR[0;39m [36mc.c.a.core.files.FileCollector:102[0;39m - Could not read file /home/crossman/projects/python-email/scripts/vscode_diagnostics_20250916_150919/extensions.txt, make sure it is readable by everybody. 
01/23 10:31:36 [1;31mERROR[0;39m [36mc.c.a.core.files.FileCollector:102[0;39m - Could not read file /home/crossman/projects/python-email/scripts/vscode_diagnostics_20250916_152914/mcp_checks_check_mcp_servers.txt, make sure it is readable by everybody. 
01/23 10:31:36 [1;31mERROR[0;39m [36mc.c.a.core.files.FileCollector:102[0;39m - Could not read file /home/crossman/projects/python-email/scripts/vscode_diagnostics_20250916_153825/workbench.html, make sure it is readable by everybody. 
01/23 10:31:36 [1;31mERROR[0;39m [36mc.c.a.core.files.FileCollector:102[0;39m - Could not read file /home/crossman/projects/python-email/TEST_ENVIRONMENT_CHECK.md, make sure it is readable by everybody. 
01/23 10:31:36 [1;31mERROR[0;39m [36mc.c.a.core.files.FileCollector:102[0;39m - Could not read file /home/crossman/projects/python-email/scripts/vscode_diagnostics_20250916_152914/os_info.txt, make sure it is readable by everybody. 
01/23 10:31:36 [1;31mERROR[0;39m [36mc.c.a.core.files.FileCollector:102[0;39m - Could not read file /home/crossman/projects/python-email/scripts/vscode_diagnostics_20250916_153825/extension_host_processes.txt, make sure it is readable by everybody. 
01/23 10:31:36 [1;31mERROR[0;39m [36mc.c.a.core.files.FileCollector:102[0;39m - Could not read file /home/crossman/projects/python-email/scripts/vscode_diagnostics_20250916_151152/mcp_checks_check_mcp_servers.txt, make sure it is readable by everybody. 
01/23 10:31:36 [1;31mERROR[0;39m [36mc.c.a.core.files.FileCollector:102[0;39m - Could not read file /home/crossman/projects/python-email/scripts/vscode_diagnostics_20250916_153811/mcp_checks_check_mcp_servers_strict.txt, make sure it is readable by everybody. 
01/23 10:31:36 [1;31mERROR[0;39m [36mc.c.a.core.files.FileCollector:102[0;39m - Could not read file /home/crossman/projects/python-email/scripts/vscode_diagnostics_20250916_153811/mcp_checks_check_mcp_servers.txt, make sure it is readable by everybody. 
01/23 10:31:36 [1;31mERROR[0;39m [36mc.c.a.core.files.FileCollector:102[0;39m - Could not read file /home/crossman/projects/python-email/scripts/vscode_diagnostics_20250916_150834/top_cpu_processes.txt, make sure it is readable by everybody. 
01/23 10:31:36 [1;31mERROR[0;39m [36mc.c.a.core.files.FileCollector:102[0;39m - Could not read file /home/crossman/projects/python-email/.serena/project.yml, make sure it is readable by everybody. 
01/23 10:31:36 [1;31mERROR[0;39m [36mc.c.a.core.files.FileCollector:102[0;39m - Could not read file /home/crossman/projects/python-email/scripts/vscode_diagnostics_20250916_153811/code_version.txt, make sure it is readable by everybody. 
01/23 10:31:36 [1;31mERROR[0;39m [36mc.c.a.core.files.FileCollector:102[0;39m - Could not read file /home/crossman/projects/python-email/scripts/vscode_diagnostics_20250916_152914/extension_host_processes.txt, make sure it is readable by everybody. 
01/23 10:31:36 [1;31mERROR[0;39m [36mc.c.a.core.files.FileCollector:102[0;39m - Could not read file /home/crossman/projects/python-email/scripts/migrate_created_at.py, make sure it is readable by everybody. 
01/23 10:31:36 [1;31mERROR[0;39m [36mc.c.a.core.files.FileCollector:102[0;39m - Could not read file /home/crossman/projects/python-email/scripts/init_system_tests.py, make sure it is readable by everybody. 
01/23 10:31:36 [1;31mERROR[0;39m [36mc.c.a.core.files.FileCollector:102[0;39m - Could not read file /home/crossman/projects/python-email/scripts/vscode_diagnostics_20250916_150834/os_info.txt, make sure it is readable by everybody. 
01/23 10:31:36 [1;31mERROR[0;39m [36mc.c.a.core.files.FileCollector:102[0;39m - Could not read file /home/crossman/projects/python-email/.serena/memories/task_completion_checklist.md, make sure it is readable by everybody. 
01/23 10:31:36 [1;31mERROR[0;39m [36mc.c.a.core.files.FileCollector:102[0;39m - Could not read file /home/crossman/projects/python-email/scripts/vscode_diagnostics_20250916_153831/extensions.txt, make sure it is readable by everybody. 
01/23 10:31:36 [1;31mERROR[0;39m [36mc.c.a.core.files.FileCollector:102[0;39m - Could not read file /home/crossman/projects/python-email/scripts/vscode_diagnostics_20250916_150919/mcp_checks_check_mcp_servers.txt, make sure it is readable by everybody. 
01/23 10:31:36 [1;31mERROR[0;39m [36mc.c.a.core.files.FileCollector:102[0;39m - Could not read file /home/crossman/projects/python-email/scripts/vscode_diagnostics_20250916_154102/extensions.txt, make sure it is readable by everybody. 
01/23 10:31:36 [1;31mERROR[0;39m [36mc.c.a.core.files.FileCollector:102[0;39m - Could not read file /home/crossman/projects/python-email/scripts/vscode_diagnostics_20250916_151152/os_info.txt, make sure it is readable by everybody. 
01/23 10:31:36 [1;31mERROR[0;39m [36mc.c.a.core.files.FileCollector:102[0;39m - Could not read file /home/crossman/projects/python-email/scripts/vscode_diagnostics_20250916_153819/workbench.html, make sure it is readable by everybody. 
01/23 10:31:36 [1;31mERROR[0;39m [36mc.c.a.core.files.FileCollector:102[0;39m - Could not read file /home/crossman/projects/python-email/scripts/vscode_diagnostics_20250916_151152/top_cpu_processes.txt, make sure it is readable by everybody. 
01/23 10:31:36 [1;31mERROR[0;39m [36mc.c.a.core.files.FileCollector:102[0;39m - Could not read file /home/crossman/projects/python-email/.github/instructions/token-optimization.instructions.md, make sure it is readable by everybody. 
01/23 10:31:36 [1;31mERROR[0;39m [36mc.c.a.core.files.FileCollector:102[0;39m - Could not read file /home/crossman/projects/python-email/scripts/vscode_diagnostics_20250916_153811/extension_host_processes.txt, make sure it is readable by everybody. 
01/23 10:31:36 [1;31mERROR[0;39m [36mc.c.a.core.files.FileCollector:102[0;39m - Could not read file /home/crossman/projects/python-email/scripts/vscode_diagnostics_20250916_150919/os_info.txt, make sure it is readable by everybody. 
01/23 10:31:36 [1;31mERROR[0;39m [36mc.c.a.core.files.FileCollector:102[0;39m - Could not read file /home/crossman/projects/python-email/.serena/memories/recent_work_2025-12-30.md, make sure it is readable by everybody. 
01/23 10:31:36 [1;31mERROR[0;39m [36mc.c.a.core.files.FileCollector:102[0;39m - Could not read file /home/crossman/projects/python-email/scripts/vscode_diagnostics_20250916_153831/extension_host_processes.txt, make sure it is readable by everybody. 
01/23 10:31:36 [1;31mERROR[0;39m [36mc.c.a.core.files.FileCollector:102[0;39m - Could not read file /home/crossman/projects/python-email/scripts/convert_icons.py, make sure it is readable by everybody. 
01/23 10:31:36 [1;31mERROR[0;39m [36mc.c.a.core.files.FileCollector:102[0;39m - Could not read file /home/crossman/projects/python-email/.agentignore, make sure it is readable by everybody. 
01/23 10:31:36 [1;31mERROR[0;39m [36mc.c.a.core.files.FileCollector:102[0;39m - Could not read file /home/crossman/projects/python-email/.github/instructions/mcp-operations.instructions.md, make sure it is readable by everybody. 
01/23 10:31:36 [1;31mERROR[0;39m [36mc.c.a.core.files.FileCollector:102[0;39m - Could not read file /home/crossman/projects/python-email/scripts/update_test_categories.py, make sure it is readable by everybody. 
01/23 10:31:36 [1;31mERROR[0;39m [36mc.c.a.core.files.FileCollector:102[0;39m - Could not read file /home/crossman/projects/python-email/scripts/vscode_diagnostics_20250916_153819/extension_host_processes.txt, make sure it is readable by everybody. 
01/23 10:31:36 [1;31mERROR[0;39m [36mc.c.a.core.files.FileCollector:102[0;39m - Could not read file /home/crossman/projects/python-email/scripts/vscode_diagnostics_20250916_153825/mcp_checks_check_mcp_servers_strict.txt, make sure it is readable by everybody. 
01/23 10:31:36 [1;31mERROR[0;39m [36mc.c.a.core.files.FileCollector:102[0;39m - Could not read file /home/crossman/projects/python-email/scripts/vscode_diagnostics_20250916_152914/top_cpu_processes.txt, make sure it is readable by everybody. 
01/23 10:31:36 [1;31mERROR[0;39m [36mc.c.a.core.files.FileCollector:102[0;39m - Could not read file /home/crossman/projects/python-email/scripts/vscode_diagnostics_20250916_154102/mcp_checks_check_mcp_servers_strict.txt, make sure it is readable by everybody. 
01/23 10:31:36 [1;31mERROR[0;39m [36mc.c.a.core.files.FileCollector:102[0;39m - Could not read file /home/crossman/projects/python-email/scripts/vscode_diagnostics_20250916_153836/extensions.txt, make sure it is readable by everybody. 
01/23 10:31:36 [1;31mERROR[0;39m [36mc.c.a.core.files.FileCollector:102[0;39m - Could not read file /home/crossman/projects/python-email/scripts/vscode_diagnostics_20250916_153819/code_version.txt, make sure it is readable by everybody. 
01/23 10:31:36 [1;31mERROR[0;39m [36mc.c.a.core.files.FileCollector:102[0;39m - Could not read file /home/crossman/projects/python-email/scripts/vscode_diagnostics_20250916_152914/mcp_checks_check_mcp_servers_strict.txt, make sure it is readable by everybody. 
01/23 10:31:36 [1;31mERROR[0;39m [36mc.c.a.core.files.FileCollector:102[0;39m - Could not read file /home/crossman/projects/python-email/scripts/vscode_diagnostics_20250916_152914/code_version.txt, make sure it is readable by everybody. 
01/23 10:31:36 [1;31mERROR[0;39m [36mc.c.a.core.files.FileCollector:102[0;39m - Could not read file /home/crossman/projects/python-email/.serena/memories/serena_optimization_report.md, make sure it is readable by everybody. 
01/23 10:31:36 [1;31mERROR[0;39m [36mc.c.a.core.files.FileCollector:102[0;39m - Could not read file /home/crossman/projects/python-email/scripts/vscode_diagnostics_20250916_150919/extension_host_processes.txt, make sure it is readable by everybody. 
----- 2026-01-23 19:32:54 -----
2026-01-23 19:32:13.124001300 +0900 25793 codacy_run.log
--- docker ps (codacy) ---
CONTAINER ID   IMAGE                        STATUS              NAMES
dea72c722ff4   codacy/codacy-analysis-cli   Up 47 seconds       interesting_sutherland
78f86b8909c8   codacy/codacy-analysis-cli   Up About a minute   exciting_dewdney
99bc6808d6c7   codacy/codacy-analysis-cli   Up 2 minutes        kind_rhodes
--- last 50 lines of codacy_run.log ---
01/23 10:32:13 [1;31mERROR[0;39m [36mc.c.a.core.files.FileCollector:102[0;39m - Could not read file /home/crossman/projects/python-email/.serena/memories/suggested_commands.md, make sure it is readable by everybody. 
01/23 10:32:13 [1;31mERROR[0;39m [36mc.c.a.core.files.FileCollector:102[0;39m - Could not read file /home/crossman/projects/python-email/scripts/vscode_diagnostics_20250916_154102/top_cpu_processes.txt, make sure it is readable by everybody. 
01/23 10:32:13 [1;31mERROR[0;39m [36mc.c.a.core.files.FileCollector:102[0;39m - Could not read file /home/crossman/projects/python-email/scripts/vscode_diagnostics_20250916_150556/mcp_checks_check_mcp_servers_strict.txt, make sure it is readable by everybody. 
01/23 10:32:13 [1;31mERROR[0;39m [36mc.c.a.core.files.FileCollector:102[0;39m - Could not read file /home/crossman/projects/python-email/scripts/vscode_diagnostics_20250916_154102/os_info.txt, make sure it is readable by everybody. 
01/23 10:32:13 [1;31mERROR[0;39m [36mc.c.a.core.files.FileCollector:102[0;39m - Could not read file /home/crossman/projects/python-email/README.md, make sure it is readable by everybody. 
01/23 10:32:13 [1;31mERROR[0;39m [36mc.c.a.core.files.FileCollector:102[0;39m - Could not read file /home/crossman/projects/python-email/scripts/vscode_diagnostics_20250916_154102/workbench.html, make sure it is readable by everybody. 
01/23 10:32:13 [1;31mERROR[0;39m [36mc.c.a.core.files.FileCollector:102[0;39m - Could not read file /home/crossman/projects/python-email/scripts/vscode_diagnostics_20250916_153819/top_cpu_processes.txt, make sure it is readable by everybody. 
01/23 10:32:13 [1;31mERROR[0;39m [36mc.c.a.core.files.FileCollector:102[0;39m - Could not read file /home/crossman/projects/python-email/scripts/vscode_diagnostics_20250916_150556/os_info.txt, make sure it is readable by everybody. 
01/23 10:32:13 [1;31mERROR[0;39m [36mc.c.a.core.files.FileCollector:102[0;39m - Could not read file /home/crossman/projects/python-email/scripts/vscode_diagnostics_20250916_150919/extensions.txt, make sure it is readable by everybody. 
01/23 10:32:13 [1;31mERROR[0;39m [36mc.c.a.core.files.FileCollector:102[0;39m - Could not read file /home/crossman/projects/python-email/scripts/vscode_diagnostics_20250916_152914/mcp_checks_check_mcp_servers.txt, make sure it is readable by everybody. 
01/23 10:32:13 [1;31mERROR[0;39m [36mc.c.a.core.files.FileCollector:102[0;39m - Could not read file /home/crossman/projects/python-email/scripts/vscode_diagnostics_20250916_153825/workbench.html, make sure it is readable by everybody. 
01/23 10:32:13 [1;31mERROR[0;39m [36mc.c.a.core.files.FileCollector:102[0;39m - Could not read file /home/crossman/projects/python-email/TEST_ENVIRONMENT_CHECK.md, make sure it is readable by everybody. 
01/23 10:32:13 [1;31mERROR[0;39m [36mc.c.a.core.files.FileCollector:102[0;39m - Could not read file /home/crossman/projects/python-email/scripts/vscode_diagnostics_20250916_152914/os_info.txt, make sure it is readable by everybody. 
01/23 10:32:13 [1;31mERROR[0;39m [36mc.c.a.core.files.FileCollector:102[0;39m - Could not read file /home/crossman/projects/python-email/scripts/vscode_diagnostics_20250916_153825/extension_host_processes.txt, make sure it is readable by everybody. 
01/23 10:32:13 [1;31mERROR[0;39m [36mc.c.a.core.files.FileCollector:102[0;39m - Could not read file /home/crossman/projects/python-email/scripts/vscode_diagnostics_20250916_151152/mcp_checks_check_mcp_servers.txt, make sure it is readable by everybody. 
01/23 10:32:13 [1;31mERROR[0;39m [36mc.c.a.core.files.FileCollector:102[0;39m - Could not read file /home/crossman/projects/python-email/scripts/vscode_diagnostics_20250916_153811/mcp_checks_check_mcp_servers_strict.txt, make sure it is readable by everybody. 
01/23 10:32:13 [1;31mERROR[0;39m [36mc.c.a.core.files.FileCollector:102[0;39m - Could not read file /home/crossman/projects/python-email/scripts/vscode_diagnostics_20250916_153811/mcp_checks_check_mcp_servers.txt, make sure it is readable by everybody. 
01/23 10:32:13 [1;31mERROR[0;39m [36mc.c.a.core.files.FileCollector:102[0;39m - Could not read file /home/crossman/projects/python-email/scripts/vscode_diagnostics_20250916_150834/top_cpu_processes.txt, make sure it is readable by everybody. 
01/23 10:32:13 [1;31mERROR[0;39m [36mc.c.a.core.files.FileCollector:102[0;39m - Could not read file /home/crossman/projects/python-email/.serena/project.yml, make sure it is readable by everybody. 
01/23 10:32:13 [1;31mERROR[0;39m [36mc.c.a.core.files.FileCollector:102[0;39m - Could not read file /home/crossman/projects/python-email/scripts/vscode_diagnostics_20250916_153811/code_version.txt, make sure it is readable by everybody. 
01/23 10:32:13 [1;31mERROR[0;39m [36mc.c.a.core.files.FileCollector:102[0;39m - Could not read file /home/crossman/projects/python-email/scripts/vscode_diagnostics_20250916_152914/extension_host_processes.txt, make sure it is readable by everybody. 
01/23 10:32:13 [1;31mERROR[0;39m [36mc.c.a.core.files.FileCollector:102[0;39m - Could not read file /home/crossman/projects/python-email/scripts/migrate_created_at.py, make sure it is readable by everybody. 
01/23 10:32:13 [1;31mERROR[0;39m [36mc.c.a.core.files.FileCollector:102[0;39m - Could not read file /home/crossman/projects/python-email/scripts/init_system_tests.py, make sure it is readable by everybody. 
01/23 10:32:13 [1;31mERROR[0;39m [36mc.c.a.core.files.FileCollector:102[0;39m - Could not read file /home/crossman/projects/python-email/scripts/vscode_diagnostics_20250916_150834/os_info.txt, make sure it is readable by everybody. 
01/23 10:32:13 [1;31mERROR[0;39m [36mc.c.a.core.files.FileCollector:102[0;39m - Could not read file /home/crossman/projects/python-email/.serena/memories/task_completion_checklist.md, make sure it is readable by everybody. 
01/23 10:32:13 [1;31mERROR[0;39m [36mc.c.a.core.files.FileCollector:102[0;39m - Could not read file /home/crossman/projects/python-email/scripts/vscode_diagnostics_20250916_153831/extensions.txt, make sure it is readable by everybody. 
01/23 10:32:13 [1;31mERROR[0;39m [36mc.c.a.core.files.FileCollector:102[0;39m - Could not read file /home/crossman/projects/python-email/scripts/vscode_diagnostics_20250916_150919/mcp_checks_check_mcp_servers.txt, make sure it is readable by everybody. 
01/23 10:32:13 [1;31mERROR[0;39m [36mc.c.a.core.files.FileCollector:102[0;39m - Could not read file /home/crossman/projects/python-email/scripts/vscode_diagnostics_20250916_154102/extensions.txt, make sure it is readable by everybody. 
01/23 10:32:13 [1;31mERROR[0;39m [36mc.c.a.core.files.FileCollector:102[0;39m - Could not read file /home/crossman/projects/python-email/scripts/vscode_diagnostics_20250916_151152/os_info.txt, make sure it is readable by everybody. 
01/23 10:32:13 [1;31mERROR[0;39m [36mc.c.a.core.files.FileCollector:102[0;39m - Could not read file /home/crossman/projects/python-email/scripts/vscode_diagnostics_20250916_153819/workbench.html, make sure it is readable by everybody. 
01/23 10:32:13 [1;31mERROR[0;39m [36mc.c.a.core.files.FileCollector:102[0;39m - Could not read file /home/crossman/projects/python-email/scripts/vscode_diagnostics_20250916_151152/top_cpu_processes.txt, make sure it is readable by everybody. 
01/23 10:32:13 [1;31mERROR[0;39m [36mc.c.a.core.files.FileCollector:102[0;39m - Could not read file /home/crossman/projects/python-email/.github/instructions/token-optimization.instructions.md, make sure it is readable by everybody. 
01/23 10:32:13 [1;31mERROR[0;39m [36mc.c.a.core.files.FileCollector:102[0;39m - Could not read file /home/crossman/projects/python-email/scripts/vscode_diagnostics_20250916_153811/extension_host_processes.txt, make sure it is readable by everybody. 
01/23 10:32:13 [1;31mERROR[0;39m [36mc.c.a.core.files.FileCollector:102[0;39m - Could not read file /home/crossman/projects/python-email/scripts/vscode_diagnostics_20250916_150919/os_info.txt, make sure it is readable by everybody. 
01/23 10:32:13 [1;31mERROR[0;39m [36mc.c.a.core.files.FileCollector:102[0;39m - Could not read file /home/crossman/projects/python-email/.serena/memories/recent_work_2025-12-30.md, make sure it is readable by everybody. 
01/23 10:32:13 [1;31mERROR[0;39m [36mc.c.a.core.files.FileCollector:102[0;39m - Could not read file /home/crossman/projects/python-email/scripts/vscode_diagnostics_20250916_153831/extension_host_processes.txt, make sure it is readable by everybody. 
01/23 10:32:13 [1;31mERROR[0;39m [36mc.c.a.core.files.FileCollector:102[0;39m - Could not read file /home/crossman/projects/python-email/scripts/convert_icons.py, make sure it is readable by everybody. 
01/23 10:32:13 [1;31mERROR[0;39m [36mc.c.a.core.files.FileCollector:102[0;39m - Could not read file /home/crossman/projects/python-email/.agentignore, make sure it is readable by everybody. 
01/23 10:32:13 [1;31mERROR[0;39m [36mc.c.a.core.files.FileCollector:102[0;39m - Could not read file /home/crossman/projects/python-email/.github/instructions/mcp-operations.instructions.md, make sure it is readable by everybody. 
01/23 10:32:13 [1;31mERROR[0;39m [36mc.c.a.core.files.FileCollector:102[0;39m - Could not read file /home/crossman/projects/python-email/scripts/update_test_categories.py, make sure it is readable by everybody. 
01/23 10:32:13 [1;31mERROR[0;39m [36mc.c.a.core.files.FileCollector:102[0;39m - Could not read file /home/crossman/projects/python-email/scripts/vscode_diagnostics_20250916_153819/extension_host_processes.txt, make sure it is readable by everybody. 
01/23 10:32:13 [1;31mERROR[0;39m [36mc.c.a.core.files.FileCollector:102[0;39m - Could not read file /home/crossman/projects/python-email/scripts/vscode_diagnostics_20250916_153825/mcp_checks_check_mcp_servers_strict.txt, make sure it is readable by everybody. 
01/23 10:32:13 [1;31mERROR[0;39m [36mc.c.a.core.files.FileCollector:102[0;39m - Could not read file /home/crossman/projects/python-email/scripts/vscode_diagnostics_20250916_152914/top_cpu_processes.txt, make sure it is readable by everybody. 
01/23 10:32:13 [1;31mERROR[0;39m [36mc.c.a.core.files.FileCollector:102[0;39m - Could not read file /home/crossman/projects/python-email/scripts/vscode_diagnostics_20250916_154102/mcp_checks_check_mcp_servers_strict.txt, make sure it is readable by everybody. 
01/23 10:32:13 [1;31mERROR[0;39m [36mc.c.a.core.files.FileCollector:102[0;39m - Could not read file /home/crossman/projects/python-email/scripts/vscode_diagnostics_20250916_153836/extensions.txt, make sure it is readable by everybody. 
01/23 10:32:13 [1;31mERROR[0;39m [36mc.c.a.core.files.FileCollector:102[0;39m - Could not read file /home/crossman/projects/python-email/scripts/vscode_diagnostics_20250916_153819/code_version.txt, make sure it is readable by everybody. 
01/23 10:32:13 [1;31mERROR[0;39m [36mc.c.a.core.files.FileCollector:102[0;39m - Could not read file /home/crossman/projects/python-email/scripts/vscode_diagnostics_20250916_152914/mcp_checks_check_mcp_servers_strict.txt, make sure it is readable by everybody. 
01/23 10:32:13 [1;31mERROR[0;39m [36mc.c.a.core.files.FileCollector:102[0;39m - Could not read file /home/crossman/projects/python-email/scripts/vscode_diagnostics_20250916_152914/code_version.txt, make sure it is readable by everybody. 
01/23 10:32:13 [1;31mERROR[0;39m [36mc.c.a.core.files.FileCollector:102[0;39m - Could not read file /home/crossman/projects/python-email/.serena/memories/serena_optimization_report.md, make sure it is readable by everybody. 
01/23 10:32:13 [1;31mERROR[0;39m [36mc.c.a.core.files.FileCollector:102[0;39m - Could not read file /home/crossman/projects/python-email/scripts/vscode_diagnostics_20250916_150919/extension_host_processes.txt, make sure it is readable by everybody. 
----- 2026-01-23 19:33:58 -----
2026-01-23 19:33:53.433315600 +0900 239090 codacy_run.log
--- docker ps (codacy) ---
CONTAINER ID   IMAGE                        STATUS              NAMES
dea72c722ff4   codacy/codacy-analysis-cli   Up About a minute   interesting_sutherland
78f86b8909c8   codacy/codacy-analysis-cli   Up 2 minutes        exciting_dewdney
--- last 50 lines of codacy_run.log ---
  LOC - 231
Found [[35mMetrics[0m] in [1mtemplates/system_overview.html[0m:
  LOC - 60
No [[35mMetrics[0m] found in [1mtemplates/service_management.html[0m.
Found [[35mMetrics[0m] in [1mtemplates/api_docs.html[0m:
  LOC - 308
Found [[35mMetrics[0m] in [1mtemplates/_footer.html[0m:
  LOC - 8
Found [[35mMetrics[0m] in [1msrc/web/templates/add_evidence.html[0m:
  LOC - 73
Found [[35mMetrics[0m] in [1mtemplates/system_status_async.html[0m:
  LOC - 328
Found [[35mMetrics[0m] in [1mtemplates/admin_dashboard.html[0m:
  LOC - 128
Found [[35mMetrics[0m] in [1mtemplates/evidence_management.html[0m:
  LOC - 259
Found [[35mMetrics[0m] in [1mtemplates/admin_test_history.html[0m:
  LOC - 551
Found [[35mMetrics[0m] in [1mtemplates/email_list_new.html[0m:
  LOC - 372
Found [[35mMetrics[0m] in [1mtemplates/integrated_timeline.html[0m:
  LOC - 181
Found [[35mMetrics[0m] in [1mtemplates/index.html[0m:
  LOC - 119
Found [[35mMetrics[0m] in [1mtemplates/index_new.html[0m:
  LOC - 516
Found [[35mMetrics[0m] in [1mtemplates/admin_logs.html[0m:
  LOC - 121
Found [[35mMetrics[0m] in [1mtemplates/ui_wireframe.html[0m:
  LOC - 90
Found [[35mMetrics[0m] in [1mtemplates/upload.html[0m:
  LOC - 257
Found [[35mMetrics[0m] in [1mtemplates/email_detail.html[0m:
  LOC - 267
Found [[35mMetrics[0m] in [1mtemplates/verify_integrity.html[0m:
  LOC - 207
Found [[35mMetrics[0m] in [1mtemplates/health_check.html[0m:
  LOC - 332
Found [[35mMetrics[0m] in [1mtemplates/admin_jobs.html[0m:
  LOC - 62
Found [[35mMetrics[0m] in [1mtemplates/admin_system_tests.html[0m:
  LOC - 1196
Found [[35mMetrics[0m] in [1mtemplates/log_viewer.html[0m:
  LOC - 299
Found [[35mMetrics[0m] in [1mtemplates/additional_evidence.html[0m:
  LOC - 310
Found [[35mMetrics[0m] in [1mtemplates/admin_evidence_detail.html[0m:
  LOC - 84
Analysis complete
Codacy analysis finished.
----- 2026-01-23 19:35:02 -----
2026-01-23 19:34:27.583231900 +0900 242274 codacy_run.log
--- docker ps (codacy) ---
CONTAINER ID   IMAGE     STATUS    NAMES
--- last 50 lines of codacy_run.log ---
Found [[35mMetrics[0m] in [1msrc/core/models/evidence_model.py[0m:
  LOC - 166
Found [[35mMetrics[0m] in [1msrc/legal_compliance/court_evidence_verifier.py[0m:
  LOC - 246
No [[35mMetrics[0m] found in [1msrc/web/app.py[0m.
Found [[35mMetrics[0m] in [1msrc/web/blueprints/evidence_routes.py[0m:
  LOC - 376
Found [[35mMetrics[0m] in [1msrc/mail_parser/models/evidence_model.py[0m:
  LOC - 166
Found [[35mMetrics[0m] in [1msrc/core/services/integrity_service.py[0m:
  LOC - 121
Found [[35mMetrics[0m] in [1msrc/cli/batch_processor.py[0m:
  LOC - 188
Found [[35mMetrics[0m] in [1msrc/core/models/timeline_model.py[0m:
  LOC - 218
Found [[35mMetrics[0m] in [1msrc/docs/__init__.py[0m:
  LOC - 28
Found [[35mMetrics[0m] in [1msrc/services/file_service.py[0m:
  LOC - 295
Found [[35mMetrics[0m] in [1msrc/core/logging_utils.py[0m:
  LOC - 38
Found [[35mMetrics[0m] in [1msrc/mail_parser/models/email_model.py[0m:
  LOC - 129
Found [[35mMetrics[0m] in [1msrc/mail_parser/processor.py[0m:
  LOC - 479
No [[35mMetrics[0m] found in [1msrc/docs/auto_updater.py[0m.
Found [[35mMetrics[0m] in [1msrc/system_tests/core_tests.py[0m:
  LOC - 236
Found [[35mMetrics[0m] in [1msrc/mail_parser/text_utils.py[0m:
  LOC - 107
Found [[35mMetrics[0m] in [1msrc/database/email_db.py[0m:
  LOC - 840
Found [[35mMetrics[0m] in [1msrc/mail_parser/packaging.py[0m:
  LOC - 246
Found [[35mMetrics[0m] in [1msrc/web/blueprints/main_routes.py[0m:
  LOC - 115
Found [[35mMetrics[0m] in [1msrc/core/startup.py[0m:
  LOC - 114
Found [[35mMetrics[0m] in [1msrc/mail_parser/reporter.py[0m:
  LOC - 170
Found [[35mMetrics[0m] in [1msrc/utils/temp_manager.py[0m:
  LOC - 350
Found [[35mMetrics[0m] in [1msrc/utils/email_utils.py[0m:
  LOC - 40
Found [[35mMetrics[0m] in [1msrc/core/job_store.py[0m:
  LOC - 66
Found [[35mMetrics[0m] in [1mstatic/js/common.js[0m:
  LOC - 154
Analysis complete
Codacy analysis finished.
----- 2026-01-23 19:36:05 -----
2026-01-23 19:34:27.583231900 +0900 242274 codacy_run.log
--- docker ps (codacy) ---
CONTAINER ID   IMAGE     STATUS    NAMES
--- last 50 lines of codacy_run.log ---
Found [[35mMetrics[0m] in [1msrc/core/models/evidence_model.py[0m:
  LOC - 166
Found [[35mMetrics[0m] in [1msrc/legal_compliance/court_evidence_verifier.py[0m:
  LOC - 246
No [[35mMetrics[0m] found in [1msrc/web/app.py[0m.
Found [[35mMetrics[0m] in [1msrc/web/blueprints/evidence_routes.py[0m:
  LOC - 376
Found [[35mMetrics[0m] in [1msrc/mail_parser/models/evidence_model.py[0m:
  LOC - 166
Found [[35mMetrics[0m] in [1msrc/core/services/integrity_service.py[0m:
  LOC - 121
Found [[35mMetrics[0m] in [1msrc/cli/batch_processor.py[0m:
  LOC - 188
Found [[35mMetrics[0m] in [1msrc/core/models/timeline_model.py[0m:
  LOC - 218
Found [[35mMetrics[0m] in [1msrc/docs/__init__.py[0m:
  LOC - 28
Found [[35mMetrics[0m] in [1msrc/services/file_service.py[0m:
  LOC - 295
Found [[35mMetrics[0m] in [1msrc/core/logging_utils.py[0m:
  LOC - 38
Found [[35mMetrics[0m] in [1msrc/mail_parser/models/email_model.py[0m:
  LOC - 129
Found [[35mMetrics[0m] in [1msrc/mail_parser/processor.py[0m:
  LOC - 479
No [[35mMetrics[0m] found in [1msrc/docs/auto_updater.py[0m.
Found [[35mMetrics[0m] in [1msrc/system_tests/core_tests.py[0m:
  LOC - 236
Found [[35mMetrics[0m] in [1msrc/mail_parser/text_utils.py[0m:
  LOC - 107
Found [[35mMetrics[0m] in [1msrc/database/email_db.py[0m:
  LOC - 840
Found [[35mMetrics[0m] in [1msrc/mail_parser/packaging.py[0m:
  LOC - 246
Found [[35mMetrics[0m] in [1msrc/web/blueprints/main_routes.py[0m:
  LOC - 115
Found [[35mMetrics[0m] in [1msrc/core/startup.py[0m:
  LOC - 114
Found [[35mMetrics[0m] in [1msrc/mail_parser/reporter.py[0m:
  LOC - 170
Found [[35mMetrics[0m] in [1msrc/utils/temp_manager.py[0m:
  LOC - 350
Found [[35mMetrics[0m] in [1msrc/utils/email_utils.py[0m:
  LOC - 40
Found [[35mMetrics[0m] in [1msrc/core/job_store.py[0m:
  LOC - 66
Found [[35mMetrics[0m] in [1mstatic/js/common.js[0m:
  LOC - 154
Analysis complete
Codacy analysis finished.
----- 2026-01-23 19:37:09 -----
2026-01-23 19:34:27.583231900 +0900 242274 codacy_run.log
--- docker ps (codacy) ---
CONTAINER ID   IMAGE                        STATUS          NAMES
99d8ee19d278   codacy/codacy-analysis-cli   Up 23 seconds   sweet_mcnulty
--- last 50 lines of codacy_run.log ---
Found [[35mMetrics[0m] in [1msrc/core/models/evidence_model.py[0m:
  LOC - 166
Found [[35mMetrics[0m] in [1msrc/legal_compliance/court_evidence_verifier.py[0m:
  LOC - 246
No [[35mMetrics[0m] found in [1msrc/web/app.py[0m.
Found [[35mMetrics[0m] in [1msrc/web/blueprints/evidence_routes.py[0m:
  LOC - 376
Found [[35mMetrics[0m] in [1msrc/mail_parser/models/evidence_model.py[0m:
  LOC - 166
Found [[35mMetrics[0m] in [1msrc/core/services/integrity_service.py[0m:
  LOC - 121
Found [[35mMetrics[0m] in [1msrc/cli/batch_processor.py[0m:
  LOC - 188
Found [[35mMetrics[0m] in [1msrc/core/models/timeline_model.py[0m:
  LOC - 218
Found [[35mMetrics[0m] in [1msrc/docs/__init__.py[0m:
  LOC - 28
Found [[35mMetrics[0m] in [1msrc/services/file_service.py[0m:
  LOC - 295
Found [[35mMetrics[0m] in [1msrc/core/logging_utils.py[0m:
  LOC - 38
Found [[35mMetrics[0m] in [1msrc/mail_parser/models/email_model.py[0m:
  LOC - 129
Found [[35mMetrics[0m] in [1msrc/mail_parser/processor.py[0m:
  LOC - 479
No [[35mMetrics[0m] found in [1msrc/docs/auto_updater.py[0m.
Found [[35mMetrics[0m] in [1msrc/system_tests/core_tests.py[0m:
  LOC - 236
Found [[35mMetrics[0m] in [1msrc/mail_parser/text_utils.py[0m:
  LOC - 107
Found [[35mMetrics[0m] in [1msrc/database/email_db.py[0m:
  LOC - 840
Found [[35mMetrics[0m] in [1msrc/mail_parser/packaging.py[0m:
  LOC - 246
Found [[35mMetrics[0m] in [1msrc/web/blueprints/main_routes.py[0m:
  LOC - 115
Found [[35mMetrics[0m] in [1msrc/core/startup.py[0m:
  LOC - 114
Found [[35mMetrics[0m] in [1msrc/mail_parser/reporter.py[0m:
  LOC - 170
Found [[35mMetrics[0m] in [1msrc/utils/temp_manager.py[0m:
  LOC - 350
Found [[35mMetrics[0m] in [1msrc/utils/email_utils.py[0m:
  LOC - 40
Found [[35mMetrics[0m] in [1msrc/core/job_store.py[0m:
  LOC - 66
Found [[35mMetrics[0m] in [1mstatic/js/common.js[0m:
  LOC - 154
Analysis complete
Codacy analysis finished.
----- 2026-01-23 19:38:12 -----
2026-01-23 19:34:27.583231900 +0900 242274 codacy_run.log
--- docker ps (codacy) ---
CONTAINER ID   IMAGE                        STATUS              NAMES
99d8ee19d278   codacy/codacy-analysis-cli   Up About a minute   sweet_mcnulty
--- last 50 lines of codacy_run.log ---
Found [[35mMetrics[0m] in [1msrc/core/models/evidence_model.py[0m:
  LOC - 166
Found [[35mMetrics[0m] in [1msrc/legal_compliance/court_evidence_verifier.py[0m:
  LOC - 246
No [[35mMetrics[0m] found in [1msrc/web/app.py[0m.
Found [[35mMetrics[0m] in [1msrc/web/blueprints/evidence_routes.py[0m:
  LOC - 376
Found [[35mMetrics[0m] in [1msrc/mail_parser/models/evidence_model.py[0m:
  LOC - 166
Found [[35mMetrics[0m] in [1msrc/core/services/integrity_service.py[0m:
  LOC - 121
Found [[35mMetrics[0m] in [1msrc/cli/batch_processor.py[0m:
  LOC - 188
Found [[35mMetrics[0m] in [1msrc/core/models/timeline_model.py[0m:
  LOC - 218
Found [[35mMetrics[0m] in [1msrc/docs/__init__.py[0m:
  LOC - 28
Found [[35mMetrics[0m] in [1msrc/services/file_service.py[0m:
  LOC - 295
Found [[35mMetrics[0m] in [1msrc/core/logging_utils.py[0m:
  LOC - 38
Found [[35mMetrics[0m] in [1msrc/mail_parser/models/email_model.py[0m:
  LOC - 129
Found [[35mMetrics[0m] in [1msrc/mail_parser/processor.py[0m:
  LOC - 479
No [[35mMetrics[0m] found in [1msrc/docs/auto_updater.py[0m.
Found [[35mMetrics[0m] in [1msrc/system_tests/core_tests.py[0m:
  LOC - 236
Found [[35mMetrics[0m] in [1msrc/mail_parser/text_utils.py[0m:
  LOC - 107
Found [[35mMetrics[0m] in [1msrc/database/email_db.py[0m:
  LOC - 840
Found [[35mMetrics[0m] in [1msrc/mail_parser/packaging.py[0m:
  LOC - 246
Found [[35mMetrics[0m] in [1msrc/web/blueprints/main_routes.py[0m:
  LOC - 115
Found [[35mMetrics[0m] in [1msrc/core/startup.py[0m:
  LOC - 114
Found [[35mMetrics[0m] in [1msrc/mail_parser/reporter.py[0m:
  LOC - 170
Found [[35mMetrics[0m] in [1msrc/utils/temp_manager.py[0m:
  LOC - 350
Found [[35mMetrics[0m] in [1msrc/utils/email_utils.py[0m:
  LOC - 40
Found [[35mMetrics[0m] in [1msrc/core/job_store.py[0m:
  LOC - 66
Found [[35mMetrics[0m] in [1mstatic/js/common.js[0m:
  LOC - 154
Analysis complete
Codacy analysis finished.
----- 2026-01-23 19:39:16 -----
2026-01-23 19:34:27.583231900 +0900 242274 codacy_run.log
--- docker ps (codacy) ---
CONTAINER ID   IMAGE                        STATUS         NAMES
99d8ee19d278   codacy/codacy-analysis-cli   Up 2 minutes   sweet_mcnulty
--- last 50 lines of codacy_run.log ---
Found [[35mMetrics[0m] in [1msrc/core/models/evidence_model.py[0m:
  LOC - 166
Found [[35mMetrics[0m] in [1msrc/legal_compliance/court_evidence_verifier.py[0m:
  LOC - 246
No [[35mMetrics[0m] found in [1msrc/web/app.py[0m.
Found [[35mMetrics[0m] in [1msrc/web/blueprints/evidence_routes.py[0m:
  LOC - 376
Found [[35mMetrics[0m] in [1msrc/mail_parser/models/evidence_model.py[0m:
  LOC - 166
Found [[35mMetrics[0m] in [1msrc/core/services/integrity_service.py[0m:
  LOC - 121
Found [[35mMetrics[0m] in [1msrc/cli/batch_processor.py[0m:
  LOC - 188
Found [[35mMetrics[0m] in [1msrc/core/models/timeline_model.py[0m:
  LOC - 218
Found [[35mMetrics[0m] in [1msrc/docs/__init__.py[0m:
  LOC - 28
Found [[35mMetrics[0m] in [1msrc/services/file_service.py[0m:
  LOC - 295
Found [[35mMetrics[0m] in [1msrc/core/logging_utils.py[0m:
  LOC - 38
Found [[35mMetrics[0m] in [1msrc/mail_parser/models/email_model.py[0m:
  LOC - 129
Found [[35mMetrics[0m] in [1msrc/mail_parser/processor.py[0m:
  LOC - 479
No [[35mMetrics[0m] found in [1msrc/docs/auto_updater.py[0m.
Found [[35mMetrics[0m] in [1msrc/system_tests/core_tests.py[0m:
  LOC - 236
Found [[35mMetrics[0m] in [1msrc/mail_parser/text_utils.py[0m:
  LOC - 107
Found [[35mMetrics[0m] in [1msrc/database/email_db.py[0m:
  LOC - 840
Found [[35mMetrics[0m] in [1msrc/mail_parser/packaging.py[0m:
  LOC - 246
Found [[35mMetrics[0m] in [1msrc/web/blueprints/main_routes.py[0m:
  LOC - 115
Found [[35mMetrics[0m] in [1msrc/core/startup.py[0m:
  LOC - 114
Found [[35mMetrics[0m] in [1msrc/mail_parser/reporter.py[0m:
  LOC - 170
Found [[35mMetrics[0m] in [1msrc/utils/temp_manager.py[0m:
  LOC - 350
Found [[35mMetrics[0m] in [1msrc/utils/email_utils.py[0m:
  LOC - 40
Found [[35mMetrics[0m] in [1msrc/core/job_store.py[0m:
  LOC - 66
Found [[35mMetrics[0m] in [1mstatic/js/common.js[0m:
  LOC - 154
Analysis complete
Codacy analysis finished.
----- 2026-01-23 19:40:23 -----
2026-01-23 19:34:27.583231900 +0900 242274 codacy_run.log
--- docker ps (codacy) ---
CONTAINER ID   IMAGE                        STATUS         NAMES
99d8ee19d278   codacy/codacy-analysis-cli   Up 3 minutes   sweet_mcnulty
--- last 50 lines of codacy_run.log ---
Found [[35mMetrics[0m] in [1msrc/core/models/evidence_model.py[0m:
  LOC - 166
Found [[35mMetrics[0m] in [1msrc/legal_compliance/court_evidence_verifier.py[0m:
  LOC - 246
No [[35mMetrics[0m] found in [1msrc/web/app.py[0m.
Found [[35mMetrics[0m] in [1msrc/web/blueprints/evidence_routes.py[0m:
  LOC - 376
Found [[35mMetrics[0m] in [1msrc/mail_parser/models/evidence_model.py[0m:
  LOC - 166
Found [[35mMetrics[0m] in [1msrc/core/services/integrity_service.py[0m:
  LOC - 121
Found [[35mMetrics[0m] in [1msrc/cli/batch_processor.py[0m:
  LOC - 188
Found [[35mMetrics[0m] in [1msrc/core/models/timeline_model.py[0m:
  LOC - 218
Found [[35mMetrics[0m] in [1msrc/docs/__init__.py[0m:
  LOC - 28
Found [[35mMetrics[0m] in [1msrc/services/file_service.py[0m:
  LOC - 295
Found [[35mMetrics[0m] in [1msrc/core/logging_utils.py[0m:
  LOC - 38
Found [[35mMetrics[0m] in [1msrc/mail_parser/models/email_model.py[0m:
  LOC - 129
Found [[35mMetrics[0m] in [1msrc/mail_parser/processor.py[0m:
  LOC - 479
No [[35mMetrics[0m] found in [1msrc/docs/auto_updater.py[0m.
Found [[35mMetrics[0m] in [1msrc/system_tests/core_tests.py[0m:
  LOC - 236
Found [[35mMetrics[0m] in [1msrc/mail_parser/text_utils.py[0m:
  LOC - 107
Found [[35mMetrics[0m] in [1msrc/database/email_db.py[0m:
  LOC - 840
Found [[35mMetrics[0m] in [1msrc/mail_parser/packaging.py[0m:
  LOC - 246
Found [[35mMetrics[0m] in [1msrc/web/blueprints/main_routes.py[0m:
  LOC - 115
Found [[35mMetrics[0m] in [1msrc/core/startup.py[0m:
  LOC - 114
Found [[35mMetrics[0m] in [1msrc/mail_parser/reporter.py[0m:
  LOC - 170
Found [[35mMetrics[0m] in [1msrc/utils/temp_manager.py[0m:
  LOC - 350
Found [[35mMetrics[0m] in [1msrc/utils/email_utils.py[0m:
  LOC - 40
Found [[35mMetrics[0m] in [1msrc/core/job_store.py[0m:
  LOC - 66
Found [[35mMetrics[0m] in [1mstatic/js/common.js[0m:
  LOC - 154
Analysis complete
Codacy analysis finished.
----- 2026-01-23 19:41:28 -----
2026-01-23 19:34:27.583231900 +0900 242274 codacy_run.log
--- docker ps (codacy) ---
CONTAINER ID   IMAGE                        STATUS         NAMES
99d8ee19d278   codacy/codacy-analysis-cli   Up 4 minutes   sweet_mcnulty
--- last 50 lines of codacy_run.log ---
Found [[35mMetrics[0m] in [1msrc/core/models/evidence_model.py[0m:
  LOC - 166
Found [[35mMetrics[0m] in [1msrc/legal_compliance/court_evidence_verifier.py[0m:
  LOC - 246
No [[35mMetrics[0m] found in [1msrc/web/app.py[0m.
Found [[35mMetrics[0m] in [1msrc/web/blueprints/evidence_routes.py[0m:
  LOC - 376
Found [[35mMetrics[0m] in [1msrc/mail_parser/models/evidence_model.py[0m:
  LOC - 166
Found [[35mMetrics[0m] in [1msrc/core/services/integrity_service.py[0m:
  LOC - 121
Found [[35mMetrics[0m] in [1msrc/cli/batch_processor.py[0m:
  LOC - 188
Found [[35mMetrics[0m] in [1msrc/core/models/timeline_model.py[0m:
  LOC - 218
Found [[35mMetrics[0m] in [1msrc/docs/__init__.py[0m:
  LOC - 28
Found [[35mMetrics[0m] in [1msrc/services/file_service.py[0m:
  LOC - 295
Found [[35mMetrics[0m] in [1msrc/core/logging_utils.py[0m:
  LOC - 38
Found [[35mMetrics[0m] in [1msrc/mail_parser/models/email_model.py[0m:
  LOC - 129
Found [[35mMetrics[0m] in [1msrc/mail_parser/processor.py[0m:
  LOC - 479
No [[35mMetrics[0m] found in [1msrc/docs/auto_updater.py[0m.
Found [[35mMetrics[0m] in [1msrc/system_tests/core_tests.py[0m:
  LOC - 236
Found [[35mMetrics[0m] in [1msrc/mail_parser/text_utils.py[0m:
  LOC - 107
Found [[35mMetrics[0m] in [1msrc/database/email_db.py[0m:
  LOC - 840
Found [[35mMetrics[0m] in [1msrc/mail_parser/packaging.py[0m:
  LOC - 246
Found [[35mMetrics[0m] in [1msrc/web/blueprints/main_routes.py[0m:
  LOC - 115
Found [[35mMetrics[0m] in [1msrc/core/startup.py[0m:
  LOC - 114
Found [[35mMetrics[0m] in [1msrc/mail_parser/reporter.py[0m:
  LOC - 170
Found [[35mMetrics[0m] in [1msrc/utils/temp_manager.py[0m:
  LOC - 350
Found [[35mMetrics[0m] in [1msrc/utils/email_utils.py[0m:
  LOC - 40
Found [[35mMetrics[0m] in [1msrc/core/job_store.py[0m:
  LOC - 66
Found [[35mMetrics[0m] in [1mstatic/js/common.js[0m:
  LOC - 154
Analysis complete
Codacy analysis finished.
----- 2026-01-23 19:42:33 -----
2026-01-23 19:34:27.583231900 +0900 242274 codacy_run.log
--- docker ps (codacy) ---
CONTAINER ID   IMAGE                        STATUS         NAMES
99d8ee19d278   codacy/codacy-analysis-cli   Up 5 minutes   sweet_mcnulty
--- last 50 lines of codacy_run.log ---
Found [[35mMetrics[0m] in [1msrc/core/models/evidence_model.py[0m:
  LOC - 166
Found [[35mMetrics[0m] in [1msrc/legal_compliance/court_evidence_verifier.py[0m:
  LOC - 246
No [[35mMetrics[0m] found in [1msrc/web/app.py[0m.
Found [[35mMetrics[0m] in [1msrc/web/blueprints/evidence_routes.py[0m:
  LOC - 376
Found [[35mMetrics[0m] in [1msrc/mail_parser/models/evidence_model.py[0m:
  LOC - 166
Found [[35mMetrics[0m] in [1msrc/core/services/integrity_service.py[0m:
  LOC - 121
Found [[35mMetrics[0m] in [1msrc/cli/batch_processor.py[0m:
  LOC - 188
Found [[35mMetrics[0m] in [1msrc/core/models/timeline_model.py[0m:
  LOC - 218
Found [[35mMetrics[0m] in [1msrc/docs/__init__.py[0m:
  LOC - 28
Found [[35mMetrics[0m] in [1msrc/services/file_service.py[0m:
  LOC - 295
Found [[35mMetrics[0m] in [1msrc/core/logging_utils.py[0m:
  LOC - 38
Found [[35mMetrics[0m] in [1msrc/mail_parser/models/email_model.py[0m:
  LOC - 129
Found [[35mMetrics[0m] in [1msrc/mail_parser/processor.py[0m:
  LOC - 479
No [[35mMetrics[0m] found in [1msrc/docs/auto_updater.py[0m.
Found [[35mMetrics[0m] in [1msrc/system_tests/core_tests.py[0m:
  LOC - 236
Found [[35mMetrics[0m] in [1msrc/mail_parser/text_utils.py[0m:
  LOC - 107
Found [[35mMetrics[0m] in [1msrc/database/email_db.py[0m:
  LOC - 840
Found [[35mMetrics[0m] in [1msrc/mail_parser/packaging.py[0m:
  LOC - 246
Found [[35mMetrics[0m] in [1msrc/web/blueprints/main_routes.py[0m:
  LOC - 115
Found [[35mMetrics[0m] in [1msrc/core/startup.py[0m:
  LOC - 114
Found [[35mMetrics[0m] in [1msrc/mail_parser/reporter.py[0m:
  LOC - 170
Found [[35mMetrics[0m] in [1msrc/utils/temp_manager.py[0m:
  LOC - 350
Found [[35mMetrics[0m] in [1msrc/utils/email_utils.py[0m:
  LOC - 40
Found [[35mMetrics[0m] in [1msrc/core/job_store.py[0m:
  LOC - 66
Found [[35mMetrics[0m] in [1mstatic/js/common.js[0m:
  LOC - 154
Analysis complete
Codacy analysis finished.
----- 2026-01-23 19:43:38 -----
2026-01-23 19:34:27.583231900 +0900 242274 codacy_run.log
--- docker ps (codacy) ---
CONTAINER ID   IMAGE                        STATUS         NAMES
99d8ee19d278   codacy/codacy-analysis-cli   Up 6 minutes   sweet_mcnulty
--- last 50 lines of codacy_run.log ---
Found [[35mMetrics[0m] in [1msrc/core/models/evidence_model.py[0m:
  LOC - 166
Found [[35mMetrics[0m] in [1msrc/legal_compliance/court_evidence_verifier.py[0m:
  LOC - 246
No [[35mMetrics[0m] found in [1msrc/web/app.py[0m.
Found [[35mMetrics[0m] in [1msrc/web/blueprints/evidence_routes.py[0m:
  LOC - 376
Found [[35mMetrics[0m] in [1msrc/mail_parser/models/evidence_model.py[0m:
  LOC - 166
Found [[35mMetrics[0m] in [1msrc/core/services/integrity_service.py[0m:
  LOC - 121
Found [[35mMetrics[0m] in [1msrc/cli/batch_processor.py[0m:
  LOC - 188
Found [[35mMetrics[0m] in [1msrc/core/models/timeline_model.py[0m:
  LOC - 218
Found [[35mMetrics[0m] in [1msrc/docs/__init__.py[0m:
  LOC - 28
Found [[35mMetrics[0m] in [1msrc/services/file_service.py[0m:
  LOC - 295
Found [[35mMetrics[0m] in [1msrc/core/logging_utils.py[0m:
  LOC - 38
Found [[35mMetrics[0m] in [1msrc/mail_parser/models/email_model.py[0m:
  LOC - 129
Found [[35mMetrics[0m] in [1msrc/mail_parser/processor.py[0m:
  LOC - 479
No [[35mMetrics[0m] found in [1msrc/docs/auto_updater.py[0m.
Found [[35mMetrics[0m] in [1msrc/system_tests/core_tests.py[0m:
  LOC - 236
Found [[35mMetrics[0m] in [1msrc/mail_parser/text_utils.py[0m:
  LOC - 107
Found [[35mMetrics[0m] in [1msrc/database/email_db.py[0m:
  LOC - 840
Found [[35mMetrics[0m] in [1msrc/mail_parser/packaging.py[0m:
  LOC - 246
Found [[35mMetrics[0m] in [1msrc/web/blueprints/main_routes.py[0m:
  LOC - 115
Found [[35mMetrics[0m] in [1msrc/core/startup.py[0m:
  LOC - 114
Found [[35mMetrics[0m] in [1msrc/mail_parser/reporter.py[0m:
  LOC - 170
Found [[35mMetrics[0m] in [1msrc/utils/temp_manager.py[0m:
  LOC - 350
Found [[35mMetrics[0m] in [1msrc/utils/email_utils.py[0m:
  LOC - 40
Found [[35mMetrics[0m] in [1msrc/core/job_store.py[0m:
  LOC - 66
Found [[35mMetrics[0m] in [1mstatic/js/common.js[0m:
  LOC - 154
Analysis complete
Codacy analysis finished.
----- 2026-01-23 19:44:41 -----
2026-01-23 19:34:27.583231900 +0900 242274 codacy_run.log
--- docker ps (codacy) ---
CONTAINER ID   IMAGE                        STATUS         NAMES
99d8ee19d278   codacy/codacy-analysis-cli   Up 7 minutes   sweet_mcnulty
--- last 50 lines of codacy_run.log ---
Found [[35mMetrics[0m] in [1msrc/core/models/evidence_model.py[0m:
  LOC - 166
Found [[35mMetrics[0m] in [1msrc/legal_compliance/court_evidence_verifier.py[0m:
  LOC - 246
No [[35mMetrics[0m] found in [1msrc/web/app.py[0m.
Found [[35mMetrics[0m] in [1msrc/web/blueprints/evidence_routes.py[0m:
  LOC - 376
Found [[35mMetrics[0m] in [1msrc/mail_parser/models/evidence_model.py[0m:
  LOC - 166
Found [[35mMetrics[0m] in [1msrc/core/services/integrity_service.py[0m:
  LOC - 121
Found [[35mMetrics[0m] in [1msrc/cli/batch_processor.py[0m:
  LOC - 188
Found [[35mMetrics[0m] in [1msrc/core/models/timeline_model.py[0m:
  LOC - 218
Found [[35mMetrics[0m] in [1msrc/docs/__init__.py[0m:
  LOC - 28
Found [[35mMetrics[0m] in [1msrc/services/file_service.py[0m:
  LOC - 295
Found [[35mMetrics[0m] in [1msrc/core/logging_utils.py[0m:
  LOC - 38
Found [[35mMetrics[0m] in [1msrc/mail_parser/models/email_model.py[0m:
  LOC - 129
Found [[35mMetrics[0m] in [1msrc/mail_parser/processor.py[0m:
  LOC - 479
No [[35mMetrics[0m] found in [1msrc/docs/auto_updater.py[0m.
Found [[35mMetrics[0m] in [1msrc/system_tests/core_tests.py[0m:
  LOC - 236
Found [[35mMetrics[0m] in [1msrc/mail_parser/text_utils.py[0m:
  LOC - 107
Found [[35mMetrics[0m] in [1msrc/database/email_db.py[0m:
  LOC - 840
Found [[35mMetrics[0m] in [1msrc/mail_parser/packaging.py[0m:
  LOC - 246
Found [[35mMetrics[0m] in [1msrc/web/blueprints/main_routes.py[0m:
  LOC - 115
Found [[35mMetrics[0m] in [1msrc/core/startup.py[0m:
  LOC - 114
Found [[35mMetrics[0m] in [1msrc/mail_parser/reporter.py[0m:
  LOC - 170
Found [[35mMetrics[0m] in [1msrc/utils/temp_manager.py[0m:
  LOC - 350
Found [[35mMetrics[0m] in [1msrc/utils/email_utils.py[0m:
  LOC - 40
Found [[35mMetrics[0m] in [1msrc/core/job_store.py[0m:
  LOC - 66
Found [[35mMetrics[0m] in [1mstatic/js/common.js[0m:
  LOC - 154
Analysis complete
Codacy analysis finished.
----- 2026-01-23 19:45:46 -----
2026-01-23 19:34:27.583231900 +0900 242274 codacy_run.log
--- docker ps (codacy) ---
CONTAINER ID   IMAGE                        STATUS         NAMES
99d8ee19d278   codacy/codacy-analysis-cli   Up 9 minutes   sweet_mcnulty
--- last 50 lines of codacy_run.log ---
Found [[35mMetrics[0m] in [1msrc/core/models/evidence_model.py[0m:
  LOC - 166
Found [[35mMetrics[0m] in [1msrc/legal_compliance/court_evidence_verifier.py[0m:
  LOC - 246
No [[35mMetrics[0m] found in [1msrc/web/app.py[0m.
Found [[35mMetrics[0m] in [1msrc/web/blueprints/evidence_routes.py[0m:
  LOC - 376
Found [[35mMetrics[0m] in [1msrc/mail_parser/models/evidence_model.py[0m:
  LOC - 166
Found [[35mMetrics[0m] in [1msrc/core/services/integrity_service.py[0m:
  LOC - 121
Found [[35mMetrics[0m] in [1msrc/cli/batch_processor.py[0m:
  LOC - 188
Found [[35mMetrics[0m] in [1msrc/core/models/timeline_model.py[0m:
  LOC - 218
Found [[35mMetrics[0m] in [1msrc/docs/__init__.py[0m:
  LOC - 28
Found [[35mMetrics[0m] in [1msrc/services/file_service.py[0m:
  LOC - 295
Found [[35mMetrics[0m] in [1msrc/core/logging_utils.py[0m:
  LOC - 38
Found [[35mMetrics[0m] in [1msrc/mail_parser/models/email_model.py[0m:
  LOC - 129
Found [[35mMetrics[0m] in [1msrc/mail_parser/processor.py[0m:
  LOC - 479
No [[35mMetrics[0m] found in [1msrc/docs/auto_updater.py[0m.
Found [[35mMetrics[0m] in [1msrc/system_tests/core_tests.py[0m:
  LOC - 236
Found [[35mMetrics[0m] in [1msrc/mail_parser/text_utils.py[0m:
  LOC - 107
Found [[35mMetrics[0m] in [1msrc/database/email_db.py[0m:
  LOC - 840
Found [[35mMetrics[0m] in [1msrc/mail_parser/packaging.py[0m:
  LOC - 246
Found [[35mMetrics[0m] in [1msrc/web/blueprints/main_routes.py[0m:
  LOC - 115
Found [[35mMetrics[0m] in [1msrc/core/startup.py[0m:
  LOC - 114
Found [[35mMetrics[0m] in [1msrc/mail_parser/reporter.py[0m:
  LOC - 170
Found [[35mMetrics[0m] in [1msrc/utils/temp_manager.py[0m:
  LOC - 350
Found [[35mMetrics[0m] in [1msrc/utils/email_utils.py[0m:
  LOC - 40
Found [[35mMetrics[0m] in [1msrc/core/job_store.py[0m:
  LOC - 66
Found [[35mMetrics[0m] in [1mstatic/js/common.js[0m:
  LOC - 154
Analysis complete
Codacy analysis finished.
----- 2026-01-23 19:46:50 -----
2026-01-23 19:34:27.583231900 +0900 242274 codacy_run.log
--- docker ps (codacy) ---
CONTAINER ID   IMAGE                        STATUS          NAMES
a9ee91052192   codacy/codacy-analysis-cli   Up 8 seconds    pensive_blackwell
99d8ee19d278   codacy/codacy-analysis-cli   Up 10 minutes   sweet_mcnulty
--- last 50 lines of codacy_run.log ---
Found [[35mMetrics[0m] in [1msrc/core/models/evidence_model.py[0m:
  LOC - 166
Found [[35mMetrics[0m] in [1msrc/legal_compliance/court_evidence_verifier.py[0m:
  LOC - 246
No [[35mMetrics[0m] found in [1msrc/web/app.py[0m.
Found [[35mMetrics[0m] in [1msrc/web/blueprints/evidence_routes.py[0m:
  LOC - 376
Found [[35mMetrics[0m] in [1msrc/mail_parser/models/evidence_model.py[0m:
  LOC - 166
Found [[35mMetrics[0m] in [1msrc/core/services/integrity_service.py[0m:
  LOC - 121
Found [[35mMetrics[0m] in [1msrc/cli/batch_processor.py[0m:
  LOC - 188
Found [[35mMetrics[0m] in [1msrc/core/models/timeline_model.py[0m:
  LOC - 218
Found [[35mMetrics[0m] in [1msrc/docs/__init__.py[0m:
  LOC - 28
Found [[35mMetrics[0m] in [1msrc/services/file_service.py[0m:
  LOC - 295
Found [[35mMetrics[0m] in [1msrc/core/logging_utils.py[0m:
  LOC - 38
Found [[35mMetrics[0m] in [1msrc/mail_parser/models/email_model.py[0m:
  LOC - 129
Found [[35mMetrics[0m] in [1msrc/mail_parser/processor.py[0m:
  LOC - 479
No [[35mMetrics[0m] found in [1msrc/docs/auto_updater.py[0m.
Found [[35mMetrics[0m] in [1msrc/system_tests/core_tests.py[0m:
  LOC - 236
Found [[35mMetrics[0m] in [1msrc/mail_parser/text_utils.py[0m:
  LOC - 107
Found [[35mMetrics[0m] in [1msrc/database/email_db.py[0m:
  LOC - 840
Found [[35mMetrics[0m] in [1msrc/mail_parser/packaging.py[0m:
  LOC - 246
Found [[35mMetrics[0m] in [1msrc/web/blueprints/main_routes.py[0m:
  LOC - 115
Found [[35mMetrics[0m] in [1msrc/core/startup.py[0m:
  LOC - 114
Found [[35mMetrics[0m] in [1msrc/mail_parser/reporter.py[0m:
  LOC - 170
Found [[35mMetrics[0m] in [1msrc/utils/temp_manager.py[0m:
  LOC - 350
Found [[35mMetrics[0m] in [1msrc/utils/email_utils.py[0m:
  LOC - 40
Found [[35mMetrics[0m] in [1msrc/core/job_store.py[0m:
  LOC - 66
Found [[35mMetrics[0m] in [1mstatic/js/common.js[0m:
  LOC - 154
Analysis complete
Codacy analysis finished.
----- 2026-01-23 19:47:54 -----
2026-01-23 19:34:27.583231900 +0900 242274 codacy_run.log
--- docker ps (codacy) ---
CONTAINER ID   IMAGE                        STATUS          NAMES
99d8ee19d278   codacy/codacy-analysis-cli   Up 11 minutes   sweet_mcnulty
--- last 50 lines of codacy_run.log ---
Found [[35mMetrics[0m] in [1msrc/core/models/evidence_model.py[0m:
  LOC - 166
Found [[35mMetrics[0m] in [1msrc/legal_compliance/court_evidence_verifier.py[0m:
  LOC - 246
No [[35mMetrics[0m] found in [1msrc/web/app.py[0m.
Found [[35mMetrics[0m] in [1msrc/web/blueprints/evidence_routes.py[0m:
  LOC - 376
Found [[35mMetrics[0m] in [1msrc/mail_parser/models/evidence_model.py[0m:
  LOC - 166
Found [[35mMetrics[0m] in [1msrc/core/services/integrity_service.py[0m:
  LOC - 121
Found [[35mMetrics[0m] in [1msrc/cli/batch_processor.py[0m:
  LOC - 188
Found [[35mMetrics[0m] in [1msrc/core/models/timeline_model.py[0m:
  LOC - 218
Found [[35mMetrics[0m] in [1msrc/docs/__init__.py[0m:
  LOC - 28
Found [[35mMetrics[0m] in [1msrc/services/file_service.py[0m:
  LOC - 295
Found [[35mMetrics[0m] in [1msrc/core/logging_utils.py[0m:
  LOC - 38
Found [[35mMetrics[0m] in [1msrc/mail_parser/models/email_model.py[0m:
  LOC - 129
Found [[35mMetrics[0m] in [1msrc/mail_parser/processor.py[0m:
  LOC - 479
No [[35mMetrics[0m] found in [1msrc/docs/auto_updater.py[0m.
Found [[35mMetrics[0m] in [1msrc/system_tests/core_tests.py[0m:
  LOC - 236
Found [[35mMetrics[0m] in [1msrc/mail_parser/text_utils.py[0m:
  LOC - 107
Found [[35mMetrics[0m] in [1msrc/database/email_db.py[0m:
  LOC - 840
Found [[35mMetrics[0m] in [1msrc/mail_parser/packaging.py[0m:
  LOC - 246
Found [[35mMetrics[0m] in [1msrc/web/blueprints/main_routes.py[0m:
  LOC - 115
Found [[35mMetrics[0m] in [1msrc/core/startup.py[0m:
  LOC - 114
Found [[35mMetrics[0m] in [1msrc/mail_parser/reporter.py[0m:
  LOC - 170
Found [[35mMetrics[0m] in [1msrc/utils/temp_manager.py[0m:
  LOC - 350
Found [[35mMetrics[0m] in [1msrc/utils/email_utils.py[0m:
  LOC - 40
Found [[35mMetrics[0m] in [1msrc/core/job_store.py[0m:
  LOC - 66
Found [[35mMetrics[0m] in [1mstatic/js/common.js[0m:
  LOC - 154
Analysis complete
Codacy analysis finished.
----- 2026-01-23 19:48:56 -----
2026-01-23 19:34:27.583231900 +0900 242274 codacy_run.log
--- docker ps (codacy) ---
CONTAINER ID   IMAGE                        STATUS          NAMES
99d8ee19d278   codacy/codacy-analysis-cli   Up 12 minutes   sweet_mcnulty
--- last 50 lines of codacy_run.log ---
Found [[35mMetrics[0m] in [1msrc/core/models/evidence_model.py[0m:
  LOC - 166
Found [[35mMetrics[0m] in [1msrc/legal_compliance/court_evidence_verifier.py[0m:
  LOC - 246
No [[35mMetrics[0m] found in [1msrc/web/app.py[0m.
Found [[35mMetrics[0m] in [1msrc/web/blueprints/evidence_routes.py[0m:
  LOC - 376
Found [[35mMetrics[0m] in [1msrc/mail_parser/models/evidence_model.py[0m:
  LOC - 166
Found [[35mMetrics[0m] in [1msrc/core/services/integrity_service.py[0m:
  LOC - 121
Found [[35mMetrics[0m] in [1msrc/cli/batch_processor.py[0m:
  LOC - 188
Found [[35mMetrics[0m] in [1msrc/core/models/timeline_model.py[0m:
  LOC - 218
Found [[35mMetrics[0m] in [1msrc/docs/__init__.py[0m:
  LOC - 28
Found [[35mMetrics[0m] in [1msrc/services/file_service.py[0m:
  LOC - 295
Found [[35mMetrics[0m] in [1msrc/core/logging_utils.py[0m:
  LOC - 38
Found [[35mMetrics[0m] in [1msrc/mail_parser/models/email_model.py[0m:
  LOC - 129
Found [[35mMetrics[0m] in [1msrc/mail_parser/processor.py[0m:
  LOC - 479
No [[35mMetrics[0m] found in [1msrc/docs/auto_updater.py[0m.
Found [[35mMetrics[0m] in [1msrc/system_tests/core_tests.py[0m:
  LOC - 236
Found [[35mMetrics[0m] in [1msrc/mail_parser/text_utils.py[0m:
  LOC - 107
Found [[35mMetrics[0m] in [1msrc/database/email_db.py[0m:
  LOC - 840
Found [[35mMetrics[0m] in [1msrc/mail_parser/packaging.py[0m:
  LOC - 246
Found [[35mMetrics[0m] in [1msrc/web/blueprints/main_routes.py[0m:
  LOC - 115
Found [[35mMetrics[0m] in [1msrc/core/startup.py[0m:
  LOC - 114
Found [[35mMetrics[0m] in [1msrc/mail_parser/reporter.py[0m:
  LOC - 170
Found [[35mMetrics[0m] in [1msrc/utils/temp_manager.py[0m:
  LOC - 350
Found [[35mMetrics[0m] in [1msrc/utils/email_utils.py[0m:
  LOC - 40
Found [[35mMetrics[0m] in [1msrc/core/job_store.py[0m:
  LOC - 66
Found [[35mMetrics[0m] in [1mstatic/js/common.js[0m:
  LOC - 154
Analysis complete
Codacy analysis finished.
----- 2026-01-23 19:50:00 -----
2026-01-23 19:34:27.583231900 +0900 242274 codacy_run.log
--- docker ps (codacy) ---
CONTAINER ID   IMAGE                        STATUS          NAMES
99d8ee19d278   codacy/codacy-analysis-cli   Up 13 minutes   sweet_mcnulty
--- last 50 lines of codacy_run.log ---
Found [[35mMetrics[0m] in [1msrc/core/models/evidence_model.py[0m:
  LOC - 166
Found [[35mMetrics[0m] in [1msrc/legal_compliance/court_evidence_verifier.py[0m:
  LOC - 246
No [[35mMetrics[0m] found in [1msrc/web/app.py[0m.
Found [[35mMetrics[0m] in [1msrc/web/blueprints/evidence_routes.py[0m:
  LOC - 376
Found [[35mMetrics[0m] in [1msrc/mail_parser/models/evidence_model.py[0m:
  LOC - 166
Found [[35mMetrics[0m] in [1msrc/core/services/integrity_service.py[0m:
  LOC - 121
Found [[35mMetrics[0m] in [1msrc/cli/batch_processor.py[0m:
  LOC - 188
Found [[35mMetrics[0m] in [1msrc/core/models/timeline_model.py[0m:
  LOC - 218
Found [[35mMetrics[0m] in [1msrc/docs/__init__.py[0m:
  LOC - 28
Found [[35mMetrics[0m] in [1msrc/services/file_service.py[0m:
  LOC - 295
Found [[35mMetrics[0m] in [1msrc/core/logging_utils.py[0m:
  LOC - 38
Found [[35mMetrics[0m] in [1msrc/mail_parser/models/email_model.py[0m:
  LOC - 129
Found [[35mMetrics[0m] in [1msrc/mail_parser/processor.py[0m:
  LOC - 479
No [[35mMetrics[0m] found in [1msrc/docs/auto_updater.py[0m.
Found [[35mMetrics[0m] in [1msrc/system_tests/core_tests.py[0m:
  LOC - 236
Found [[35mMetrics[0m] in [1msrc/mail_parser/text_utils.py[0m:
  LOC - 107
Found [[35mMetrics[0m] in [1msrc/database/email_db.py[0m:
  LOC - 840
Found [[35mMetrics[0m] in [1msrc/mail_parser/packaging.py[0m:
  LOC - 246
Found [[35mMetrics[0m] in [1msrc/web/blueprints/main_routes.py[0m:
  LOC - 115
Found [[35mMetrics[0m] in [1msrc/core/startup.py[0m:
  LOC - 114
Found [[35mMetrics[0m] in [1msrc/mail_parser/reporter.py[0m:
  LOC - 170
Found [[35mMetrics[0m] in [1msrc/utils/temp_manager.py[0m:
  LOC - 350
Found [[35mMetrics[0m] in [1msrc/utils/email_utils.py[0m:
  LOC - 40
Found [[35mMetrics[0m] in [1msrc/core/job_store.py[0m:
  LOC - 66
Found [[35mMetrics[0m] in [1mstatic/js/common.js[0m:
  LOC - 154
Analysis complete
Codacy analysis finished.
----- 2026-01-23 19:51:06 -----
2026-01-23 19:34:27.583231900 +0900 242274 codacy_run.log
--- docker ps (codacy) ---
CONTAINER ID   IMAGE                        STATUS          NAMES
99d8ee19d278   codacy/codacy-analysis-cli   Up 14 minutes   sweet_mcnulty
--- last 50 lines of codacy_run.log ---
Found [[35mMetrics[0m] in [1msrc/core/models/evidence_model.py[0m:
  LOC - 166
Found [[35mMetrics[0m] in [1msrc/legal_compliance/court_evidence_verifier.py[0m:
  LOC - 246
No [[35mMetrics[0m] found in [1msrc/web/app.py[0m.
Found [[35mMetrics[0m] in [1msrc/web/blueprints/evidence_routes.py[0m:
  LOC - 376
Found [[35mMetrics[0m] in [1msrc/mail_parser/models/evidence_model.py[0m:
  LOC - 166
Found [[35mMetrics[0m] in [1msrc/core/services/integrity_service.py[0m:
  LOC - 121
Found [[35mMetrics[0m] in [1msrc/cli/batch_processor.py[0m:
  LOC - 188
Found [[35mMetrics[0m] in [1msrc/core/models/timeline_model.py[0m:
  LOC - 218
Found [[35mMetrics[0m] in [1msrc/docs/__init__.py[0m:
  LOC - 28
Found [[35mMetrics[0m] in [1msrc/services/file_service.py[0m:
  LOC - 295
Found [[35mMetrics[0m] in [1msrc/core/logging_utils.py[0m:
  LOC - 38
Found [[35mMetrics[0m] in [1msrc/mail_parser/models/email_model.py[0m:
  LOC - 129
Found [[35mMetrics[0m] in [1msrc/mail_parser/processor.py[0m:
  LOC - 479
No [[35mMetrics[0m] found in [1msrc/docs/auto_updater.py[0m.
Found [[35mMetrics[0m] in [1msrc/system_tests/core_tests.py[0m:
  LOC - 236
Found [[35mMetrics[0m] in [1msrc/mail_parser/text_utils.py[0m:
  LOC - 107
Found [[35mMetrics[0m] in [1msrc/database/email_db.py[0m:
  LOC - 840
Found [[35mMetrics[0m] in [1msrc/mail_parser/packaging.py[0m:
  LOC - 246
Found [[35mMetrics[0m] in [1msrc/web/blueprints/main_routes.py[0m:
  LOC - 115
Found [[35mMetrics[0m] in [1msrc/core/startup.py[0m:
  LOC - 114
Found [[35mMetrics[0m] in [1msrc/mail_parser/reporter.py[0m:
  LOC - 170
Found [[35mMetrics[0m] in [1msrc/utils/temp_manager.py[0m:
  LOC - 350
Found [[35mMetrics[0m] in [1msrc/utils/email_utils.py[0m:
  LOC - 40
Found [[35mMetrics[0m] in [1msrc/core/job_store.py[0m:
  LOC - 66
Found [[35mMetrics[0m] in [1mstatic/js/common.js[0m:
  LOC - 154
Analysis complete
Codacy analysis finished.
----- 2026-01-23 19:52:11 -----
2026-01-23 19:34:27.583231900 +0900 242274 codacy_run.log
--- docker ps (codacy) ---
CONTAINER ID   IMAGE                        STATUS          NAMES
99d8ee19d278   codacy/codacy-analysis-cli   Up 15 minutes   sweet_mcnulty
--- last 50 lines of codacy_run.log ---
Found [[35mMetrics[0m] in [1msrc/core/models/evidence_model.py[0m:
  LOC - 166
Found [[35mMetrics[0m] in [1msrc/legal_compliance/court_evidence_verifier.py[0m:
  LOC - 246
No [[35mMetrics[0m] found in [1msrc/web/app.py[0m.
Found [[35mMetrics[0m] in [1msrc/web/blueprints/evidence_routes.py[0m:
  LOC - 376
Found [[35mMetrics[0m] in [1msrc/mail_parser/models/evidence_model.py[0m:
  LOC - 166
Found [[35mMetrics[0m] in [1msrc/core/services/integrity_service.py[0m:
  LOC - 121
Found [[35mMetrics[0m] in [1msrc/cli/batch_processor.py[0m:
  LOC - 188
Found [[35mMetrics[0m] in [1msrc/core/models/timeline_model.py[0m:
  LOC - 218
Found [[35mMetrics[0m] in [1msrc/docs/__init__.py[0m:
  LOC - 28
Found [[35mMetrics[0m] in [1msrc/services/file_service.py[0m:
  LOC - 295
Found [[35mMetrics[0m] in [1msrc/core/logging_utils.py[0m:
  LOC - 38
Found [[35mMetrics[0m] in [1msrc/mail_parser/models/email_model.py[0m:
  LOC - 129
Found [[35mMetrics[0m] in [1msrc/mail_parser/processor.py[0m:
  LOC - 479
No [[35mMetrics[0m] found in [1msrc/docs/auto_updater.py[0m.
Found [[35mMetrics[0m] in [1msrc/system_tests/core_tests.py[0m:
  LOC - 236
Found [[35mMetrics[0m] in [1msrc/mail_parser/text_utils.py[0m:
  LOC - 107
Found [[35mMetrics[0m] in [1msrc/database/email_db.py[0m:
  LOC - 840
Found [[35mMetrics[0m] in [1msrc/mail_parser/packaging.py[0m:
  LOC - 246
Found [[35mMetrics[0m] in [1msrc/web/blueprints/main_routes.py[0m:
  LOC - 115
Found [[35mMetrics[0m] in [1msrc/core/startup.py[0m:
  LOC - 114
Found [[35mMetrics[0m] in [1msrc/mail_parser/reporter.py[0m:
  LOC - 170
Found [[35mMetrics[0m] in [1msrc/utils/temp_manager.py[0m:
  LOC - 350
Found [[35mMetrics[0m] in [1msrc/utils/email_utils.py[0m:
  LOC - 40
Found [[35mMetrics[0m] in [1msrc/core/job_store.py[0m:
  LOC - 66
Found [[35mMetrics[0m] in [1mstatic/js/common.js[0m:
  LOC - 154
Analysis complete
Codacy analysis finished.
----- 2026-01-23 19:53:14 -----
2026-01-23 19:34:27.583231900 +0900 242274 codacy_run.log
--- docker ps (codacy) ---
CONTAINER ID   IMAGE                        STATUS          NAMES
99d8ee19d278   codacy/codacy-analysis-cli   Up 16 minutes   sweet_mcnulty
--- last 50 lines of codacy_run.log ---
Found [[35mMetrics[0m] in [1msrc/core/models/evidence_model.py[0m:
  LOC - 166
Found [[35mMetrics[0m] in [1msrc/legal_compliance/court_evidence_verifier.py[0m:
  LOC - 246
No [[35mMetrics[0m] found in [1msrc/web/app.py[0m.
Found [[35mMetrics[0m] in [1msrc/web/blueprints/evidence_routes.py[0m:
  LOC - 376
Found [[35mMetrics[0m] in [1msrc/mail_parser/models/evidence_model.py[0m:
  LOC - 166
Found [[35mMetrics[0m] in [1msrc/core/services/integrity_service.py[0m:
  LOC - 121
Found [[35mMetrics[0m] in [1msrc/cli/batch_processor.py[0m:
  LOC - 188
Found [[35mMetrics[0m] in [1msrc/core/models/timeline_model.py[0m:
  LOC - 218
Found [[35mMetrics[0m] in [1msrc/docs/__init__.py[0m:
  LOC - 28
Found [[35mMetrics[0m] in [1msrc/services/file_service.py[0m:
  LOC - 295
Found [[35mMetrics[0m] in [1msrc/core/logging_utils.py[0m:
  LOC - 38
Found [[35mMetrics[0m] in [1msrc/mail_parser/models/email_model.py[0m:
  LOC - 129
Found [[35mMetrics[0m] in [1msrc/mail_parser/processor.py[0m:
  LOC - 479
No [[35mMetrics[0m] found in [1msrc/docs/auto_updater.py[0m.
Found [[35mMetrics[0m] in [1msrc/system_tests/core_tests.py[0m:
  LOC - 236
Found [[35mMetrics[0m] in [1msrc/mail_parser/text_utils.py[0m:
  LOC - 107
Found [[35mMetrics[0m] in [1msrc/database/email_db.py[0m:
  LOC - 840
Found [[35mMetrics[0m] in [1msrc/mail_parser/packaging.py[0m:
  LOC - 246
Found [[35mMetrics[0m] in [1msrc/web/blueprints/main_routes.py[0m:
  LOC - 115
Found [[35mMetrics[0m] in [1msrc/core/startup.py[0m:
  LOC - 114
Found [[35mMetrics[0m] in [1msrc/mail_parser/reporter.py[0m:
  LOC - 170
Found [[35mMetrics[0m] in [1msrc/utils/temp_manager.py[0m:
  LOC - 350
Found [[35mMetrics[0m] in [1msrc/utils/email_utils.py[0m:
  LOC - 40
Found [[35mMetrics[0m] in [1msrc/core/job_store.py[0m:
  LOC - 66
Found [[35mMetrics[0m] in [1mstatic/js/common.js[0m:
  LOC - 154
Analysis complete
Codacy analysis finished.
----- 2026-01-23 19:54:19 -----
2026-01-23 19:34:27.583231900 +0900 242274 codacy_run.log
--- docker ps (codacy) ---
CONTAINER ID   IMAGE     STATUS    NAMES
--- last 50 lines of codacy_run.log ---
Found [[35mMetrics[0m] in [1msrc/core/models/evidence_model.py[0m:
  LOC - 166
Found [[35mMetrics[0m] in [1msrc/legal_compliance/court_evidence_verifier.py[0m:
  LOC - 246
No [[35mMetrics[0m] found in [1msrc/web/app.py[0m.
Found [[35mMetrics[0m] in [1msrc/web/blueprints/evidence_routes.py[0m:
  LOC - 376
Found [[35mMetrics[0m] in [1msrc/mail_parser/models/evidence_model.py[0m:
  LOC - 166
Found [[35mMetrics[0m] in [1msrc/core/services/integrity_service.py[0m:
  LOC - 121
Found [[35mMetrics[0m] in [1msrc/cli/batch_processor.py[0m:
  LOC - 188
Found [[35mMetrics[0m] in [1msrc/core/models/timeline_model.py[0m:
  LOC - 218
Found [[35mMetrics[0m] in [1msrc/docs/__init__.py[0m:
  LOC - 28
Found [[35mMetrics[0m] in [1msrc/services/file_service.py[0m:
  LOC - 295
Found [[35mMetrics[0m] in [1msrc/core/logging_utils.py[0m:
  LOC - 38
Found [[35mMetrics[0m] in [1msrc/mail_parser/models/email_model.py[0m:
  LOC - 129
Found [[35mMetrics[0m] in [1msrc/mail_parser/processor.py[0m:
  LOC - 479
No [[35mMetrics[0m] found in [1msrc/docs/auto_updater.py[0m.
Found [[35mMetrics[0m] in [1msrc/system_tests/core_tests.py[0m:
  LOC - 236
Found [[35mMetrics[0m] in [1msrc/mail_parser/text_utils.py[0m:
  LOC - 107
Found [[35mMetrics[0m] in [1msrc/database/email_db.py[0m:
  LOC - 840
Found [[35mMetrics[0m] in [1msrc/mail_parser/packaging.py[0m:
  LOC - 246
Found [[35mMetrics[0m] in [1msrc/web/blueprints/main_routes.py[0m:
  LOC - 115
Found [[35mMetrics[0m] in [1msrc/core/startup.py[0m:
  LOC - 114
Found [[35mMetrics[0m] in [1msrc/mail_parser/reporter.py[0m:
  LOC - 170
Found [[35mMetrics[0m] in [1msrc/utils/temp_manager.py[0m:
  LOC - 350
Found [[35mMetrics[0m] in [1msrc/utils/email_utils.py[0m:
  LOC - 40
Found [[35mMetrics[0m] in [1msrc/core/job_store.py[0m:
  LOC - 66
Found [[35mMetrics[0m] in [1mstatic/js/common.js[0m:
  LOC - 154
Analysis complete
Codacy analysis finished.
----- 2026-01-23 19:55:23 -----
2026-01-23 19:34:27.583231900 +0900 242274 codacy_run.log
--- docker ps (codacy) ---
CONTAINER ID   IMAGE     STATUS    NAMES
--- last 50 lines of codacy_run.log ---
Found [[35mMetrics[0m] in [1msrc/core/models/evidence_model.py[0m:
  LOC - 166
Found [[35mMetrics[0m] in [1msrc/legal_compliance/court_evidence_verifier.py[0m:
  LOC - 246
No [[35mMetrics[0m] found in [1msrc/web/app.py[0m.
Found [[35mMetrics[0m] in [1msrc/web/blueprints/evidence_routes.py[0m:
  LOC - 376
Found [[35mMetrics[0m] in [1msrc/mail_parser/models/evidence_model.py[0m:
  LOC - 166
Found [[35mMetrics[0m] in [1msrc/core/services/integrity_service.py[0m:
  LOC - 121
Found [[35mMetrics[0m] in [1msrc/cli/batch_processor.py[0m:
  LOC - 188
Found [[35mMetrics[0m] in [1msrc/core/models/timeline_model.py[0m:
  LOC - 218
Found [[35mMetrics[0m] in [1msrc/docs/__init__.py[0m:
  LOC - 28
Found [[35mMetrics[0m] in [1msrc/services/file_service.py[0m:
  LOC - 295
Found [[35mMetrics[0m] in [1msrc/core/logging_utils.py[0m:
  LOC - 38
Found [[35mMetrics[0m] in [1msrc/mail_parser/models/email_model.py[0m:
  LOC - 129
Found [[35mMetrics[0m] in [1msrc/mail_parser/processor.py[0m:
  LOC - 479
No [[35mMetrics[0m] found in [1msrc/docs/auto_updater.py[0m.
Found [[35mMetrics[0m] in [1msrc/system_tests/core_tests.py[0m:
  LOC - 236
Found [[35mMetrics[0m] in [1msrc/mail_parser/text_utils.py[0m:
  LOC - 107
Found [[35mMetrics[0m] in [1msrc/database/email_db.py[0m:
  LOC - 840
Found [[35mMetrics[0m] in [1msrc/mail_parser/packaging.py[0m:
  LOC - 246
Found [[35mMetrics[0m] in [1msrc/web/blueprints/main_routes.py[0m:
  LOC - 115
Found [[35mMetrics[0m] in [1msrc/core/startup.py[0m:
  LOC - 114
Found [[35mMetrics[0m] in [1msrc/mail_parser/reporter.py[0m:
  LOC - 170
Found [[35mMetrics[0m] in [1msrc/utils/temp_manager.py[0m:
  LOC - 350
Found [[35mMetrics[0m] in [1msrc/utils/email_utils.py[0m:
  LOC - 40
Found [[35mMetrics[0m] in [1msrc/core/job_store.py[0m:
  LOC - 66
Found [[35mMetrics[0m] in [1mstatic/js/common.js[0m:
  LOC - 154
Analysis complete
Codacy analysis finished.
----- 2026-01-23 19:56:27 -----
2026-01-23 19:34:27.583231900 +0900 242274 codacy_run.log
--- docker ps (codacy) ---
CONTAINER ID   IMAGE     STATUS    NAMES
--- last 50 lines of codacy_run.log ---
Found [[35mMetrics[0m] in [1msrc/core/models/evidence_model.py[0m:
  LOC - 166
Found [[35mMetrics[0m] in [1msrc/legal_compliance/court_evidence_verifier.py[0m:
  LOC - 246
No [[35mMetrics[0m] found in [1msrc/web/app.py[0m.
Found [[35mMetrics[0m] in [1msrc/web/blueprints/evidence_routes.py[0m:
  LOC - 376
Found [[35mMetrics[0m] in [1msrc/mail_parser/models/evidence_model.py[0m:
  LOC - 166
Found [[35mMetrics[0m] in [1msrc/core/services/integrity_service.py[0m:
  LOC - 121
Found [[35mMetrics[0m] in [1msrc/cli/batch_processor.py[0m:
  LOC - 188
Found [[35mMetrics[0m] in [1msrc/core/models/timeline_model.py[0m:
  LOC - 218
Found [[35mMetrics[0m] in [1msrc/docs/__init__.py[0m:
  LOC - 28
Found [[35mMetrics[0m] in [1msrc/services/file_service.py[0m:
  LOC - 295
Found [[35mMetrics[0m] in [1msrc/core/logging_utils.py[0m:
  LOC - 38
Found [[35mMetrics[0m] in [1msrc/mail_parser/models/email_model.py[0m:
  LOC - 129
Found [[35mMetrics[0m] in [1msrc/mail_parser/processor.py[0m:
  LOC - 479
No [[35mMetrics[0m] found in [1msrc/docs/auto_updater.py[0m.
Found [[35mMetrics[0m] in [1msrc/system_tests/core_tests.py[0m:
  LOC - 236
Found [[35mMetrics[0m] in [1msrc/mail_parser/text_utils.py[0m:
  LOC - 107
Found [[35mMetrics[0m] in [1msrc/database/email_db.py[0m:
  LOC - 840
Found [[35mMetrics[0m] in [1msrc/mail_parser/packaging.py[0m:
  LOC - 246
Found [[35mMetrics[0m] in [1msrc/web/blueprints/main_routes.py[0m:
  LOC - 115
Found [[35mMetrics[0m] in [1msrc/core/startup.py[0m:
  LOC - 114
Found [[35mMetrics[0m] in [1msrc/mail_parser/reporter.py[0m:
  LOC - 170
Found [[35mMetrics[0m] in [1msrc/utils/temp_manager.py[0m:
  LOC - 350
Found [[35mMetrics[0m] in [1msrc/utils/email_utils.py[0m:
  LOC - 40
Found [[35mMetrics[0m] in [1msrc/core/job_store.py[0m:
  LOC - 66
Found [[35mMetrics[0m] in [1mstatic/js/common.js[0m:
  LOC - 154
Analysis complete
Codacy analysis finished.
----- 2026-01-23 19:57:32 -----
2026-01-23 19:34:27.583231900 +0900 242274 codacy_run.log
--- docker ps (codacy) ---
CONTAINER ID   IMAGE     STATUS    NAMES
--- last 50 lines of codacy_run.log ---
Found [[35mMetrics[0m] in [1msrc/core/models/evidence_model.py[0m:
  LOC - 166
Found [[35mMetrics[0m] in [1msrc/legal_compliance/court_evidence_verifier.py[0m:
  LOC - 246
No [[35mMetrics[0m] found in [1msrc/web/app.py[0m.
Found [[35mMetrics[0m] in [1msrc/web/blueprints/evidence_routes.py[0m:
  LOC - 376
Found [[35mMetrics[0m] in [1msrc/mail_parser/models/evidence_model.py[0m:
  LOC - 166
Found [[35mMetrics[0m] in [1msrc/core/services/integrity_service.py[0m:
  LOC - 121
Found [[35mMetrics[0m] in [1msrc/cli/batch_processor.py[0m:
  LOC - 188
Found [[35mMetrics[0m] in [1msrc/core/models/timeline_model.py[0m:
  LOC - 218
Found [[35mMetrics[0m] in [1msrc/docs/__init__.py[0m:
  LOC - 28
Found [[35mMetrics[0m] in [1msrc/services/file_service.py[0m:
  LOC - 295
Found [[35mMetrics[0m] in [1msrc/core/logging_utils.py[0m:
  LOC - 38
Found [[35mMetrics[0m] in [1msrc/mail_parser/models/email_model.py[0m:
  LOC - 129
Found [[35mMetrics[0m] in [1msrc/mail_parser/processor.py[0m:
  LOC - 479
No [[35mMetrics[0m] found in [1msrc/docs/auto_updater.py[0m.
Found [[35mMetrics[0m] in [1msrc/system_tests/core_tests.py[0m:
  LOC - 236
Found [[35mMetrics[0m] in [1msrc/mail_parser/text_utils.py[0m:
  LOC - 107
Found [[35mMetrics[0m] in [1msrc/database/email_db.py[0m:
  LOC - 840
Found [[35mMetrics[0m] in [1msrc/mail_parser/packaging.py[0m:
  LOC - 246
Found [[35mMetrics[0m] in [1msrc/web/blueprints/main_routes.py[0m:
  LOC - 115
Found [[35mMetrics[0m] in [1msrc/core/startup.py[0m:
  LOC - 114
Found [[35mMetrics[0m] in [1msrc/mail_parser/reporter.py[0m:
  LOC - 170
Found [[35mMetrics[0m] in [1msrc/utils/temp_manager.py[0m:
  LOC - 350
Found [[35mMetrics[0m] in [1msrc/utils/email_utils.py[0m:
  LOC - 40
Found [[35mMetrics[0m] in [1msrc/core/job_store.py[0m:
  LOC - 66
Found [[35mMetrics[0m] in [1mstatic/js/common.js[0m:
  LOC - 154
Analysis complete
Codacy analysis finished.
----- 2026-01-23 19:58:35 -----
2026-01-23 19:34:27.583231900 +0900 242274 codacy_run.log
--- docker ps (codacy) ---
CONTAINER ID   IMAGE     STATUS    NAMES
--- last 50 lines of codacy_run.log ---
Found [[35mMetrics[0m] in [1msrc/core/models/evidence_model.py[0m:
  LOC - 166
Found [[35mMetrics[0m] in [1msrc/legal_compliance/court_evidence_verifier.py[0m:
  LOC - 246
No [[35mMetrics[0m] found in [1msrc/web/app.py[0m.
Found [[35mMetrics[0m] in [1msrc/web/blueprints/evidence_routes.py[0m:
  LOC - 376
Found [[35mMetrics[0m] in [1msrc/mail_parser/models/evidence_model.py[0m:
  LOC - 166
Found [[35mMetrics[0m] in [1msrc/core/services/integrity_service.py[0m:
  LOC - 121
Found [[35mMetrics[0m] in [1msrc/cli/batch_processor.py[0m:
  LOC - 188
Found [[35mMetrics[0m] in [1msrc/core/models/timeline_model.py[0m:
  LOC - 218
Found [[35mMetrics[0m] in [1msrc/docs/__init__.py[0m:
  LOC - 28
Found [[35mMetrics[0m] in [1msrc/services/file_service.py[0m:
  LOC - 295
Found [[35mMetrics[0m] in [1msrc/core/logging_utils.py[0m:
  LOC - 38
Found [[35mMetrics[0m] in [1msrc/mail_parser/models/email_model.py[0m:
  LOC - 129
Found [[35mMetrics[0m] in [1msrc/mail_parser/processor.py[0m:
  LOC - 479
No [[35mMetrics[0m] found in [1msrc/docs/auto_updater.py[0m.
Found [[35mMetrics[0m] in [1msrc/system_tests/core_tests.py[0m:
  LOC - 236
Found [[35mMetrics[0m] in [1msrc/mail_parser/text_utils.py[0m:
  LOC - 107
Found [[35mMetrics[0m] in [1msrc/database/email_db.py[0m:
  LOC - 840
Found [[35mMetrics[0m] in [1msrc/mail_parser/packaging.py[0m:
  LOC - 246
Found [[35mMetrics[0m] in [1msrc/web/blueprints/main_routes.py[0m:
  LOC - 115
Found [[35mMetrics[0m] in [1msrc/core/startup.py[0m:
  LOC - 114
Found [[35mMetrics[0m] in [1msrc/mail_parser/reporter.py[0m:
  LOC - 170
Found [[35mMetrics[0m] in [1msrc/utils/temp_manager.py[0m:
  LOC - 350
Found [[35mMetrics[0m] in [1msrc/utils/email_utils.py[0m:
  LOC - 40
Found [[35mMetrics[0m] in [1msrc/core/job_store.py[0m:
  LOC - 66
Found [[35mMetrics[0m] in [1mstatic/js/common.js[0m:
  LOC - 154
Analysis complete
Codacy analysis finished.
----- 2026-01-23 19:59:40 -----
2026-01-23 19:34:27.583231900 +0900 242274 codacy_run.log
--- docker ps (codacy) ---
CONTAINER ID   IMAGE     STATUS    NAMES
--- last 50 lines of codacy_run.log ---
Found [[35mMetrics[0m] in [1msrc/core/models/evidence_model.py[0m:
  LOC - 166
Found [[35mMetrics[0m] in [1msrc/legal_compliance/court_evidence_verifier.py[0m:
  LOC - 246
No [[35mMetrics[0m] found in [1msrc/web/app.py[0m.
Found [[35mMetrics[0m] in [1msrc/web/blueprints/evidence_routes.py[0m:
  LOC - 376
Found [[35mMetrics[0m] in [1msrc/mail_parser/models/evidence_model.py[0m:
  LOC - 166
Found [[35mMetrics[0m] in [1msrc/core/services/integrity_service.py[0m:
  LOC - 121
Found [[35mMetrics[0m] in [1msrc/cli/batch_processor.py[0m:
  LOC - 188
Found [[35mMetrics[0m] in [1msrc/core/models/timeline_model.py[0m:
  LOC - 218
Found [[35mMetrics[0m] in [1msrc/docs/__init__.py[0m:
  LOC - 28
Found [[35mMetrics[0m] in [1msrc/services/file_service.py[0m:
  LOC - 295
Found [[35mMetrics[0m] in [1msrc/core/logging_utils.py[0m:
  LOC - 38
Found [[35mMetrics[0m] in [1msrc/mail_parser/models/email_model.py[0m:
  LOC - 129
Found [[35mMetrics[0m] in [1msrc/mail_parser/processor.py[0m:
  LOC - 479
No [[35mMetrics[0m] found in [1msrc/docs/auto_updater.py[0m.
Found [[35mMetrics[0m] in [1msrc/system_tests/core_tests.py[0m:
  LOC - 236
Found [[35mMetrics[0m] in [1msrc/mail_parser/text_utils.py[0m:
  LOC - 107
Found [[35mMetrics[0m] in [1msrc/database/email_db.py[0m:
  LOC - 840
Found [[35mMetrics[0m] in [1msrc/mail_parser/packaging.py[0m:
  LOC - 246
Found [[35mMetrics[0m] in [1msrc/web/blueprints/main_routes.py[0m:
  LOC - 115
Found [[35mMetrics[0m] in [1msrc/core/startup.py[0m:
  LOC - 114
Found [[35mMetrics[0m] in [1msrc/mail_parser/reporter.py[0m:
  LOC - 170
Found [[35mMetrics[0m] in [1msrc/utils/temp_manager.py[0m:
  LOC - 350
Found [[35mMetrics[0m] in [1msrc/utils/email_utils.py[0m:
  LOC - 40
Found [[35mMetrics[0m] in [1msrc/core/job_store.py[0m:
  LOC - 66
Found [[35mMetrics[0m] in [1mstatic/js/common.js[0m:
  LOC - 154
Analysis complete
Codacy analysis finished.
----- 2026-01-23 20:00:44 -----
2026-01-23 19:34:27.583231900 +0900 242274 codacy_run.log
--- docker ps (codacy) ---
CONTAINER ID   IMAGE     STATUS    NAMES
--- last 50 lines of codacy_run.log ---
Found [[35mMetrics[0m] in [1msrc/core/models/evidence_model.py[0m:
  LOC - 166
Found [[35mMetrics[0m] in [1msrc/legal_compliance/court_evidence_verifier.py[0m:
  LOC - 246
No [[35mMetrics[0m] found in [1msrc/web/app.py[0m.
Found [[35mMetrics[0m] in [1msrc/web/blueprints/evidence_routes.py[0m:
  LOC - 376
Found [[35mMetrics[0m] in [1msrc/mail_parser/models/evidence_model.py[0m:
  LOC - 166
Found [[35mMetrics[0m] in [1msrc/core/services/integrity_service.py[0m:
  LOC - 121
Found [[35mMetrics[0m] in [1msrc/cli/batch_processor.py[0m:
  LOC - 188
Found [[35mMetrics[0m] in [1msrc/core/models/timeline_model.py[0m:
  LOC - 218
Found [[35mMetrics[0m] in [1msrc/docs/__init__.py[0m:
  LOC - 28
Found [[35mMetrics[0m] in [1msrc/services/file_service.py[0m:
  LOC - 295
Found [[35mMetrics[0m] in [1msrc/core/logging_utils.py[0m:
  LOC - 38
Found [[35mMetrics[0m] in [1msrc/mail_parser/models/email_model.py[0m:
  LOC - 129
Found [[35mMetrics[0m] in [1msrc/mail_parser/processor.py[0m:
  LOC - 479
No [[35mMetrics[0m] found in [1msrc/docs/auto_updater.py[0m.
Found [[35mMetrics[0m] in [1msrc/system_tests/core_tests.py[0m:
  LOC - 236
Found [[35mMetrics[0m] in [1msrc/mail_parser/text_utils.py[0m:
  LOC - 107
Found [[35mMetrics[0m] in [1msrc/database/email_db.py[0m:
  LOC - 840
Found [[35mMetrics[0m] in [1msrc/mail_parser/packaging.py[0m:
  LOC - 246
Found [[35mMetrics[0m] in [1msrc/web/blueprints/main_routes.py[0m:
  LOC - 115
Found [[35mMetrics[0m] in [1msrc/core/startup.py[0m:
  LOC - 114
Found [[35mMetrics[0m] in [1msrc/mail_parser/reporter.py[0m:
  LOC - 170
Found [[35mMetrics[0m] in [1msrc/utils/temp_manager.py[0m:
  LOC - 350
Found [[35mMetrics[0m] in [1msrc/utils/email_utils.py[0m:
  LOC - 40
Found [[35mMetrics[0m] in [1msrc/core/job_store.py[0m:
  LOC - 66
Found [[35mMetrics[0m] in [1mstatic/js/common.js[0m:
  LOC - 154
Analysis complete
Codacy analysis finished.
----- 2026-01-23 20:01:48 -----
2026-01-23 19:34:27.583231900 +0900 242274 codacy_run.log
--- docker ps (codacy) ---
CONTAINER ID   IMAGE     STATUS    NAMES
--- last 50 lines of codacy_run.log ---
Found [[35mMetrics[0m] in [1msrc/core/models/evidence_model.py[0m:
  LOC - 166
Found [[35mMetrics[0m] in [1msrc/legal_compliance/court_evidence_verifier.py[0m:
  LOC - 246
No [[35mMetrics[0m] found in [1msrc/web/app.py[0m.
Found [[35mMetrics[0m] in [1msrc/web/blueprints/evidence_routes.py[0m:
  LOC - 376
Found [[35mMetrics[0m] in [1msrc/mail_parser/models/evidence_model.py[0m:
  LOC - 166
Found [[35mMetrics[0m] in [1msrc/core/services/integrity_service.py[0m:
  LOC - 121
Found [[35mMetrics[0m] in [1msrc/cli/batch_processor.py[0m:
  LOC - 188
Found [[35mMetrics[0m] in [1msrc/core/models/timeline_model.py[0m:
  LOC - 218
Found [[35mMetrics[0m] in [1msrc/docs/__init__.py[0m:
  LOC - 28
Found [[35mMetrics[0m] in [1msrc/services/file_service.py[0m:
  LOC - 295
Found [[35mMetrics[0m] in [1msrc/core/logging_utils.py[0m:
  LOC - 38
Found [[35mMetrics[0m] in [1msrc/mail_parser/models/email_model.py[0m:
  LOC - 129
Found [[35mMetrics[0m] in [1msrc/mail_parser/processor.py[0m:
  LOC - 479
No [[35mMetrics[0m] found in [1msrc/docs/auto_updater.py[0m.
Found [[35mMetrics[0m] in [1msrc/system_tests/core_tests.py[0m:
  LOC - 236
Found [[35mMetrics[0m] in [1msrc/mail_parser/text_utils.py[0m:
  LOC - 107
Found [[35mMetrics[0m] in [1msrc/database/email_db.py[0m:
  LOC - 840
Found [[35mMetrics[0m] in [1msrc/mail_parser/packaging.py[0m:
  LOC - 246
Found [[35mMetrics[0m] in [1msrc/web/blueprints/main_routes.py[0m:
  LOC - 115
Found [[35mMetrics[0m] in [1msrc/core/startup.py[0m:
  LOC - 114
Found [[35mMetrics[0m] in [1msrc/mail_parser/reporter.py[0m:
  LOC - 170
Found [[35mMetrics[0m] in [1msrc/utils/temp_manager.py[0m:
  LOC - 350
Found [[35mMetrics[0m] in [1msrc/utils/email_utils.py[0m:
  LOC - 40
Found [[35mMetrics[0m] in [1msrc/core/job_store.py[0m:
  LOC - 66
Found [[35mMetrics[0m] in [1mstatic/js/common.js[0m:
  LOC - 154
Analysis complete
Codacy analysis finished.
----- 2026-01-23 20:02:52 -----
2026-01-23 19:34:27.583231900 +0900 242274 codacy_run.log
--- docker ps (codacy) ---
CONTAINER ID   IMAGE     STATUS    NAMES
--- last 50 lines of codacy_run.log ---
Found [[35mMetrics[0m] in [1msrc/core/models/evidence_model.py[0m:
  LOC - 166
Found [[35mMetrics[0m] in [1msrc/legal_compliance/court_evidence_verifier.py[0m:
  LOC - 246
No [[35mMetrics[0m] found in [1msrc/web/app.py[0m.
Found [[35mMetrics[0m] in [1msrc/web/blueprints/evidence_routes.py[0m:
  LOC - 376
Found [[35mMetrics[0m] in [1msrc/mail_parser/models/evidence_model.py[0m:
  LOC - 166
Found [[35mMetrics[0m] in [1msrc/core/services/integrity_service.py[0m:
  LOC - 121
Found [[35mMetrics[0m] in [1msrc/cli/batch_processor.py[0m:
  LOC - 188
Found [[35mMetrics[0m] in [1msrc/core/models/timeline_model.py[0m:
  LOC - 218
Found [[35mMetrics[0m] in [1msrc/docs/__init__.py[0m:
  LOC - 28
Found [[35mMetrics[0m] in [1msrc/services/file_service.py[0m:
  LOC - 295
Found [[35mMetrics[0m] in [1msrc/core/logging_utils.py[0m:
  LOC - 38
Found [[35mMetrics[0m] in [1msrc/mail_parser/models/email_model.py[0m:
  LOC - 129
Found [[35mMetrics[0m] in [1msrc/mail_parser/processor.py[0m:
  LOC - 479
No [[35mMetrics[0m] found in [1msrc/docs/auto_updater.py[0m.
Found [[35mMetrics[0m] in [1msrc/system_tests/core_tests.py[0m:
  LOC - 236
Found [[35mMetrics[0m] in [1msrc/mail_parser/text_utils.py[0m:
  LOC - 107
Found [[35mMetrics[0m] in [1msrc/database/email_db.py[0m:
  LOC - 840
Found [[35mMetrics[0m] in [1msrc/mail_parser/packaging.py[0m:
  LOC - 246
Found [[35mMetrics[0m] in [1msrc/web/blueprints/main_routes.py[0m:
  LOC - 115
Found [[35mMetrics[0m] in [1msrc/core/startup.py[0m:
  LOC - 114
Found [[35mMetrics[0m] in [1msrc/mail_parser/reporter.py[0m:
  LOC - 170
Found [[35mMetrics[0m] in [1msrc/utils/temp_manager.py[0m:
  LOC - 350
Found [[35mMetrics[0m] in [1msrc/utils/email_utils.py[0m:
  LOC - 40
Found [[35mMetrics[0m] in [1msrc/core/job_store.py[0m:
  LOC - 66
Found [[35mMetrics[0m] in [1mstatic/js/common.js[0m:
  LOC - 154
Analysis complete
Codacy analysis finished.
----- 2026-01-23 20:03:56 -----
2026-01-23 19:34:27.583231900 +0900 242274 codacy_run.log
--- docker ps (codacy) ---
CONTAINER ID   IMAGE     STATUS    NAMES
--- last 50 lines of codacy_run.log ---
Found [[35mMetrics[0m] in [1msrc/core/models/evidence_model.py[0m:
  LOC - 166
Found [[35mMetrics[0m] in [1msrc/legal_compliance/court_evidence_verifier.py[0m:
  LOC - 246
No [[35mMetrics[0m] found in [1msrc/web/app.py[0m.
Found [[35mMetrics[0m] in [1msrc/web/blueprints/evidence_routes.py[0m:
  LOC - 376
Found [[35mMetrics[0m] in [1msrc/mail_parser/models/evidence_model.py[0m:
  LOC - 166
Found [[35mMetrics[0m] in [1msrc/core/services/integrity_service.py[0m:
  LOC - 121
Found [[35mMetrics[0m] in [1msrc/cli/batch_processor.py[0m:
  LOC - 188
Found [[35mMetrics[0m] in [1msrc/core/models/timeline_model.py[0m:
  LOC - 218
Found [[35mMetrics[0m] in [1msrc/docs/__init__.py[0m:
  LOC - 28
Found [[35mMetrics[0m] in [1msrc/services/file_service.py[0m:
  LOC - 295
Found [[35mMetrics[0m] in [1msrc/core/logging_utils.py[0m:
  LOC - 38
Found [[35mMetrics[0m] in [1msrc/mail_parser/models/email_model.py[0m:
  LOC - 129
Found [[35mMetrics[0m] in [1msrc/mail_parser/processor.py[0m:
  LOC - 479
No [[35mMetrics[0m] found in [1msrc/docs/auto_updater.py[0m.
Found [[35mMetrics[0m] in [1msrc/system_tests/core_tests.py[0m:
  LOC - 236
Found [[35mMetrics[0m] in [1msrc/mail_parser/text_utils.py[0m:
  LOC - 107
Found [[35mMetrics[0m] in [1msrc/database/email_db.py[0m:
  LOC - 840
Found [[35mMetrics[0m] in [1msrc/mail_parser/packaging.py[0m:
  LOC - 246
Found [[35mMetrics[0m] in [1msrc/web/blueprints/main_routes.py[0m:
  LOC - 115
Found [[35mMetrics[0m] in [1msrc/core/startup.py[0m:
  LOC - 114
Found [[35mMetrics[0m] in [1msrc/mail_parser/reporter.py[0m:
  LOC - 170
Found [[35mMetrics[0m] in [1msrc/utils/temp_manager.py[0m:
  LOC - 350
Found [[35mMetrics[0m] in [1msrc/utils/email_utils.py[0m:
  LOC - 40
Found [[35mMetrics[0m] in [1msrc/core/job_store.py[0m:
  LOC - 66
Found [[35mMetrics[0m] in [1mstatic/js/common.js[0m:
  LOC - 154
Analysis complete
Codacy analysis finished.
----- 2026-01-23 20:04:59 -----
2026-01-23 19:34:27.583231900 +0900 242274 codacy_run.log
--- docker ps (codacy) ---
CONTAINER ID   IMAGE     STATUS    NAMES
--- last 50 lines of codacy_run.log ---
Found [[35mMetrics[0m] in [1msrc/core/models/evidence_model.py[0m:
  LOC - 166
Found [[35mMetrics[0m] in [1msrc/legal_compliance/court_evidence_verifier.py[0m:
  LOC - 246
No [[35mMetrics[0m] found in [1msrc/web/app.py[0m.
Found [[35mMetrics[0m] in [1msrc/web/blueprints/evidence_routes.py[0m:
  LOC - 376
Found [[35mMetrics[0m] in [1msrc/mail_parser/models/evidence_model.py[0m:
  LOC - 166
Found [[35mMetrics[0m] in [1msrc/core/services/integrity_service.py[0m:
  LOC - 121
Found [[35mMetrics[0m] in [1msrc/cli/batch_processor.py[0m:
  LOC - 188
Found [[35mMetrics[0m] in [1msrc/core/models/timeline_model.py[0m:
  LOC - 218
Found [[35mMetrics[0m] in [1msrc/docs/__init__.py[0m:
  LOC - 28
Found [[35mMetrics[0m] in [1msrc/services/file_service.py[0m:
  LOC - 295
Found [[35mMetrics[0m] in [1msrc/core/logging_utils.py[0m:
  LOC - 38
Found [[35mMetrics[0m] in [1msrc/mail_parser/models/email_model.py[0m:
  LOC - 129
Found [[35mMetrics[0m] in [1msrc/mail_parser/processor.py[0m:
  LOC - 479
No [[35mMetrics[0m] found in [1msrc/docs/auto_updater.py[0m.
Found [[35mMetrics[0m] in [1msrc/system_tests/core_tests.py[0m:
  LOC - 236
Found [[35mMetrics[0m] in [1msrc/mail_parser/text_utils.py[0m:
  LOC - 107
Found [[35mMetrics[0m] in [1msrc/database/email_db.py[0m:
  LOC - 840
Found [[35mMetrics[0m] in [1msrc/mail_parser/packaging.py[0m:
  LOC - 246
Found [[35mMetrics[0m] in [1msrc/web/blueprints/main_routes.py[0m:
  LOC - 115
Found [[35mMetrics[0m] in [1msrc/core/startup.py[0m:
  LOC - 114
Found [[35mMetrics[0m] in [1msrc/mail_parser/reporter.py[0m:
  LOC - 170
Found [[35mMetrics[0m] in [1msrc/utils/temp_manager.py[0m:
  LOC - 350
Found [[35mMetrics[0m] in [1msrc/utils/email_utils.py[0m:
  LOC - 40
Found [[35mMetrics[0m] in [1msrc/core/job_store.py[0m:
  LOC - 66
Found [[35mMetrics[0m] in [1mstatic/js/common.js[0m:
  LOC - 154
Analysis complete
Codacy analysis finished.
----- 2026-01-23 20:06:03 -----
2026-01-23 19:34:27.583231900 +0900 242274 codacy_run.log
--- docker ps (codacy) ---
CONTAINER ID   IMAGE     STATUS    NAMES
--- last 50 lines of codacy_run.log ---
Found [[35mMetrics[0m] in [1msrc/core/models/evidence_model.py[0m:
  LOC - 166
Found [[35mMetrics[0m] in [1msrc/legal_compliance/court_evidence_verifier.py[0m:
  LOC - 246
No [[35mMetrics[0m] found in [1msrc/web/app.py[0m.
Found [[35mMetrics[0m] in [1msrc/web/blueprints/evidence_routes.py[0m:
  LOC - 376
Found [[35mMetrics[0m] in [1msrc/mail_parser/models/evidence_model.py[0m:
  LOC - 166
Found [[35mMetrics[0m] in [1msrc/core/services/integrity_service.py[0m:
  LOC - 121
Found [[35mMetrics[0m] in [1msrc/cli/batch_processor.py[0m:
  LOC - 188
Found [[35mMetrics[0m] in [1msrc/core/models/timeline_model.py[0m:
  LOC - 218
Found [[35mMetrics[0m] in [1msrc/docs/__init__.py[0m:
  LOC - 28
Found [[35mMetrics[0m] in [1msrc/services/file_service.py[0m:
  LOC - 295
Found [[35mMetrics[0m] in [1msrc/core/logging_utils.py[0m:
  LOC - 38
Found [[35mMetrics[0m] in [1msrc/mail_parser/models/email_model.py[0m:
  LOC - 129
Found [[35mMetrics[0m] in [1msrc/mail_parser/processor.py[0m:
  LOC - 479
No [[35mMetrics[0m] found in [1msrc/docs/auto_updater.py[0m.
Found [[35mMetrics[0m] in [1msrc/system_tests/core_tests.py[0m:
  LOC - 236
Found [[35mMetrics[0m] in [1msrc/mail_parser/text_utils.py[0m:
  LOC - 107
Found [[35mMetrics[0m] in [1msrc/database/email_db.py[0m:
  LOC - 840
Found [[35mMetrics[0m] in [1msrc/mail_parser/packaging.py[0m:
  LOC - 246
Found [[35mMetrics[0m] in [1msrc/web/blueprints/main_routes.py[0m:
  LOC - 115
Found [[35mMetrics[0m] in [1msrc/core/startup.py[0m:
  LOC - 114
Found [[35mMetrics[0m] in [1msrc/mail_parser/reporter.py[0m:
  LOC - 170
Found [[35mMetrics[0m] in [1msrc/utils/temp_manager.py[0m:
  LOC - 350
Found [[35mMetrics[0m] in [1msrc/utils/email_utils.py[0m:
  LOC - 40
Found [[35mMetrics[0m] in [1msrc/core/job_store.py[0m:
  LOC - 66
Found [[35mMetrics[0m] in [1mstatic/js/common.js[0m:
  LOC - 154
Analysis complete
Codacy analysis finished.
----- 2026-01-23 20:07:05 -----
2026-01-23 19:34:27.583231900 +0900 242274 codacy_run.log
--- docker ps (codacy) ---
CONTAINER ID   IMAGE     STATUS    NAMES
--- last 50 lines of codacy_run.log ---
Found [[35mMetrics[0m] in [1msrc/core/models/evidence_model.py[0m:
  LOC - 166
Found [[35mMetrics[0m] in [1msrc/legal_compliance/court_evidence_verifier.py[0m:
  LOC - 246
No [[35mMetrics[0m] found in [1msrc/web/app.py[0m.
Found [[35mMetrics[0m] in [1msrc/web/blueprints/evidence_routes.py[0m:
  LOC - 376
Found [[35mMetrics[0m] in [1msrc/mail_parser/models/evidence_model.py[0m:
  LOC - 166
Found [[35mMetrics[0m] in [1msrc/core/services/integrity_service.py[0m:
  LOC - 121
Found [[35mMetrics[0m] in [1msrc/cli/batch_processor.py[0m:
  LOC - 188
Found [[35mMetrics[0m] in [1msrc/core/models/timeline_model.py[0m:
  LOC - 218
Found [[35mMetrics[0m] in [1msrc/docs/__init__.py[0m:
  LOC - 28
Found [[35mMetrics[0m] in [1msrc/services/file_service.py[0m:
  LOC - 295
Found [[35mMetrics[0m] in [1msrc/core/logging_utils.py[0m:
  LOC - 38
Found [[35mMetrics[0m] in [1msrc/mail_parser/models/email_model.py[0m:
  LOC - 129
Found [[35mMetrics[0m] in [1msrc/mail_parser/processor.py[0m:
  LOC - 479
No [[35mMetrics[0m] found in [1msrc/docs/auto_updater.py[0m.
Found [[35mMetrics[0m] in [1msrc/system_tests/core_tests.py[0m:
  LOC - 236
Found [[35mMetrics[0m] in [1msrc/mail_parser/text_utils.py[0m:
  LOC - 107
Found [[35mMetrics[0m] in [1msrc/database/email_db.py[0m:
  LOC - 840
Found [[35mMetrics[0m] in [1msrc/mail_parser/packaging.py[0m:
  LOC - 246
Found [[35mMetrics[0m] in [1msrc/web/blueprints/main_routes.py[0m:
  LOC - 115
Found [[35mMetrics[0m] in [1msrc/core/startup.py[0m:
  LOC - 114
Found [[35mMetrics[0m] in [1msrc/mail_parser/reporter.py[0m:
  LOC - 170
Found [[35mMetrics[0m] in [1msrc/utils/temp_manager.py[0m:
  LOC - 350
Found [[35mMetrics[0m] in [1msrc/utils/email_utils.py[0m:
  LOC - 40
Found [[35mMetrics[0m] in [1msrc/core/job_store.py[0m:
  LOC - 66
Found [[35mMetrics[0m] in [1mstatic/js/common.js[0m:
  LOC - 154
Analysis complete
Codacy analysis finished.
----- 2026-01-23 20:08:09 -----
2026-01-23 19:34:27.583231900 +0900 242274 codacy_run.log
--- docker ps (codacy) ---
CONTAINER ID   IMAGE     STATUS    NAMES
--- last 50 lines of codacy_run.log ---
Found [[35mMetrics[0m] in [1msrc/core/models/evidence_model.py[0m:
  LOC - 166
Found [[35mMetrics[0m] in [1msrc/legal_compliance/court_evidence_verifier.py[0m:
  LOC - 246
No [[35mMetrics[0m] found in [1msrc/web/app.py[0m.
Found [[35mMetrics[0m] in [1msrc/web/blueprints/evidence_routes.py[0m:
  LOC - 376
Found [[35mMetrics[0m] in [1msrc/mail_parser/models/evidence_model.py[0m:
  LOC - 166
Found [[35mMetrics[0m] in [1msrc/core/services/integrity_service.py[0m:
  LOC - 121
Found [[35mMetrics[0m] in [1msrc/cli/batch_processor.py[0m:
  LOC - 188
Found [[35mMetrics[0m] in [1msrc/core/models/timeline_model.py[0m:
  LOC - 218
Found [[35mMetrics[0m] in [1msrc/docs/__init__.py[0m:
  LOC - 28
Found [[35mMetrics[0m] in [1msrc/services/file_service.py[0m:
  LOC - 295
Found [[35mMetrics[0m] in [1msrc/core/logging_utils.py[0m:
  LOC - 38
Found [[35mMetrics[0m] in [1msrc/mail_parser/models/email_model.py[0m:
  LOC - 129
Found [[35mMetrics[0m] in [1msrc/mail_parser/processor.py[0m:
  LOC - 479
No [[35mMetrics[0m] found in [1msrc/docs/auto_updater.py[0m.
Found [[35mMetrics[0m] in [1msrc/system_tests/core_tests.py[0m:
  LOC - 236
Found [[35mMetrics[0m] in [1msrc/mail_parser/text_utils.py[0m:
  LOC - 107
Found [[35mMetrics[0m] in [1msrc/database/email_db.py[0m:
  LOC - 840
Found [[35mMetrics[0m] in [1msrc/mail_parser/packaging.py[0m:
  LOC - 246
Found [[35mMetrics[0m] in [1msrc/web/blueprints/main_routes.py[0m:
  LOC - 115
Found [[35mMetrics[0m] in [1msrc/core/startup.py[0m:
  LOC - 114
Found [[35mMetrics[0m] in [1msrc/mail_parser/reporter.py[0m:
  LOC - 170
Found [[35mMetrics[0m] in [1msrc/utils/temp_manager.py[0m:
  LOC - 350
Found [[35mMetrics[0m] in [1msrc/utils/email_utils.py[0m:
  LOC - 40
Found [[35mMetrics[0m] in [1msrc/core/job_store.py[0m:
  LOC - 66
Found [[35mMetrics[0m] in [1mstatic/js/common.js[0m:
  LOC - 154
Analysis complete
Codacy analysis finished.
----- 2026-01-23 20:09:13 -----
2026-01-23 19:34:27.583231900 +0900 242274 codacy_run.log
--- docker ps (codacy) ---
CONTAINER ID   IMAGE     STATUS    NAMES
--- last 50 lines of codacy_run.log ---
Found [[35mMetrics[0m] in [1msrc/core/models/evidence_model.py[0m:
  LOC - 166
Found [[35mMetrics[0m] in [1msrc/legal_compliance/court_evidence_verifier.py[0m:
  LOC - 246
No [[35mMetrics[0m] found in [1msrc/web/app.py[0m.
Found [[35mMetrics[0m] in [1msrc/web/blueprints/evidence_routes.py[0m:
  LOC - 376
Found [[35mMetrics[0m] in [1msrc/mail_parser/models/evidence_model.py[0m:
  LOC - 166
Found [[35mMetrics[0m] in [1msrc/core/services/integrity_service.py[0m:
  LOC - 121
Found [[35mMetrics[0m] in [1msrc/cli/batch_processor.py[0m:
  LOC - 188
Found [[35mMetrics[0m] in [1msrc/core/models/timeline_model.py[0m:
  LOC - 218
Found [[35mMetrics[0m] in [1msrc/docs/__init__.py[0m:
  LOC - 28
Found [[35mMetrics[0m] in [1msrc/services/file_service.py[0m:
  LOC - 295
Found [[35mMetrics[0m] in [1msrc/core/logging_utils.py[0m:
  LOC - 38
Found [[35mMetrics[0m] in [1msrc/mail_parser/models/email_model.py[0m:
  LOC - 129
Found [[35mMetrics[0m] in [1msrc/mail_parser/processor.py[0m:
  LOC - 479
No [[35mMetrics[0m] found in [1msrc/docs/auto_updater.py[0m.
Found [[35mMetrics[0m] in [1msrc/system_tests/core_tests.py[0m:
  LOC - 236
Found [[35mMetrics[0m] in [1msrc/mail_parser/text_utils.py[0m:
  LOC - 107
Found [[35mMetrics[0m] in [1msrc/database/email_db.py[0m:
  LOC - 840
Found [[35mMetrics[0m] in [1msrc/mail_parser/packaging.py[0m:
  LOC - 246
Found [[35mMetrics[0m] in [1msrc/web/blueprints/main_routes.py[0m:
  LOC - 115
Found [[35mMetrics[0m] in [1msrc/core/startup.py[0m:
  LOC - 114
Found [[35mMetrics[0m] in [1msrc/mail_parser/reporter.py[0m:
  LOC - 170
Found [[35mMetrics[0m] in [1msrc/utils/temp_manager.py[0m:
  LOC - 350
Found [[35mMetrics[0m] in [1msrc/utils/email_utils.py[0m:
  LOC - 40
Found [[35mMetrics[0m] in [1msrc/core/job_store.py[0m:
  LOC - 66
Found [[35mMetrics[0m] in [1mstatic/js/common.js[0m:
  LOC - 154
Analysis complete
Codacy analysis finished.
----- 2026-01-23 20:10:16 -----
2026-01-23 19:34:27.583231900 +0900 242274 codacy_run.log
--- docker ps (codacy) ---
CONTAINER ID   IMAGE     STATUS    NAMES
--- last 50 lines of codacy_run.log ---
Found [[35mMetrics[0m] in [1msrc/core/models/evidence_model.py[0m:
  LOC - 166
Found [[35mMetrics[0m] in [1msrc/legal_compliance/court_evidence_verifier.py[0m:
  LOC - 246
No [[35mMetrics[0m] found in [1msrc/web/app.py[0m.
Found [[35mMetrics[0m] in [1msrc/web/blueprints/evidence_routes.py[0m:
  LOC - 376
Found [[35mMetrics[0m] in [1msrc/mail_parser/models/evidence_model.py[0m:
  LOC - 166
Found [[35mMetrics[0m] in [1msrc/core/services/integrity_service.py[0m:
  LOC - 121
Found [[35mMetrics[0m] in [1msrc/cli/batch_processor.py[0m:
  LOC - 188
Found [[35mMetrics[0m] in [1msrc/core/models/timeline_model.py[0m:
  LOC - 218
Found [[35mMetrics[0m] in [1msrc/docs/__init__.py[0m:
  LOC - 28
Found [[35mMetrics[0m] in [1msrc/services/file_service.py[0m:
  LOC - 295
Found [[35mMetrics[0m] in [1msrc/core/logging_utils.py[0m:
  LOC - 38
Found [[35mMetrics[0m] in [1msrc/mail_parser/models/email_model.py[0m:
  LOC - 129
Found [[35mMetrics[0m] in [1msrc/mail_parser/processor.py[0m:
  LOC - 479
No [[35mMetrics[0m] found in [1msrc/docs/auto_updater.py[0m.
Found [[35mMetrics[0m] in [1msrc/system_tests/core_tests.py[0m:
  LOC - 236
Found [[35mMetrics[0m] in [1msrc/mail_parser/text_utils.py[0m:
  LOC - 107
Found [[35mMetrics[0m] in [1msrc/database/email_db.py[0m:
  LOC - 840
Found [[35mMetrics[0m] in [1msrc/mail_parser/packaging.py[0m:
  LOC - 246
Found [[35mMetrics[0m] in [1msrc/web/blueprints/main_routes.py[0m:
  LOC - 115
Found [[35mMetrics[0m] in [1msrc/core/startup.py[0m:
  LOC - 114
Found [[35mMetrics[0m] in [1msrc/mail_parser/reporter.py[0m:
  LOC - 170
Found [[35mMetrics[0m] in [1msrc/utils/temp_manager.py[0m:
  LOC - 350
Found [[35mMetrics[0m] in [1msrc/utils/email_utils.py[0m:
  LOC - 40
Found [[35mMetrics[0m] in [1msrc/core/job_store.py[0m:
  LOC - 66
Found [[35mMetrics[0m] in [1mstatic/js/common.js[0m:
  LOC - 154
Analysis complete
Codacy analysis finished.
----- 2026-01-23 20:11:21 -----
2026-01-23 19:34:27.583231900 +0900 242274 codacy_run.log
--- docker ps (codacy) ---
CONTAINER ID   IMAGE     STATUS    NAMES
--- last 50 lines of codacy_run.log ---
Found [[35mMetrics[0m] in [1msrc/core/models/evidence_model.py[0m:
  LOC - 166
Found [[35mMetrics[0m] in [1msrc/legal_compliance/court_evidence_verifier.py[0m:
  LOC - 246
No [[35mMetrics[0m] found in [1msrc/web/app.py[0m.
Found [[35mMetrics[0m] in [1msrc/web/blueprints/evidence_routes.py[0m:
  LOC - 376
Found [[35mMetrics[0m] in [1msrc/mail_parser/models/evidence_model.py[0m:
  LOC - 166
Found [[35mMetrics[0m] in [1msrc/core/services/integrity_service.py[0m:
  LOC - 121
Found [[35mMetrics[0m] in [1msrc/cli/batch_processor.py[0m:
  LOC - 188
Found [[35mMetrics[0m] in [1msrc/core/models/timeline_model.py[0m:
  LOC - 218
Found [[35mMetrics[0m] in [1msrc/docs/__init__.py[0m:
  LOC - 28
Found [[35mMetrics[0m] in [1msrc/services/file_service.py[0m:
  LOC - 295
Found [[35mMetrics[0m] in [1msrc/core/logging_utils.py[0m:
  LOC - 38
Found [[35mMetrics[0m] in [1msrc/mail_parser/models/email_model.py[0m:
  LOC - 129
Found [[35mMetrics[0m] in [1msrc/mail_parser/processor.py[0m:
  LOC - 479
No [[35mMetrics[0m] found in [1msrc/docs/auto_updater.py[0m.
Found [[35mMetrics[0m] in [1msrc/system_tests/core_tests.py[0m:
  LOC - 236
Found [[35mMetrics[0m] in [1msrc/mail_parser/text_utils.py[0m:
  LOC - 107
Found [[35mMetrics[0m] in [1msrc/database/email_db.py[0m:
  LOC - 840
Found [[35mMetrics[0m] in [1msrc/mail_parser/packaging.py[0m:
  LOC - 246
Found [[35mMetrics[0m] in [1msrc/web/blueprints/main_routes.py[0m:
  LOC - 115
Found [[35mMetrics[0m] in [1msrc/core/startup.py[0m:
  LOC - 114
Found [[35mMetrics[0m] in [1msrc/mail_parser/reporter.py[0m:
  LOC - 170
Found [[35mMetrics[0m] in [1msrc/utils/temp_manager.py[0m:
  LOC - 350
Found [[35mMetrics[0m] in [1msrc/utils/email_utils.py[0m:
  LOC - 40
Found [[35mMetrics[0m] in [1msrc/core/job_store.py[0m:
  LOC - 66
Found [[35mMetrics[0m] in [1mstatic/js/common.js[0m:
  LOC - 154
Analysis complete
Codacy analysis finished.
----- 2026-01-23 20:12:25 -----
2026-01-23 19:34:27.583231900 +0900 242274 codacy_run.log
--- docker ps (codacy) ---
CONTAINER ID   IMAGE     STATUS    NAMES
--- last 50 lines of codacy_run.log ---
Found [[35mMetrics[0m] in [1msrc/core/models/evidence_model.py[0m:
  LOC - 166
Found [[35mMetrics[0m] in [1msrc/legal_compliance/court_evidence_verifier.py[0m:
  LOC - 246
No [[35mMetrics[0m] found in [1msrc/web/app.py[0m.
Found [[35mMetrics[0m] in [1msrc/web/blueprints/evidence_routes.py[0m:
  LOC - 376
Found [[35mMetrics[0m] in [1msrc/mail_parser/models/evidence_model.py[0m:
  LOC - 166
Found [[35mMetrics[0m] in [1msrc/core/services/integrity_service.py[0m:
  LOC - 121
Found [[35mMetrics[0m] in [1msrc/cli/batch_processor.py[0m:
  LOC - 188
Found [[35mMetrics[0m] in [1msrc/core/models/timeline_model.py[0m:
  LOC - 218
Found [[35mMetrics[0m] in [1msrc/docs/__init__.py[0m:
  LOC - 28
Found [[35mMetrics[0m] in [1msrc/services/file_service.py[0m:
  LOC - 295
Found [[35mMetrics[0m] in [1msrc/core/logging_utils.py[0m:
  LOC - 38
Found [[35mMetrics[0m] in [1msrc/mail_parser/models/email_model.py[0m:
  LOC - 129
Found [[35mMetrics[0m] in [1msrc/mail_parser/processor.py[0m:
  LOC - 479
No [[35mMetrics[0m] found in [1msrc/docs/auto_updater.py[0m.
Found [[35mMetrics[0m] in [1msrc/system_tests/core_tests.py[0m:
  LOC - 236
Found [[35mMetrics[0m] in [1msrc/mail_parser/text_utils.py[0m:
  LOC - 107
Found [[35mMetrics[0m] in [1msrc/database/email_db.py[0m:
  LOC - 840
Found [[35mMetrics[0m] in [1msrc/mail_parser/packaging.py[0m:
  LOC - 246
Found [[35mMetrics[0m] in [1msrc/web/blueprints/main_routes.py[0m:
  LOC - 115
Found [[35mMetrics[0m] in [1msrc/core/startup.py[0m:
  LOC - 114
Found [[35mMetrics[0m] in [1msrc/mail_parser/reporter.py[0m:
  LOC - 170
Found [[35mMetrics[0m] in [1msrc/utils/temp_manager.py[0m:
  LOC - 350
Found [[35mMetrics[0m] in [1msrc/utils/email_utils.py[0m:
  LOC - 40
Found [[35mMetrics[0m] in [1msrc/core/job_store.py[0m:
  LOC - 66
Found [[35mMetrics[0m] in [1mstatic/js/common.js[0m:
  LOC - 154
Analysis complete
Codacy analysis finished.
----- 2026-01-23 20:13:29 -----
2026-01-23 19:34:27.583231900 +0900 242274 codacy_run.log
--- docker ps (codacy) ---
CONTAINER ID   IMAGE     STATUS    NAMES
--- last 50 lines of codacy_run.log ---
Found [[35mMetrics[0m] in [1msrc/core/models/evidence_model.py[0m:
  LOC - 166
Found [[35mMetrics[0m] in [1msrc/legal_compliance/court_evidence_verifier.py[0m:
  LOC - 246
No [[35mMetrics[0m] found in [1msrc/web/app.py[0m.
Found [[35mMetrics[0m] in [1msrc/web/blueprints/evidence_routes.py[0m:
  LOC - 376
Found [[35mMetrics[0m] in [1msrc/mail_parser/models/evidence_model.py[0m:
  LOC - 166
Found [[35mMetrics[0m] in [1msrc/core/services/integrity_service.py[0m:
  LOC - 121
Found [[35mMetrics[0m] in [1msrc/cli/batch_processor.py[0m:
  LOC - 188
Found [[35mMetrics[0m] in [1msrc/core/models/timeline_model.py[0m:
  LOC - 218
Found [[35mMetrics[0m] in [1msrc/docs/__init__.py[0m:
  LOC - 28
Found [[35mMetrics[0m] in [1msrc/services/file_service.py[0m:
  LOC - 295
Found [[35mMetrics[0m] in [1msrc/core/logging_utils.py[0m:
  LOC - 38
Found [[35mMetrics[0m] in [1msrc/mail_parser/models/email_model.py[0m:
  LOC - 129
Found [[35mMetrics[0m] in [1msrc/mail_parser/processor.py[0m:
  LOC - 479
No [[35mMetrics[0m] found in [1msrc/docs/auto_updater.py[0m.
Found [[35mMetrics[0m] in [1msrc/system_tests/core_tests.py[0m:
  LOC - 236
Found [[35mMetrics[0m] in [1msrc/mail_parser/text_utils.py[0m:
  LOC - 107
Found [[35mMetrics[0m] in [1msrc/database/email_db.py[0m:
  LOC - 840
Found [[35mMetrics[0m] in [1msrc/mail_parser/packaging.py[0m:
  LOC - 246
Found [[35mMetrics[0m] in [1msrc/web/blueprints/main_routes.py[0m:
  LOC - 115
Found [[35mMetrics[0m] in [1msrc/core/startup.py[0m:
  LOC - 114
Found [[35mMetrics[0m] in [1msrc/mail_parser/reporter.py[0m:
  LOC - 170
Found [[35mMetrics[0m] in [1msrc/utils/temp_manager.py[0m:
  LOC - 350
Found [[35mMetrics[0m] in [1msrc/utils/email_utils.py[0m:
  LOC - 40
Found [[35mMetrics[0m] in [1msrc/core/job_store.py[0m:
  LOC - 66
Found [[35mMetrics[0m] in [1mstatic/js/common.js[0m:
  LOC - 154
Analysis complete
Codacy analysis finished.
----- 2026-01-23 20:14:33 -----
2026-01-23 19:34:27.583231900 +0900 242274 codacy_run.log
--- docker ps (codacy) ---
CONTAINER ID   IMAGE     STATUS    NAMES
--- last 50 lines of codacy_run.log ---
Found [[35mMetrics[0m] in [1msrc/core/models/evidence_model.py[0m:
  LOC - 166
Found [[35mMetrics[0m] in [1msrc/legal_compliance/court_evidence_verifier.py[0m:
  LOC - 246
No [[35mMetrics[0m] found in [1msrc/web/app.py[0m.
Found [[35mMetrics[0m] in [1msrc/web/blueprints/evidence_routes.py[0m:
  LOC - 376
Found [[35mMetrics[0m] in [1msrc/mail_parser/models/evidence_model.py[0m:
  LOC - 166
Found [[35mMetrics[0m] in [1msrc/core/services/integrity_service.py[0m:
  LOC - 121
Found [[35mMetrics[0m] in [1msrc/cli/batch_processor.py[0m:
  LOC - 188
Found [[35mMetrics[0m] in [1msrc/core/models/timeline_model.py[0m:
  LOC - 218
Found [[35mMetrics[0m] in [1msrc/docs/__init__.py[0m:
  LOC - 28
Found [[35mMetrics[0m] in [1msrc/services/file_service.py[0m:
  LOC - 295
Found [[35mMetrics[0m] in [1msrc/core/logging_utils.py[0m:
  LOC - 38
Found [[35mMetrics[0m] in [1msrc/mail_parser/models/email_model.py[0m:
  LOC - 129
Found [[35mMetrics[0m] in [1msrc/mail_parser/processor.py[0m:
  LOC - 479
No [[35mMetrics[0m] found in [1msrc/docs/auto_updater.py[0m.
Found [[35mMetrics[0m] in [1msrc/system_tests/core_tests.py[0m:
  LOC - 236
Found [[35mMetrics[0m] in [1msrc/mail_parser/text_utils.py[0m:
  LOC - 107
Found [[35mMetrics[0m] in [1msrc/database/email_db.py[0m:
  LOC - 840
Found [[35mMetrics[0m] in [1msrc/mail_parser/packaging.py[0m:
  LOC - 246
Found [[35mMetrics[0m] in [1msrc/web/blueprints/main_routes.py[0m:
  LOC - 115
Found [[35mMetrics[0m] in [1msrc/core/startup.py[0m:
  LOC - 114
Found [[35mMetrics[0m] in [1msrc/mail_parser/reporter.py[0m:
  LOC - 170
Found [[35mMetrics[0m] in [1msrc/utils/temp_manager.py[0m:
  LOC - 350
Found [[35mMetrics[0m] in [1msrc/utils/email_utils.py[0m:
  LOC - 40
Found [[35mMetrics[0m] in [1msrc/core/job_store.py[0m:
  LOC - 66
Found [[35mMetrics[0m] in [1mstatic/js/common.js[0m:
  LOC - 154
Analysis complete
Codacy analysis finished.
----- 2026-01-23 20:15:35 -----
2026-01-23 19:34:27.583231900 +0900 242274 codacy_run.log
--- docker ps (codacy) ---
CONTAINER ID   IMAGE     STATUS    NAMES
--- last 50 lines of codacy_run.log ---
Found [[35mMetrics[0m] in [1msrc/core/models/evidence_model.py[0m:
  LOC - 166
Found [[35mMetrics[0m] in [1msrc/legal_compliance/court_evidence_verifier.py[0m:
  LOC - 246
No [[35mMetrics[0m] found in [1msrc/web/app.py[0m.
Found [[35mMetrics[0m] in [1msrc/web/blueprints/evidence_routes.py[0m:
  LOC - 376
Found [[35mMetrics[0m] in [1msrc/mail_parser/models/evidence_model.py[0m:
  LOC - 166
Found [[35mMetrics[0m] in [1msrc/core/services/integrity_service.py[0m:
  LOC - 121
Found [[35mMetrics[0m] in [1msrc/cli/batch_processor.py[0m:
  LOC - 188
Found [[35mMetrics[0m] in [1msrc/core/models/timeline_model.py[0m:
  LOC - 218
Found [[35mMetrics[0m] in [1msrc/docs/__init__.py[0m:
  LOC - 28
Found [[35mMetrics[0m] in [1msrc/services/file_service.py[0m:
  LOC - 295
Found [[35mMetrics[0m] in [1msrc/core/logging_utils.py[0m:
  LOC - 38
Found [[35mMetrics[0m] in [1msrc/mail_parser/models/email_model.py[0m:
  LOC - 129
Found [[35mMetrics[0m] in [1msrc/mail_parser/processor.py[0m:
  LOC - 479
No [[35mMetrics[0m] found in [1msrc/docs/auto_updater.py[0m.
Found [[35mMetrics[0m] in [1msrc/system_tests/core_tests.py[0m:
  LOC - 236
Found [[35mMetrics[0m] in [1msrc/mail_parser/text_utils.py[0m:
  LOC - 107
Found [[35mMetrics[0m] in [1msrc/database/email_db.py[0m:
  LOC - 840
Found [[35mMetrics[0m] in [1msrc/mail_parser/packaging.py[0m:
  LOC - 246
Found [[35mMetrics[0m] in [1msrc/web/blueprints/main_routes.py[0m:
  LOC - 115
Found [[35mMetrics[0m] in [1msrc/core/startup.py[0m:
  LOC - 114
Found [[35mMetrics[0m] in [1msrc/mail_parser/reporter.py[0m:
  LOC - 170
Found [[35mMetrics[0m] in [1msrc/utils/temp_manager.py[0m:
  LOC - 350
Found [[35mMetrics[0m] in [1msrc/utils/email_utils.py[0m:
  LOC - 40
Found [[35mMetrics[0m] in [1msrc/core/job_store.py[0m:
  LOC - 66
Found [[35mMetrics[0m] in [1mstatic/js/common.js[0m:
  LOC - 154
Analysis complete
Codacy analysis finished.
----- 2026-01-23 20:16:40 -----
2026-01-23 19:34:27.583231900 +0900 242274 codacy_run.log
--- docker ps (codacy) ---
CONTAINER ID   IMAGE     STATUS    NAMES
--- last 50 lines of codacy_run.log ---
Found [[35mMetrics[0m] in [1msrc/core/models/evidence_model.py[0m:
  LOC - 166
Found [[35mMetrics[0m] in [1msrc/legal_compliance/court_evidence_verifier.py[0m:
  LOC - 246
No [[35mMetrics[0m] found in [1msrc/web/app.py[0m.
Found [[35mMetrics[0m] in [1msrc/web/blueprints/evidence_routes.py[0m:
  LOC - 376
Found [[35mMetrics[0m] in [1msrc/mail_parser/models/evidence_model.py[0m:
  LOC - 166
Found [[35mMetrics[0m] in [1msrc/core/services/integrity_service.py[0m:
  LOC - 121
Found [[35mMetrics[0m] in [1msrc/cli/batch_processor.py[0m:
  LOC - 188
Found [[35mMetrics[0m] in [1msrc/core/models/timeline_model.py[0m:
  LOC - 218
Found [[35mMetrics[0m] in [1msrc/docs/__init__.py[0m:
  LOC - 28
Found [[35mMetrics[0m] in [1msrc/services/file_service.py[0m:
  LOC - 295
Found [[35mMetrics[0m] in [1msrc/core/logging_utils.py[0m:
  LOC - 38
Found [[35mMetrics[0m] in [1msrc/mail_parser/models/email_model.py[0m:
  LOC - 129
Found [[35mMetrics[0m] in [1msrc/mail_parser/processor.py[0m:
  LOC - 479
No [[35mMetrics[0m] found in [1msrc/docs/auto_updater.py[0m.
Found [[35mMetrics[0m] in [1msrc/system_tests/core_tests.py[0m:
  LOC - 236
Found [[35mMetrics[0m] in [1msrc/mail_parser/text_utils.py[0m:
  LOC - 107
Found [[35mMetrics[0m] in [1msrc/database/email_db.py[0m:
  LOC - 840
Found [[35mMetrics[0m] in [1msrc/mail_parser/packaging.py[0m:
  LOC - 246
Found [[35mMetrics[0m] in [1msrc/web/blueprints/main_routes.py[0m:
  LOC - 115
Found [[35mMetrics[0m] in [1msrc/core/startup.py[0m:
  LOC - 114
Found [[35mMetrics[0m] in [1msrc/mail_parser/reporter.py[0m:
  LOC - 170
Found [[35mMetrics[0m] in [1msrc/utils/temp_manager.py[0m:
  LOC - 350
Found [[35mMetrics[0m] in [1msrc/utils/email_utils.py[0m:
  LOC - 40
Found [[35mMetrics[0m] in [1msrc/core/job_store.py[0m:
  LOC - 66
Found [[35mMetrics[0m] in [1mstatic/js/common.js[0m:
  LOC - 154
Analysis complete
Codacy analysis finished.
----- 2026-01-23 20:17:43 -----
2026-01-23 19:34:27.583231900 +0900 242274 codacy_run.log
--- docker ps (codacy) ---
CONTAINER ID   IMAGE     STATUS    NAMES
--- last 50 lines of codacy_run.log ---
Found [[35mMetrics[0m] in [1msrc/core/models/evidence_model.py[0m:
  LOC - 166
Found [[35mMetrics[0m] in [1msrc/legal_compliance/court_evidence_verifier.py[0m:
  LOC - 246
No [[35mMetrics[0m] found in [1msrc/web/app.py[0m.
Found [[35mMetrics[0m] in [1msrc/web/blueprints/evidence_routes.py[0m:
  LOC - 376
Found [[35mMetrics[0m] in [1msrc/mail_parser/models/evidence_model.py[0m:
  LOC - 166
Found [[35mMetrics[0m] in [1msrc/core/services/integrity_service.py[0m:
  LOC - 121
Found [[35mMetrics[0m] in [1msrc/cli/batch_processor.py[0m:
  LOC - 188
Found [[35mMetrics[0m] in [1msrc/core/models/timeline_model.py[0m:
  LOC - 218
Found [[35mMetrics[0m] in [1msrc/docs/__init__.py[0m:
  LOC - 28
Found [[35mMetrics[0m] in [1msrc/services/file_service.py[0m:
  LOC - 295
Found [[35mMetrics[0m] in [1msrc/core/logging_utils.py[0m:
  LOC - 38
Found [[35mMetrics[0m] in [1msrc/mail_parser/models/email_model.py[0m:
  LOC - 129
Found [[35mMetrics[0m] in [1msrc/mail_parser/processor.py[0m:
  LOC - 479
No [[35mMetrics[0m] found in [1msrc/docs/auto_updater.py[0m.
Found [[35mMetrics[0m] in [1msrc/system_tests/core_tests.py[0m:
  LOC - 236
Found [[35mMetrics[0m] in [1msrc/mail_parser/text_utils.py[0m:
  LOC - 107
Found [[35mMetrics[0m] in [1msrc/database/email_db.py[0m:
  LOC - 840
Found [[35mMetrics[0m] in [1msrc/mail_parser/packaging.py[0m:
  LOC - 246
Found [[35mMetrics[0m] in [1msrc/web/blueprints/main_routes.py[0m:
  LOC - 115
Found [[35mMetrics[0m] in [1msrc/core/startup.py[0m:
  LOC - 114
Found [[35mMetrics[0m] in [1msrc/mail_parser/reporter.py[0m:
  LOC - 170
Found [[35mMetrics[0m] in [1msrc/utils/temp_manager.py[0m:
  LOC - 350
Found [[35mMetrics[0m] in [1msrc/utils/email_utils.py[0m:
  LOC - 40
Found [[35mMetrics[0m] in [1msrc/core/job_store.py[0m:
  LOC - 66
Found [[35mMetrics[0m] in [1mstatic/js/common.js[0m:
  LOC - 154
Analysis complete
Codacy analysis finished.
----- 2026-01-23 20:18:47 -----
2026-01-23 19:34:27.583231900 +0900 242274 codacy_run.log
--- docker ps (codacy) ---
CONTAINER ID   IMAGE     STATUS    NAMES
--- last 50 lines of codacy_run.log ---
Found [[35mMetrics[0m] in [1msrc/core/models/evidence_model.py[0m:
  LOC - 166
Found [[35mMetrics[0m] in [1msrc/legal_compliance/court_evidence_verifier.py[0m:
  LOC - 246
No [[35mMetrics[0m] found in [1msrc/web/app.py[0m.
Found [[35mMetrics[0m] in [1msrc/web/blueprints/evidence_routes.py[0m:
  LOC - 376
Found [[35mMetrics[0m] in [1msrc/mail_parser/models/evidence_model.py[0m:
  LOC - 166
Found [[35mMetrics[0m] in [1msrc/core/services/integrity_service.py[0m:
  LOC - 121
Found [[35mMetrics[0m] in [1msrc/cli/batch_processor.py[0m:
  LOC - 188
Found [[35mMetrics[0m] in [1msrc/core/models/timeline_model.py[0m:
  LOC - 218
Found [[35mMetrics[0m] in [1msrc/docs/__init__.py[0m:
  LOC - 28
Found [[35mMetrics[0m] in [1msrc/services/file_service.py[0m:
  LOC - 295
Found [[35mMetrics[0m] in [1msrc/core/logging_utils.py[0m:
  LOC - 38
Found [[35mMetrics[0m] in [1msrc/mail_parser/models/email_model.py[0m:
  LOC - 129
Found [[35mMetrics[0m] in [1msrc/mail_parser/processor.py[0m:
  LOC - 479
No [[35mMetrics[0m] found in [1msrc/docs/auto_updater.py[0m.
Found [[35mMetrics[0m] in [1msrc/system_tests/core_tests.py[0m:
  LOC - 236
Found [[35mMetrics[0m] in [1msrc/mail_parser/text_utils.py[0m:
  LOC - 107
Found [[35mMetrics[0m] in [1msrc/database/email_db.py[0m:
  LOC - 840
Found [[35mMetrics[0m] in [1msrc/mail_parser/packaging.py[0m:
  LOC - 246
Found [[35mMetrics[0m] in [1msrc/web/blueprints/main_routes.py[0m:
  LOC - 115
Found [[35mMetrics[0m] in [1msrc/core/startup.py[0m:
  LOC - 114
Found [[35mMetrics[0m] in [1msrc/mail_parser/reporter.py[0m:
  LOC - 170
Found [[35mMetrics[0m] in [1msrc/utils/temp_manager.py[0m:
  LOC - 350
Found [[35mMetrics[0m] in [1msrc/utils/email_utils.py[0m:
  LOC - 40
Found [[35mMetrics[0m] in [1msrc/core/job_store.py[0m:
  LOC - 66
Found [[35mMetrics[0m] in [1mstatic/js/common.js[0m:
  LOC - 154
Analysis complete
Codacy analysis finished.
----- 2026-01-23 20:19:51 -----
2026-01-23 19:34:27.583231900 +0900 242274 codacy_run.log
--- docker ps (codacy) ---
CONTAINER ID   IMAGE     STATUS    NAMES
--- last 50 lines of codacy_run.log ---
Found [[35mMetrics[0m] in [1msrc/core/models/evidence_model.py[0m:
  LOC - 166
Found [[35mMetrics[0m] in [1msrc/legal_compliance/court_evidence_verifier.py[0m:
  LOC - 246
No [[35mMetrics[0m] found in [1msrc/web/app.py[0m.
Found [[35mMetrics[0m] in [1msrc/web/blueprints/evidence_routes.py[0m:
  LOC - 376
Found [[35mMetrics[0m] in [1msrc/mail_parser/models/evidence_model.py[0m:
  LOC - 166
Found [[35mMetrics[0m] in [1msrc/core/services/integrity_service.py[0m:
  LOC - 121
Found [[35mMetrics[0m] in [1msrc/cli/batch_processor.py[0m:
  LOC - 188
Found [[35mMetrics[0m] in [1msrc/core/models/timeline_model.py[0m:
  LOC - 218
Found [[35mMetrics[0m] in [1msrc/docs/__init__.py[0m:
  LOC - 28
Found [[35mMetrics[0m] in [1msrc/services/file_service.py[0m:
  LOC - 295
Found [[35mMetrics[0m] in [1msrc/core/logging_utils.py[0m:
  LOC - 38
Found [[35mMetrics[0m] in [1msrc/mail_parser/models/email_model.py[0m:
  LOC - 129
Found [[35mMetrics[0m] in [1msrc/mail_parser/processor.py[0m:
  LOC - 479
No [[35mMetrics[0m] found in [1msrc/docs/auto_updater.py[0m.
Found [[35mMetrics[0m] in [1msrc/system_tests/core_tests.py[0m:
  LOC - 236
Found [[35mMetrics[0m] in [1msrc/mail_parser/text_utils.py[0m:
  LOC - 107
Found [[35mMetrics[0m] in [1msrc/database/email_db.py[0m:
  LOC - 840
Found [[35mMetrics[0m] in [1msrc/mail_parser/packaging.py[0m:
  LOC - 246
Found [[35mMetrics[0m] in [1msrc/web/blueprints/main_routes.py[0m:
  LOC - 115
Found [[35mMetrics[0m] in [1msrc/core/startup.py[0m:
  LOC - 114
Found [[35mMetrics[0m] in [1msrc/mail_parser/reporter.py[0m:
  LOC - 170
Found [[35mMetrics[0m] in [1msrc/utils/temp_manager.py[0m:
  LOC - 350
Found [[35mMetrics[0m] in [1msrc/utils/email_utils.py[0m:
  LOC - 40
Found [[35mMetrics[0m] in [1msrc/core/job_store.py[0m:
  LOC - 66
Found [[35mMetrics[0m] in [1mstatic/js/common.js[0m:
  LOC - 154
Analysis complete
Codacy analysis finished.
----- 2026-01-23 20:20:54 -----
2026-01-23 19:34:27.583231900 +0900 242274 codacy_run.log
--- docker ps (codacy) ---
CONTAINER ID   IMAGE     STATUS    NAMES
--- last 50 lines of codacy_run.log ---
Found [[35mMetrics[0m] in [1msrc/core/models/evidence_model.py[0m:
  LOC - 166
Found [[35mMetrics[0m] in [1msrc/legal_compliance/court_evidence_verifier.py[0m:
  LOC - 246
No [[35mMetrics[0m] found in [1msrc/web/app.py[0m.
Found [[35mMetrics[0m] in [1msrc/web/blueprints/evidence_routes.py[0m:
  LOC - 376
Found [[35mMetrics[0m] in [1msrc/mail_parser/models/evidence_model.py[0m:
  LOC - 166
Found [[35mMetrics[0m] in [1msrc/core/services/integrity_service.py[0m:
  LOC - 121
Found [[35mMetrics[0m] in [1msrc/cli/batch_processor.py[0m:
  LOC - 188
Found [[35mMetrics[0m] in [1msrc/core/models/timeline_model.py[0m:
  LOC - 218
Found [[35mMetrics[0m] in [1msrc/docs/__init__.py[0m:
  LOC - 28
Found [[35mMetrics[0m] in [1msrc/services/file_service.py[0m:
  LOC - 295
Found [[35mMetrics[0m] in [1msrc/core/logging_utils.py[0m:
  LOC - 38
Found [[35mMetrics[0m] in [1msrc/mail_parser/models/email_model.py[0m:
  LOC - 129
Found [[35mMetrics[0m] in [1msrc/mail_parser/processor.py[0m:
  LOC - 479
No [[35mMetrics[0m] found in [1msrc/docs/auto_updater.py[0m.
Found [[35mMetrics[0m] in [1msrc/system_tests/core_tests.py[0m:
  LOC - 236
Found [[35mMetrics[0m] in [1msrc/mail_parser/text_utils.py[0m:
  LOC - 107
Found [[35mMetrics[0m] in [1msrc/database/email_db.py[0m:
  LOC - 840
Found [[35mMetrics[0m] in [1msrc/mail_parser/packaging.py[0m:
  LOC - 246
Found [[35mMetrics[0m] in [1msrc/web/blueprints/main_routes.py[0m:
  LOC - 115
Found [[35mMetrics[0m] in [1msrc/core/startup.py[0m:
  LOC - 114
Found [[35mMetrics[0m] in [1msrc/mail_parser/reporter.py[0m:
  LOC - 170
Found [[35mMetrics[0m] in [1msrc/utils/temp_manager.py[0m:
  LOC - 350
Found [[35mMetrics[0m] in [1msrc/utils/email_utils.py[0m:
  LOC - 40
Found [[35mMetrics[0m] in [1msrc/core/job_store.py[0m:
  LOC - 66
Found [[35mMetrics[0m] in [1mstatic/js/common.js[0m:
  LOC - 154
Analysis complete
Codacy analysis finished.
----- 2026-01-23 20:21:58 -----
2026-01-23 19:34:27.583231900 +0900 242274 codacy_run.log
--- docker ps (codacy) ---
CONTAINER ID   IMAGE     STATUS    NAMES
--- last 50 lines of codacy_run.log ---
Found [[35mMetrics[0m] in [1msrc/core/models/evidence_model.py[0m:
  LOC - 166
Found [[35mMetrics[0m] in [1msrc/legal_compliance/court_evidence_verifier.py[0m:
  LOC - 246
No [[35mMetrics[0m] found in [1msrc/web/app.py[0m.
Found [[35mMetrics[0m] in [1msrc/web/blueprints/evidence_routes.py[0m:
  LOC - 376
Found [[35mMetrics[0m] in [1msrc/mail_parser/models/evidence_model.py[0m:
  LOC - 166
Found [[35mMetrics[0m] in [1msrc/core/services/integrity_service.py[0m:
  LOC - 121
Found [[35mMetrics[0m] in [1msrc/cli/batch_processor.py[0m:
  LOC - 188
Found [[35mMetrics[0m] in [1msrc/core/models/timeline_model.py[0m:
  LOC - 218
Found [[35mMetrics[0m] in [1msrc/docs/__init__.py[0m:
  LOC - 28
Found [[35mMetrics[0m] in [1msrc/services/file_service.py[0m:
  LOC - 295
Found [[35mMetrics[0m] in [1msrc/core/logging_utils.py[0m:
  LOC - 38
Found [[35mMetrics[0m] in [1msrc/mail_parser/models/email_model.py[0m:
  LOC - 129
Found [[35mMetrics[0m] in [1msrc/mail_parser/processor.py[0m:
  LOC - 479
No [[35mMetrics[0m] found in [1msrc/docs/auto_updater.py[0m.
Found [[35mMetrics[0m] in [1msrc/system_tests/core_tests.py[0m:
  LOC - 236
Found [[35mMetrics[0m] in [1msrc/mail_parser/text_utils.py[0m:
  LOC - 107
Found [[35mMetrics[0m] in [1msrc/database/email_db.py[0m:
  LOC - 840
Found [[35mMetrics[0m] in [1msrc/mail_parser/packaging.py[0m:
  LOC - 246
Found [[35mMetrics[0m] in [1msrc/web/blueprints/main_routes.py[0m:
  LOC - 115
Found [[35mMetrics[0m] in [1msrc/core/startup.py[0m:
  LOC - 114
Found [[35mMetrics[0m] in [1msrc/mail_parser/reporter.py[0m:
  LOC - 170
Found [[35mMetrics[0m] in [1msrc/utils/temp_manager.py[0m:
  LOC - 350
Found [[35mMetrics[0m] in [1msrc/utils/email_utils.py[0m:
  LOC - 40
Found [[35mMetrics[0m] in [1msrc/core/job_store.py[0m:
  LOC - 66
Found [[35mMetrics[0m] in [1mstatic/js/common.js[0m:
  LOC - 154
Analysis complete
Codacy analysis finished.
----- 2026-01-23 20:23:00 -----
2026-01-23 19:34:27.583231900 +0900 242274 codacy_run.log
--- docker ps (codacy) ---
CONTAINER ID   IMAGE     STATUS    NAMES
--- last 50 lines of codacy_run.log ---
Found [[35mMetrics[0m] in [1msrc/core/models/evidence_model.py[0m:
  LOC - 166
Found [[35mMetrics[0m] in [1msrc/legal_compliance/court_evidence_verifier.py[0m:
  LOC - 246
No [[35mMetrics[0m] found in [1msrc/web/app.py[0m.
Found [[35mMetrics[0m] in [1msrc/web/blueprints/evidence_routes.py[0m:
  LOC - 376
Found [[35mMetrics[0m] in [1msrc/mail_parser/models/evidence_model.py[0m:
  LOC - 166
Found [[35mMetrics[0m] in [1msrc/core/services/integrity_service.py[0m:
  LOC - 121
Found [[35mMetrics[0m] in [1msrc/cli/batch_processor.py[0m:
  LOC - 188
Found [[35mMetrics[0m] in [1msrc/core/models/timeline_model.py[0m:
  LOC - 218
Found [[35mMetrics[0m] in [1msrc/docs/__init__.py[0m:
  LOC - 28
Found [[35mMetrics[0m] in [1msrc/services/file_service.py[0m:
  LOC - 295
Found [[35mMetrics[0m] in [1msrc/core/logging_utils.py[0m:
  LOC - 38
Found [[35mMetrics[0m] in [1msrc/mail_parser/models/email_model.py[0m:
  LOC - 129
Found [[35mMetrics[0m] in [1msrc/mail_parser/processor.py[0m:
  LOC - 479
No [[35mMetrics[0m] found in [1msrc/docs/auto_updater.py[0m.
Found [[35mMetrics[0m] in [1msrc/system_tests/core_tests.py[0m:
  LOC - 236
Found [[35mMetrics[0m] in [1msrc/mail_parser/text_utils.py[0m:
  LOC - 107
Found [[35mMetrics[0m] in [1msrc/database/email_db.py[0m:
  LOC - 840
Found [[35mMetrics[0m] in [1msrc/mail_parser/packaging.py[0m:
  LOC - 246
Found [[35mMetrics[0m] in [1msrc/web/blueprints/main_routes.py[0m:
  LOC - 115
Found [[35mMetrics[0m] in [1msrc/core/startup.py[0m:
  LOC - 114
Found [[35mMetrics[0m] in [1msrc/mail_parser/reporter.py[0m:
  LOC - 170
Found [[35mMetrics[0m] in [1msrc/utils/temp_manager.py[0m:
  LOC - 350
Found [[35mMetrics[0m] in [1msrc/utils/email_utils.py[0m:
  LOC - 40
Found [[35mMetrics[0m] in [1msrc/core/job_store.py[0m:
  LOC - 66
Found [[35mMetrics[0m] in [1mstatic/js/common.js[0m:
  LOC - 154
Analysis complete
Codacy analysis finished.
----- 2026-01-23 20:24:04 -----
2026-01-23 19:34:27.583231900 +0900 242274 codacy_run.log
--- docker ps (codacy) ---
CONTAINER ID   IMAGE     STATUS    NAMES
--- last 50 lines of codacy_run.log ---
Found [[35mMetrics[0m] in [1msrc/core/models/evidence_model.py[0m:
  LOC - 166
Found [[35mMetrics[0m] in [1msrc/legal_compliance/court_evidence_verifier.py[0m:
  LOC - 246
No [[35mMetrics[0m] found in [1msrc/web/app.py[0m.
Found [[35mMetrics[0m] in [1msrc/web/blueprints/evidence_routes.py[0m:
  LOC - 376
Found [[35mMetrics[0m] in [1msrc/mail_parser/models/evidence_model.py[0m:
  LOC - 166
Found [[35mMetrics[0m] in [1msrc/core/services/integrity_service.py[0m:
  LOC - 121
Found [[35mMetrics[0m] in [1msrc/cli/batch_processor.py[0m:
  LOC - 188
Found [[35mMetrics[0m] in [1msrc/core/models/timeline_model.py[0m:
  LOC - 218
Found [[35mMetrics[0m] in [1msrc/docs/__init__.py[0m:
  LOC - 28
Found [[35mMetrics[0m] in [1msrc/services/file_service.py[0m:
  LOC - 295
Found [[35mMetrics[0m] in [1msrc/core/logging_utils.py[0m:
  LOC - 38
Found [[35mMetrics[0m] in [1msrc/mail_parser/models/email_model.py[0m:
  LOC - 129
Found [[35mMetrics[0m] in [1msrc/mail_parser/processor.py[0m:
  LOC - 479
No [[35mMetrics[0m] found in [1msrc/docs/auto_updater.py[0m.
Found [[35mMetrics[0m] in [1msrc/system_tests/core_tests.py[0m:
  LOC - 236
Found [[35mMetrics[0m] in [1msrc/mail_parser/text_utils.py[0m:
  LOC - 107
Found [[35mMetrics[0m] in [1msrc/database/email_db.py[0m:
  LOC - 840
Found [[35mMetrics[0m] in [1msrc/mail_parser/packaging.py[0m:
  LOC - 246
Found [[35mMetrics[0m] in [1msrc/web/blueprints/main_routes.py[0m:
  LOC - 115
Found [[35mMetrics[0m] in [1msrc/core/startup.py[0m:
  LOC - 114
Found [[35mMetrics[0m] in [1msrc/mail_parser/reporter.py[0m:
  LOC - 170
Found [[35mMetrics[0m] in [1msrc/utils/temp_manager.py[0m:
  LOC - 350
Found [[35mMetrics[0m] in [1msrc/utils/email_utils.py[0m:
  LOC - 40
Found [[35mMetrics[0m] in [1msrc/core/job_store.py[0m:
  LOC - 66
Found [[35mMetrics[0m] in [1mstatic/js/common.js[0m:
  LOC - 154
Analysis complete
Codacy analysis finished.
----- 2026-01-23 20:25:07 -----
2026-01-23 19:34:27.583231900 +0900 242274 codacy_run.log
--- docker ps (codacy) ---
CONTAINER ID   IMAGE     STATUS    NAMES
--- last 50 lines of codacy_run.log ---
Found [[35mMetrics[0m] in [1msrc/core/models/evidence_model.py[0m:
  LOC - 166
Found [[35mMetrics[0m] in [1msrc/legal_compliance/court_evidence_verifier.py[0m:
  LOC - 246
No [[35mMetrics[0m] found in [1msrc/web/app.py[0m.
Found [[35mMetrics[0m] in [1msrc/web/blueprints/evidence_routes.py[0m:
  LOC - 376
Found [[35mMetrics[0m] in [1msrc/mail_parser/models/evidence_model.py[0m:
  LOC - 166
Found [[35mMetrics[0m] in [1msrc/core/services/integrity_service.py[0m:
  LOC - 121
Found [[35mMetrics[0m] in [1msrc/cli/batch_processor.py[0m:
  LOC - 188
Found [[35mMetrics[0m] in [1msrc/core/models/timeline_model.py[0m:
  LOC - 218
Found [[35mMetrics[0m] in [1msrc/docs/__init__.py[0m:
  LOC - 28
Found [[35mMetrics[0m] in [1msrc/services/file_service.py[0m:
  LOC - 295
Found [[35mMetrics[0m] in [1msrc/core/logging_utils.py[0m:
  LOC - 38
Found [[35mMetrics[0m] in [1msrc/mail_parser/models/email_model.py[0m:
  LOC - 129
Found [[35mMetrics[0m] in [1msrc/mail_parser/processor.py[0m:
  LOC - 479
No [[35mMetrics[0m] found in [1msrc/docs/auto_updater.py[0m.
Found [[35mMetrics[0m] in [1msrc/system_tests/core_tests.py[0m:
  LOC - 236
Found [[35mMetrics[0m] in [1msrc/mail_parser/text_utils.py[0m:
  LOC - 107
Found [[35mMetrics[0m] in [1msrc/database/email_db.py[0m:
  LOC - 840
Found [[35mMetrics[0m] in [1msrc/mail_parser/packaging.py[0m:
  LOC - 246
Found [[35mMetrics[0m] in [1msrc/web/blueprints/main_routes.py[0m:
  LOC - 115
Found [[35mMetrics[0m] in [1msrc/core/startup.py[0m:
  LOC - 114
Found [[35mMetrics[0m] in [1msrc/mail_parser/reporter.py[0m:
  LOC - 170
Found [[35mMetrics[0m] in [1msrc/utils/temp_manager.py[0m:
  LOC - 350
Found [[35mMetrics[0m] in [1msrc/utils/email_utils.py[0m:
  LOC - 40
Found [[35mMetrics[0m] in [1msrc/core/job_store.py[0m:
  LOC - 66
Found [[35mMetrics[0m] in [1mstatic/js/common.js[0m:
  LOC - 154
Analysis complete
Codacy analysis finished.
----- 2026-01-23 20:26:11 -----
2026-01-23 19:34:27.583231900 +0900 242274 codacy_run.log
--- docker ps (codacy) ---
CONTAINER ID   IMAGE     STATUS    NAMES
--- last 50 lines of codacy_run.log ---
Found [[35mMetrics[0m] in [1msrc/core/models/evidence_model.py[0m:
  LOC - 166
Found [[35mMetrics[0m] in [1msrc/legal_compliance/court_evidence_verifier.py[0m:
  LOC - 246
No [[35mMetrics[0m] found in [1msrc/web/app.py[0m.
Found [[35mMetrics[0m] in [1msrc/web/blueprints/evidence_routes.py[0m:
  LOC - 376
Found [[35mMetrics[0m] in [1msrc/mail_parser/models/evidence_model.py[0m:
  LOC - 166
Found [[35mMetrics[0m] in [1msrc/core/services/integrity_service.py[0m:
  LOC - 121
Found [[35mMetrics[0m] in [1msrc/cli/batch_processor.py[0m:
  LOC - 188
Found [[35mMetrics[0m] in [1msrc/core/models/timeline_model.py[0m:
  LOC - 218
Found [[35mMetrics[0m] in [1msrc/docs/__init__.py[0m:
  LOC - 28
Found [[35mMetrics[0m] in [1msrc/services/file_service.py[0m:
  LOC - 295
Found [[35mMetrics[0m] in [1msrc/core/logging_utils.py[0m:
  LOC - 38
Found [[35mMetrics[0m] in [1msrc/mail_parser/models/email_model.py[0m:
  LOC - 129
Found [[35mMetrics[0m] in [1msrc/mail_parser/processor.py[0m:
  LOC - 479
No [[35mMetrics[0m] found in [1msrc/docs/auto_updater.py[0m.
Found [[35mMetrics[0m] in [1msrc/system_tests/core_tests.py[0m:
  LOC - 236
Found [[35mMetrics[0m] in [1msrc/mail_parser/text_utils.py[0m:
  LOC - 107
Found [[35mMetrics[0m] in [1msrc/database/email_db.py[0m:
  LOC - 840
Found [[35mMetrics[0m] in [1msrc/mail_parser/packaging.py[0m:
  LOC - 246
Found [[35mMetrics[0m] in [1msrc/web/blueprints/main_routes.py[0m:
  LOC - 115
Found [[35mMetrics[0m] in [1msrc/core/startup.py[0m:
  LOC - 114
Found [[35mMetrics[0m] in [1msrc/mail_parser/reporter.py[0m:
  LOC - 170
Found [[35mMetrics[0m] in [1msrc/utils/temp_manager.py[0m:
  LOC - 350
Found [[35mMetrics[0m] in [1msrc/utils/email_utils.py[0m:
  LOC - 40
Found [[35mMetrics[0m] in [1msrc/core/job_store.py[0m:
  LOC - 66
Found [[35mMetrics[0m] in [1mstatic/js/common.js[0m:
  LOC - 154
Analysis complete
Codacy analysis finished.
----- 2026-01-23 20:27:15 -----
2026-01-23 19:34:27.583231900 +0900 242274 codacy_run.log
--- docker ps (codacy) ---
CONTAINER ID   IMAGE     STATUS    NAMES
--- last 50 lines of codacy_run.log ---
Found [[35mMetrics[0m] in [1msrc/core/models/evidence_model.py[0m:
  LOC - 166
Found [[35mMetrics[0m] in [1msrc/legal_compliance/court_evidence_verifier.py[0m:
  LOC - 246
No [[35mMetrics[0m] found in [1msrc/web/app.py[0m.
Found [[35mMetrics[0m] in [1msrc/web/blueprints/evidence_routes.py[0m:
  LOC - 376
Found [[35mMetrics[0m] in [1msrc/mail_parser/models/evidence_model.py[0m:
  LOC - 166
Found [[35mMetrics[0m] in [1msrc/core/services/integrity_service.py[0m:
  LOC - 121
Found [[35mMetrics[0m] in [1msrc/cli/batch_processor.py[0m:
  LOC - 188
Found [[35mMetrics[0m] in [1msrc/core/models/timeline_model.py[0m:
  LOC - 218
Found [[35mMetrics[0m] in [1msrc/docs/__init__.py[0m:
  LOC - 28
Found [[35mMetrics[0m] in [1msrc/services/file_service.py[0m:
  LOC - 295
Found [[35mMetrics[0m] in [1msrc/core/logging_utils.py[0m:
  LOC - 38
Found [[35mMetrics[0m] in [1msrc/mail_parser/models/email_model.py[0m:
  LOC - 129
Found [[35mMetrics[0m] in [1msrc/mail_parser/processor.py[0m:
  LOC - 479
No [[35mMetrics[0m] found in [1msrc/docs/auto_updater.py[0m.
Found [[35mMetrics[0m] in [1msrc/system_tests/core_tests.py[0m:
  LOC - 236
Found [[35mMetrics[0m] in [1msrc/mail_parser/text_utils.py[0m:
  LOC - 107
Found [[35mMetrics[0m] in [1msrc/database/email_db.py[0m:
  LOC - 840
Found [[35mMetrics[0m] in [1msrc/mail_parser/packaging.py[0m:
  LOC - 246
Found [[35mMetrics[0m] in [1msrc/web/blueprints/main_routes.py[0m:
  LOC - 115
Found [[35mMetrics[0m] in [1msrc/core/startup.py[0m:
  LOC - 114
Found [[35mMetrics[0m] in [1msrc/mail_parser/reporter.py[0m:
  LOC - 170
Found [[35mMetrics[0m] in [1msrc/utils/temp_manager.py[0m:
  LOC - 350
Found [[35mMetrics[0m] in [1msrc/utils/email_utils.py[0m:
  LOC - 40
Found [[35mMetrics[0m] in [1msrc/core/job_store.py[0m:
  LOC - 66
Found [[35mMetrics[0m] in [1mstatic/js/common.js[0m:
  LOC - 154
Analysis complete
Codacy analysis finished.
----- 2026-01-23 20:28:18 -----
2026-01-23 19:34:27.583231900 +0900 242274 codacy_run.log
--- docker ps (codacy) ---
CONTAINER ID   IMAGE     STATUS    NAMES
--- last 50 lines of codacy_run.log ---
Found [[35mMetrics[0m] in [1msrc/core/models/evidence_model.py[0m:
  LOC - 166
Found [[35mMetrics[0m] in [1msrc/legal_compliance/court_evidence_verifier.py[0m:
  LOC - 246
No [[35mMetrics[0m] found in [1msrc/web/app.py[0m.
Found [[35mMetrics[0m] in [1msrc/web/blueprints/evidence_routes.py[0m:
  LOC - 376
Found [[35mMetrics[0m] in [1msrc/mail_parser/models/evidence_model.py[0m:
  LOC - 166
Found [[35mMetrics[0m] in [1msrc/core/services/integrity_service.py[0m:
  LOC - 121
Found [[35mMetrics[0m] in [1msrc/cli/batch_processor.py[0m:
  LOC - 188
Found [[35mMetrics[0m] in [1msrc/core/models/timeline_model.py[0m:
  LOC - 218
Found [[35mMetrics[0m] in [1msrc/docs/__init__.py[0m:
  LOC - 28
Found [[35mMetrics[0m] in [1msrc/services/file_service.py[0m:
  LOC - 295
Found [[35mMetrics[0m] in [1msrc/core/logging_utils.py[0m:
  LOC - 38
Found [[35mMetrics[0m] in [1msrc/mail_parser/models/email_model.py[0m:
  LOC - 129
Found [[35mMetrics[0m] in [1msrc/mail_parser/processor.py[0m:
  LOC - 479
No [[35mMetrics[0m] found in [1msrc/docs/auto_updater.py[0m.
Found [[35mMetrics[0m] in [1msrc/system_tests/core_tests.py[0m:
  LOC - 236
Found [[35mMetrics[0m] in [1msrc/mail_parser/text_utils.py[0m:
  LOC - 107
Found [[35mMetrics[0m] in [1msrc/database/email_db.py[0m:
  LOC - 840
Found [[35mMetrics[0m] in [1msrc/mail_parser/packaging.py[0m:
  LOC - 246
Found [[35mMetrics[0m] in [1msrc/web/blueprints/main_routes.py[0m:
  LOC - 115
Found [[35mMetrics[0m] in [1msrc/core/startup.py[0m:
  LOC - 114
Found [[35mMetrics[0m] in [1msrc/mail_parser/reporter.py[0m:
  LOC - 170
Found [[35mMetrics[0m] in [1msrc/utils/temp_manager.py[0m:
  LOC - 350
Found [[35mMetrics[0m] in [1msrc/utils/email_utils.py[0m:
  LOC - 40
Found [[35mMetrics[0m] in [1msrc/core/job_store.py[0m:
  LOC - 66
Found [[35mMetrics[0m] in [1mstatic/js/common.js[0m:
  LOC - 154
Analysis complete
Codacy analysis finished.
----- 2026-01-23 20:29:22 -----
2026-01-23 19:34:27.583231900 +0900 242274 codacy_run.log
--- docker ps (codacy) ---
CONTAINER ID   IMAGE     STATUS    NAMES
--- last 50 lines of codacy_run.log ---
Found [[35mMetrics[0m] in [1msrc/core/models/evidence_model.py[0m:
  LOC - 166
Found [[35mMetrics[0m] in [1msrc/legal_compliance/court_evidence_verifier.py[0m:
  LOC - 246
No [[35mMetrics[0m] found in [1msrc/web/app.py[0m.
Found [[35mMetrics[0m] in [1msrc/web/blueprints/evidence_routes.py[0m:
  LOC - 376
Found [[35mMetrics[0m] in [1msrc/mail_parser/models/evidence_model.py[0m:
  LOC - 166
Found [[35mMetrics[0m] in [1msrc/core/services/integrity_service.py[0m:
  LOC - 121
Found [[35mMetrics[0m] in [1msrc/cli/batch_processor.py[0m:
  LOC - 188
Found [[35mMetrics[0m] in [1msrc/core/models/timeline_model.py[0m:
  LOC - 218
Found [[35mMetrics[0m] in [1msrc/docs/__init__.py[0m:
  LOC - 28
Found [[35mMetrics[0m] in [1msrc/services/file_service.py[0m:
  LOC - 295
Found [[35mMetrics[0m] in [1msrc/core/logging_utils.py[0m:
  LOC - 38
Found [[35mMetrics[0m] in [1msrc/mail_parser/models/email_model.py[0m:
  LOC - 129
Found [[35mMetrics[0m] in [1msrc/mail_parser/processor.py[0m:
  LOC - 479
No [[35mMetrics[0m] found in [1msrc/docs/auto_updater.py[0m.
Found [[35mMetrics[0m] in [1msrc/system_tests/core_tests.py[0m:
  LOC - 236
Found [[35mMetrics[0m] in [1msrc/mail_parser/text_utils.py[0m:
  LOC - 107
Found [[35mMetrics[0m] in [1msrc/database/email_db.py[0m:
  LOC - 840
Found [[35mMetrics[0m] in [1msrc/mail_parser/packaging.py[0m:
  LOC - 246
Found [[35mMetrics[0m] in [1msrc/web/blueprints/main_routes.py[0m:
  LOC - 115
Found [[35mMetrics[0m] in [1msrc/core/startup.py[0m:
  LOC - 114
Found [[35mMetrics[0m] in [1msrc/mail_parser/reporter.py[0m:
  LOC - 170
Found [[35mMetrics[0m] in [1msrc/utils/temp_manager.py[0m:
  LOC - 350
Found [[35mMetrics[0m] in [1msrc/utils/email_utils.py[0m:
  LOC - 40
Found [[35mMetrics[0m] in [1msrc/core/job_store.py[0m:
  LOC - 66
Found [[35mMetrics[0m] in [1mstatic/js/common.js[0m:
  LOC - 154
Analysis complete
Codacy analysis finished.
----- 2026-01-23 20:30:24 -----
2026-01-23 19:34:27.583231900 +0900 242274 codacy_run.log
--- docker ps (codacy) ---
CONTAINER ID   IMAGE     STATUS    NAMES
--- last 50 lines of codacy_run.log ---
Found [[35mMetrics[0m] in [1msrc/core/models/evidence_model.py[0m:
  LOC - 166
Found [[35mMetrics[0m] in [1msrc/legal_compliance/court_evidence_verifier.py[0m:
  LOC - 246
No [[35mMetrics[0m] found in [1msrc/web/app.py[0m.
Found [[35mMetrics[0m] in [1msrc/web/blueprints/evidence_routes.py[0m:
  LOC - 376
Found [[35mMetrics[0m] in [1msrc/mail_parser/models/evidence_model.py[0m:
  LOC - 166
Found [[35mMetrics[0m] in [1msrc/core/services/integrity_service.py[0m:
  LOC - 121
Found [[35mMetrics[0m] in [1msrc/cli/batch_processor.py[0m:
  LOC - 188
Found [[35mMetrics[0m] in [1msrc/core/models/timeline_model.py[0m:
  LOC - 218
Found [[35mMetrics[0m] in [1msrc/docs/__init__.py[0m:
  LOC - 28
Found [[35mMetrics[0m] in [1msrc/services/file_service.py[0m:
  LOC - 295
Found [[35mMetrics[0m] in [1msrc/core/logging_utils.py[0m:
  LOC - 38
Found [[35mMetrics[0m] in [1msrc/mail_parser/models/email_model.py[0m:
  LOC - 129
Found [[35mMetrics[0m] in [1msrc/mail_parser/processor.py[0m:
  LOC - 479
No [[35mMetrics[0m] found in [1msrc/docs/auto_updater.py[0m.
Found [[35mMetrics[0m] in [1msrc/system_tests/core_tests.py[0m:
  LOC - 236
Found [[35mMetrics[0m] in [1msrc/mail_parser/text_utils.py[0m:
  LOC - 107
Found [[35mMetrics[0m] in [1msrc/database/email_db.py[0m:
  LOC - 840
Found [[35mMetrics[0m] in [1msrc/mail_parser/packaging.py[0m:
  LOC - 246
Found [[35mMetrics[0m] in [1msrc/web/blueprints/main_routes.py[0m:
  LOC - 115
Found [[35mMetrics[0m] in [1msrc/core/startup.py[0m:
  LOC - 114
Found [[35mMetrics[0m] in [1msrc/mail_parser/reporter.py[0m:
  LOC - 170
Found [[35mMetrics[0m] in [1msrc/utils/temp_manager.py[0m:
  LOC - 350
Found [[35mMetrics[0m] in [1msrc/utils/email_utils.py[0m:
  LOC - 40
Found [[35mMetrics[0m] in [1msrc/core/job_store.py[0m:
  LOC - 66
Found [[35mMetrics[0m] in [1mstatic/js/common.js[0m:
  LOC - 154
Analysis complete
Codacy analysis finished.
----- 2026-01-23 20:31:27 -----
2026-01-23 19:34:27.583231900 +0900 242274 codacy_run.log
--- docker ps (codacy) ---
CONTAINER ID   IMAGE     STATUS    NAMES
--- last 50 lines of codacy_run.log ---
Found [[35mMetrics[0m] in [1msrc/core/models/evidence_model.py[0m:
  LOC - 166
Found [[35mMetrics[0m] in [1msrc/legal_compliance/court_evidence_verifier.py[0m:
  LOC - 246
No [[35mMetrics[0m] found in [1msrc/web/app.py[0m.
Found [[35mMetrics[0m] in [1msrc/web/blueprints/evidence_routes.py[0m:
  LOC - 376
Found [[35mMetrics[0m] in [1msrc/mail_parser/models/evidence_model.py[0m:
  LOC - 166
Found [[35mMetrics[0m] in [1msrc/core/services/integrity_service.py[0m:
  LOC - 121
Found [[35mMetrics[0m] in [1msrc/cli/batch_processor.py[0m:
  LOC - 188
Found [[35mMetrics[0m] in [1msrc/core/models/timeline_model.py[0m:
  LOC - 218
Found [[35mMetrics[0m] in [1msrc/docs/__init__.py[0m:
  LOC - 28
Found [[35mMetrics[0m] in [1msrc/services/file_service.py[0m:
  LOC - 295
Found [[35mMetrics[0m] in [1msrc/core/logging_utils.py[0m:
  LOC - 38
Found [[35mMetrics[0m] in [1msrc/mail_parser/models/email_model.py[0m:
  LOC - 129
Found [[35mMetrics[0m] in [1msrc/mail_parser/processor.py[0m:
  LOC - 479
No [[35mMetrics[0m] found in [1msrc/docs/auto_updater.py[0m.
Found [[35mMetrics[0m] in [1msrc/system_tests/core_tests.py[0m:
  LOC - 236
Found [[35mMetrics[0m] in [1msrc/mail_parser/text_utils.py[0m:
  LOC - 107
Found [[35mMetrics[0m] in [1msrc/database/email_db.py[0m:
  LOC - 840
Found [[35mMetrics[0m] in [1msrc/mail_parser/packaging.py[0m:
  LOC - 246
Found [[35mMetrics[0m] in [1msrc/web/blueprints/main_routes.py[0m:
  LOC - 115
Found [[35mMetrics[0m] in [1msrc/core/startup.py[0m:
  LOC - 114
Found [[35mMetrics[0m] in [1msrc/mail_parser/reporter.py[0m:
  LOC - 170
Found [[35mMetrics[0m] in [1msrc/utils/temp_manager.py[0m:
  LOC - 350
Found [[35mMetrics[0m] in [1msrc/utils/email_utils.py[0m:
  LOC - 40
Found [[35mMetrics[0m] in [1msrc/core/job_store.py[0m:
  LOC - 66
Found [[35mMetrics[0m] in [1mstatic/js/common.js[0m:
  LOC - 154
Analysis complete
Codacy analysis finished.
----- 2026-01-23 20:32:31 -----
2026-01-23 19:34:27.583231900 +0900 242274 codacy_run.log
--- docker ps (codacy) ---
CONTAINER ID   IMAGE     STATUS    NAMES
--- last 50 lines of codacy_run.log ---
Found [[35mMetrics[0m] in [1msrc/core/models/evidence_model.py[0m:
  LOC - 166
Found [[35mMetrics[0m] in [1msrc/legal_compliance/court_evidence_verifier.py[0m:
  LOC - 246
No [[35mMetrics[0m] found in [1msrc/web/app.py[0m.
Found [[35mMetrics[0m] in [1msrc/web/blueprints/evidence_routes.py[0m:
  LOC - 376
Found [[35mMetrics[0m] in [1msrc/mail_parser/models/evidence_model.py[0m:
  LOC - 166
Found [[35mMetrics[0m] in [1msrc/core/services/integrity_service.py[0m:
  LOC - 121
Found [[35mMetrics[0m] in [1msrc/cli/batch_processor.py[0m:
  LOC - 188
Found [[35mMetrics[0m] in [1msrc/core/models/timeline_model.py[0m:
  LOC - 218
Found [[35mMetrics[0m] in [1msrc/docs/__init__.py[0m:
  LOC - 28
Found [[35mMetrics[0m] in [1msrc/services/file_service.py[0m:
  LOC - 295
Found [[35mMetrics[0m] in [1msrc/core/logging_utils.py[0m:
  LOC - 38
Found [[35mMetrics[0m] in [1msrc/mail_parser/models/email_model.py[0m:
  LOC - 129
Found [[35mMetrics[0m] in [1msrc/mail_parser/processor.py[0m:
  LOC - 479
No [[35mMetrics[0m] found in [1msrc/docs/auto_updater.py[0m.
Found [[35mMetrics[0m] in [1msrc/system_tests/core_tests.py[0m:
  LOC - 236
Found [[35mMetrics[0m] in [1msrc/mail_parser/text_utils.py[0m:
  LOC - 107
Found [[35mMetrics[0m] in [1msrc/database/email_db.py[0m:
  LOC - 840
Found [[35mMetrics[0m] in [1msrc/mail_parser/packaging.py[0m:
  LOC - 246
Found [[35mMetrics[0m] in [1msrc/web/blueprints/main_routes.py[0m:
  LOC - 115
Found [[35mMetrics[0m] in [1msrc/core/startup.py[0m:
  LOC - 114
Found [[35mMetrics[0m] in [1msrc/mail_parser/reporter.py[0m:
  LOC - 170
Found [[35mMetrics[0m] in [1msrc/utils/temp_manager.py[0m:
  LOC - 350
Found [[35mMetrics[0m] in [1msrc/utils/email_utils.py[0m:
  LOC - 40
Found [[35mMetrics[0m] in [1msrc/core/job_store.py[0m:
  LOC - 66
Found [[35mMetrics[0m] in [1mstatic/js/common.js[0m:
  LOC - 154
Analysis complete
Codacy analysis finished.
----- 2026-01-23 20:33:34 -----
2026-01-23 19:34:27.583231900 +0900 242274 codacy_run.log
--- docker ps (codacy) ---
CONTAINER ID   IMAGE     STATUS    NAMES
--- last 50 lines of codacy_run.log ---
Found [[35mMetrics[0m] in [1msrc/core/models/evidence_model.py[0m:
  LOC - 166
Found [[35mMetrics[0m] in [1msrc/legal_compliance/court_evidence_verifier.py[0m:
  LOC - 246
No [[35mMetrics[0m] found in [1msrc/web/app.py[0m.
Found [[35mMetrics[0m] in [1msrc/web/blueprints/evidence_routes.py[0m:
  LOC - 376
Found [[35mMetrics[0m] in [1msrc/mail_parser/models/evidence_model.py[0m:
  LOC - 166
Found [[35mMetrics[0m] in [1msrc/core/services/integrity_service.py[0m:
  LOC - 121
Found [[35mMetrics[0m] in [1msrc/cli/batch_processor.py[0m:
  LOC - 188
Found [[35mMetrics[0m] in [1msrc/core/models/timeline_model.py[0m:
  LOC - 218
Found [[35mMetrics[0m] in [1msrc/docs/__init__.py[0m:
  LOC - 28
Found [[35mMetrics[0m] in [1msrc/services/file_service.py[0m:
  LOC - 295
Found [[35mMetrics[0m] in [1msrc/core/logging_utils.py[0m:
  LOC - 38
Found [[35mMetrics[0m] in [1msrc/mail_parser/models/email_model.py[0m:
  LOC - 129
Found [[35mMetrics[0m] in [1msrc/mail_parser/processor.py[0m:
  LOC - 479
No [[35mMetrics[0m] found in [1msrc/docs/auto_updater.py[0m.
Found [[35mMetrics[0m] in [1msrc/system_tests/core_tests.py[0m:
  LOC - 236
Found [[35mMetrics[0m] in [1msrc/mail_parser/text_utils.py[0m:
  LOC - 107
Found [[35mMetrics[0m] in [1msrc/database/email_db.py[0m:
  LOC - 840
Found [[35mMetrics[0m] in [1msrc/mail_parser/packaging.py[0m:
  LOC - 246
Found [[35mMetrics[0m] in [1msrc/web/blueprints/main_routes.py[0m:
  LOC - 115
Found [[35mMetrics[0m] in [1msrc/core/startup.py[0m:
  LOC - 114
Found [[35mMetrics[0m] in [1msrc/mail_parser/reporter.py[0m:
  LOC - 170
Found [[35mMetrics[0m] in [1msrc/utils/temp_manager.py[0m:
  LOC - 350
Found [[35mMetrics[0m] in [1msrc/utils/email_utils.py[0m:
  LOC - 40
Found [[35mMetrics[0m] in [1msrc/core/job_store.py[0m:
  LOC - 66
Found [[35mMetrics[0m] in [1mstatic/js/common.js[0m:
  LOC - 154
Analysis complete
Codacy analysis finished.
----- 2026-01-23 20:34:38 -----
2026-01-23 19:34:27.583231900 +0900 242274 codacy_run.log
--- docker ps (codacy) ---
CONTAINER ID   IMAGE     STATUS    NAMES
--- last 50 lines of codacy_run.log ---
Found [[35mMetrics[0m] in [1msrc/core/models/evidence_model.py[0m:
  LOC - 166
Found [[35mMetrics[0m] in [1msrc/legal_compliance/court_evidence_verifier.py[0m:
  LOC - 246
No [[35mMetrics[0m] found in [1msrc/web/app.py[0m.
Found [[35mMetrics[0m] in [1msrc/web/blueprints/evidence_routes.py[0m:
  LOC - 376
Found [[35mMetrics[0m] in [1msrc/mail_parser/models/evidence_model.py[0m:
  LOC - 166
Found [[35mMetrics[0m] in [1msrc/core/services/integrity_service.py[0m:
  LOC - 121
Found [[35mMetrics[0m] in [1msrc/cli/batch_processor.py[0m:
  LOC - 188
Found [[35mMetrics[0m] in [1msrc/core/models/timeline_model.py[0m:
  LOC - 218
Found [[35mMetrics[0m] in [1msrc/docs/__init__.py[0m:
  LOC - 28
Found [[35mMetrics[0m] in [1msrc/services/file_service.py[0m:
  LOC - 295
Found [[35mMetrics[0m] in [1msrc/core/logging_utils.py[0m:
  LOC - 38
Found [[35mMetrics[0m] in [1msrc/mail_parser/models/email_model.py[0m:
  LOC - 129
Found [[35mMetrics[0m] in [1msrc/mail_parser/processor.py[0m:
  LOC - 479
No [[35mMetrics[0m] found in [1msrc/docs/auto_updater.py[0m.
Found [[35mMetrics[0m] in [1msrc/system_tests/core_tests.py[0m:
  LOC - 236
Found [[35mMetrics[0m] in [1msrc/mail_parser/text_utils.py[0m:
  LOC - 107
Found [[35mMetrics[0m] in [1msrc/database/email_db.py[0m:
  LOC - 840
Found [[35mMetrics[0m] in [1msrc/mail_parser/packaging.py[0m:
  LOC - 246
Found [[35mMetrics[0m] in [1msrc/web/blueprints/main_routes.py[0m:
  LOC - 115
Found [[35mMetrics[0m] in [1msrc/core/startup.py[0m:
  LOC - 114
Found [[35mMetrics[0m] in [1msrc/mail_parser/reporter.py[0m:
  LOC - 170
Found [[35mMetrics[0m] in [1msrc/utils/temp_manager.py[0m:
  LOC - 350
Found [[35mMetrics[0m] in [1msrc/utils/email_utils.py[0m:
  LOC - 40
Found [[35mMetrics[0m] in [1msrc/core/job_store.py[0m:
  LOC - 66
Found [[35mMetrics[0m] in [1mstatic/js/common.js[0m:
  LOC - 154
Analysis complete
Codacy analysis finished.
----- 2026-01-23 20:35:41 -----
2026-01-23 19:34:27.583231900 +0900 242274 codacy_run.log
--- docker ps (codacy) ---
CONTAINER ID   IMAGE     STATUS    NAMES
--- last 50 lines of codacy_run.log ---
Found [[35mMetrics[0m] in [1msrc/core/models/evidence_model.py[0m:
  LOC - 166
Found [[35mMetrics[0m] in [1msrc/legal_compliance/court_evidence_verifier.py[0m:
  LOC - 246
No [[35mMetrics[0m] found in [1msrc/web/app.py[0m.
Found [[35mMetrics[0m] in [1msrc/web/blueprints/evidence_routes.py[0m:
  LOC - 376
Found [[35mMetrics[0m] in [1msrc/mail_parser/models/evidence_model.py[0m:
  LOC - 166
Found [[35mMetrics[0m] in [1msrc/core/services/integrity_service.py[0m:
  LOC - 121
Found [[35mMetrics[0m] in [1msrc/cli/batch_processor.py[0m:
  LOC - 188
Found [[35mMetrics[0m] in [1msrc/core/models/timeline_model.py[0m:
  LOC - 218
Found [[35mMetrics[0m] in [1msrc/docs/__init__.py[0m:
  LOC - 28
Found [[35mMetrics[0m] in [1msrc/services/file_service.py[0m:
  LOC - 295
Found [[35mMetrics[0m] in [1msrc/core/logging_utils.py[0m:
  LOC - 38
Found [[35mMetrics[0m] in [1msrc/mail_parser/models/email_model.py[0m:
  LOC - 129
Found [[35mMetrics[0m] in [1msrc/mail_parser/processor.py[0m:
  LOC - 479
No [[35mMetrics[0m] found in [1msrc/docs/auto_updater.py[0m.
Found [[35mMetrics[0m] in [1msrc/system_tests/core_tests.py[0m:
  LOC - 236
Found [[35mMetrics[0m] in [1msrc/mail_parser/text_utils.py[0m:
  LOC - 107
Found [[35mMetrics[0m] in [1msrc/database/email_db.py[0m:
  LOC - 840
Found [[35mMetrics[0m] in [1msrc/mail_parser/packaging.py[0m:
  LOC - 246
Found [[35mMetrics[0m] in [1msrc/web/blueprints/main_routes.py[0m:
  LOC - 115
Found [[35mMetrics[0m] in [1msrc/core/startup.py[0m:
  LOC - 114
Found [[35mMetrics[0m] in [1msrc/mail_parser/reporter.py[0m:
  LOC - 170
Found [[35mMetrics[0m] in [1msrc/utils/temp_manager.py[0m:
  LOC - 350
Found [[35mMetrics[0m] in [1msrc/utils/email_utils.py[0m:
  LOC - 40
Found [[35mMetrics[0m] in [1msrc/core/job_store.py[0m:
  LOC - 66
Found [[35mMetrics[0m] in [1mstatic/js/common.js[0m:
  LOC - 154
Analysis complete
Codacy analysis finished.
----- 2026-01-23 20:36:44 -----
2026-01-23 19:34:27.583231900 +0900 242274 codacy_run.log
--- docker ps (codacy) ---
CONTAINER ID   IMAGE     STATUS    NAMES
--- last 50 lines of codacy_run.log ---
Found [[35mMetrics[0m] in [1msrc/core/models/evidence_model.py[0m:
  LOC - 166
Found [[35mMetrics[0m] in [1msrc/legal_compliance/court_evidence_verifier.py[0m:
  LOC - 246
No [[35mMetrics[0m] found in [1msrc/web/app.py[0m.
Found [[35mMetrics[0m] in [1msrc/web/blueprints/evidence_routes.py[0m:
  LOC - 376
Found [[35mMetrics[0m] in [1msrc/mail_parser/models/evidence_model.py[0m:
  LOC - 166
Found [[35mMetrics[0m] in [1msrc/core/services/integrity_service.py[0m:
  LOC - 121
Found [[35mMetrics[0m] in [1msrc/cli/batch_processor.py[0m:
  LOC - 188
Found [[35mMetrics[0m] in [1msrc/core/models/timeline_model.py[0m:
  LOC - 218
Found [[35mMetrics[0m] in [1msrc/docs/__init__.py[0m:
  LOC - 28
Found [[35mMetrics[0m] in [1msrc/services/file_service.py[0m:
  LOC - 295
Found [[35mMetrics[0m] in [1msrc/core/logging_utils.py[0m:
  LOC - 38
Found [[35mMetrics[0m] in [1msrc/mail_parser/models/email_model.py[0m:
  LOC - 129
Found [[35mMetrics[0m] in [1msrc/mail_parser/processor.py[0m:
  LOC - 479
No [[35mMetrics[0m] found in [1msrc/docs/auto_updater.py[0m.
Found [[35mMetrics[0m] in [1msrc/system_tests/core_tests.py[0m:
  LOC - 236
Found [[35mMetrics[0m] in [1msrc/mail_parser/text_utils.py[0m:
  LOC - 107
Found [[35mMetrics[0m] in [1msrc/database/email_db.py[0m:
  LOC - 840
Found [[35mMetrics[0m] in [1msrc/mail_parser/packaging.py[0m:
  LOC - 246
Found [[35mMetrics[0m] in [1msrc/web/blueprints/main_routes.py[0m:
  LOC - 115
Found [[35mMetrics[0m] in [1msrc/core/startup.py[0m:
  LOC - 114
Found [[35mMetrics[0m] in [1msrc/mail_parser/reporter.py[0m:
  LOC - 170
Found [[35mMetrics[0m] in [1msrc/utils/temp_manager.py[0m:
  LOC - 350
Found [[35mMetrics[0m] in [1msrc/utils/email_utils.py[0m:
  LOC - 40
Found [[35mMetrics[0m] in [1msrc/core/job_store.py[0m:
  LOC - 66
Found [[35mMetrics[0m] in [1mstatic/js/common.js[0m:
  LOC - 154
Analysis complete
Codacy analysis finished.
----- 2026-01-23 20:37:48 -----
2026-01-23 19:34:27.583231900 +0900 242274 codacy_run.log
--- docker ps (codacy) ---
CONTAINER ID   IMAGE     STATUS    NAMES
--- last 50 lines of codacy_run.log ---
Found [[35mMetrics[0m] in [1msrc/core/models/evidence_model.py[0m:
  LOC - 166
Found [[35mMetrics[0m] in [1msrc/legal_compliance/court_evidence_verifier.py[0m:
  LOC - 246
No [[35mMetrics[0m] found in [1msrc/web/app.py[0m.
Found [[35mMetrics[0m] in [1msrc/web/blueprints/evidence_routes.py[0m:
  LOC - 376
Found [[35mMetrics[0m] in [1msrc/mail_parser/models/evidence_model.py[0m:
  LOC - 166
Found [[35mMetrics[0m] in [1msrc/core/services/integrity_service.py[0m:
  LOC - 121
Found [[35mMetrics[0m] in [1msrc/cli/batch_processor.py[0m:
  LOC - 188
Found [[35mMetrics[0m] in [1msrc/core/models/timeline_model.py[0m:
  LOC - 218
Found [[35mMetrics[0m] in [1msrc/docs/__init__.py[0m:
  LOC - 28
Found [[35mMetrics[0m] in [1msrc/services/file_service.py[0m:
  LOC - 295
Found [[35mMetrics[0m] in [1msrc/core/logging_utils.py[0m:
  LOC - 38
Found [[35mMetrics[0m] in [1msrc/mail_parser/models/email_model.py[0m:
  LOC - 129
Found [[35mMetrics[0m] in [1msrc/mail_parser/processor.py[0m:
  LOC - 479
No [[35mMetrics[0m] found in [1msrc/docs/auto_updater.py[0m.
Found [[35mMetrics[0m] in [1msrc/system_tests/core_tests.py[0m:
  LOC - 236
Found [[35mMetrics[0m] in [1msrc/mail_parser/text_utils.py[0m:
  LOC - 107
Found [[35mMetrics[0m] in [1msrc/database/email_db.py[0m:
  LOC - 840
Found [[35mMetrics[0m] in [1msrc/mail_parser/packaging.py[0m:
  LOC - 246
Found [[35mMetrics[0m] in [1msrc/web/blueprints/main_routes.py[0m:
  LOC - 115
Found [[35mMetrics[0m] in [1msrc/core/startup.py[0m:
  LOC - 114
Found [[35mMetrics[0m] in [1msrc/mail_parser/reporter.py[0m:
  LOC - 170
Found [[35mMetrics[0m] in [1msrc/utils/temp_manager.py[0m:
  LOC - 350
Found [[35mMetrics[0m] in [1msrc/utils/email_utils.py[0m:
  LOC - 40
Found [[35mMetrics[0m] in [1msrc/core/job_store.py[0m:
  LOC - 66
Found [[35mMetrics[0m] in [1mstatic/js/common.js[0m:
  LOC - 154
Analysis complete
Codacy analysis finished.
----- 2026-01-23 20:38:49 -----
2026-01-23 19:34:27.583231900 +0900 242274 codacy_run.log
--- docker ps (codacy) ---
CONTAINER ID   IMAGE     STATUS    NAMES
--- last 50 lines of codacy_run.log ---
Found [[35mMetrics[0m] in [1msrc/core/models/evidence_model.py[0m:
  LOC - 166
Found [[35mMetrics[0m] in [1msrc/legal_compliance/court_evidence_verifier.py[0m:
  LOC - 246
No [[35mMetrics[0m] found in [1msrc/web/app.py[0m.
Found [[35mMetrics[0m] in [1msrc/web/blueprints/evidence_routes.py[0m:
  LOC - 376
Found [[35mMetrics[0m] in [1msrc/mail_parser/models/evidence_model.py[0m:
  LOC - 166
Found [[35mMetrics[0m] in [1msrc/core/services/integrity_service.py[0m:
  LOC - 121
Found [[35mMetrics[0m] in [1msrc/cli/batch_processor.py[0m:
  LOC - 188
Found [[35mMetrics[0m] in [1msrc/core/models/timeline_model.py[0m:
  LOC - 218
Found [[35mMetrics[0m] in [1msrc/docs/__init__.py[0m:
  LOC - 28
Found [[35mMetrics[0m] in [1msrc/services/file_service.py[0m:
  LOC - 295
Found [[35mMetrics[0m] in [1msrc/core/logging_utils.py[0m:
  LOC - 38
Found [[35mMetrics[0m] in [1msrc/mail_parser/models/email_model.py[0m:
  LOC - 129
Found [[35mMetrics[0m] in [1msrc/mail_parser/processor.py[0m:
  LOC - 479
No [[35mMetrics[0m] found in [1msrc/docs/auto_updater.py[0m.
Found [[35mMetrics[0m] in [1msrc/system_tests/core_tests.py[0m:
  LOC - 236
Found [[35mMetrics[0m] in [1msrc/mail_parser/text_utils.py[0m:
  LOC - 107
Found [[35mMetrics[0m] in [1msrc/database/email_db.py[0m:
  LOC - 840
Found [[35mMetrics[0m] in [1msrc/mail_parser/packaging.py[0m:
  LOC - 246
Found [[35mMetrics[0m] in [1msrc/web/blueprints/main_routes.py[0m:
  LOC - 115
Found [[35mMetrics[0m] in [1msrc/core/startup.py[0m:
  LOC - 114
Found [[35mMetrics[0m] in [1msrc/mail_parser/reporter.py[0m:
  LOC - 170
Found [[35mMetrics[0m] in [1msrc/utils/temp_manager.py[0m:
  LOC - 350
Found [[35mMetrics[0m] in [1msrc/utils/email_utils.py[0m:
  LOC - 40
Found [[35mMetrics[0m] in [1msrc/core/job_store.py[0m:
  LOC - 66
Found [[35mMetrics[0m] in [1mstatic/js/common.js[0m:
  LOC - 154
Analysis complete
Codacy analysis finished.
----- 2026-01-23 20:39:53 -----
2026-01-23 19:34:27.583231900 +0900 242274 codacy_run.log
--- docker ps (codacy) ---
CONTAINER ID   IMAGE     STATUS    NAMES
--- last 50 lines of codacy_run.log ---
Found [[35mMetrics[0m] in [1msrc/core/models/evidence_model.py[0m:
  LOC - 166
Found [[35mMetrics[0m] in [1msrc/legal_compliance/court_evidence_verifier.py[0m:
  LOC - 246
No [[35mMetrics[0m] found in [1msrc/web/app.py[0m.
Found [[35mMetrics[0m] in [1msrc/web/blueprints/evidence_routes.py[0m:
  LOC - 376
Found [[35mMetrics[0m] in [1msrc/mail_parser/models/evidence_model.py[0m:
  LOC - 166
Found [[35mMetrics[0m] in [1msrc/core/services/integrity_service.py[0m:
  LOC - 121
Found [[35mMetrics[0m] in [1msrc/cli/batch_processor.py[0m:
  LOC - 188
Found [[35mMetrics[0m] in [1msrc/core/models/timeline_model.py[0m:
  LOC - 218
Found [[35mMetrics[0m] in [1msrc/docs/__init__.py[0m:
  LOC - 28
Found [[35mMetrics[0m] in [1msrc/services/file_service.py[0m:
  LOC - 295
Found [[35mMetrics[0m] in [1msrc/core/logging_utils.py[0m:
  LOC - 38
Found [[35mMetrics[0m] in [1msrc/mail_parser/models/email_model.py[0m:
  LOC - 129
Found [[35mMetrics[0m] in [1msrc/mail_parser/processor.py[0m:
  LOC - 479
No [[35mMetrics[0m] found in [1msrc/docs/auto_updater.py[0m.
Found [[35mMetrics[0m] in [1msrc/system_tests/core_tests.py[0m:
  LOC - 236
Found [[35mMetrics[0m] in [1msrc/mail_parser/text_utils.py[0m:
  LOC - 107
Found [[35mMetrics[0m] in [1msrc/database/email_db.py[0m:
  LOC - 840
Found [[35mMetrics[0m] in [1msrc/mail_parser/packaging.py[0m:
  LOC - 246
Found [[35mMetrics[0m] in [1msrc/web/blueprints/main_routes.py[0m:
  LOC - 115
Found [[35mMetrics[0m] in [1msrc/core/startup.py[0m:
  LOC - 114
Found [[35mMetrics[0m] in [1msrc/mail_parser/reporter.py[0m:
  LOC - 170
Found [[35mMetrics[0m] in [1msrc/utils/temp_manager.py[0m:
  LOC - 350
Found [[35mMetrics[0m] in [1msrc/utils/email_utils.py[0m:
  LOC - 40
Found [[35mMetrics[0m] in [1msrc/core/job_store.py[0m:
  LOC - 66
Found [[35mMetrics[0m] in [1mstatic/js/common.js[0m:
  LOC - 154
Analysis complete
Codacy analysis finished.
----- 2026-01-23 20:40:56 -----
2026-01-23 19:34:27.583231900 +0900 242274 codacy_run.log
--- docker ps (codacy) ---
CONTAINER ID   IMAGE     STATUS    NAMES
--- last 50 lines of codacy_run.log ---
Found [[35mMetrics[0m] in [1msrc/core/models/evidence_model.py[0m:
  LOC - 166
Found [[35mMetrics[0m] in [1msrc/legal_compliance/court_evidence_verifier.py[0m:
  LOC - 246
No [[35mMetrics[0m] found in [1msrc/web/app.py[0m.
Found [[35mMetrics[0m] in [1msrc/web/blueprints/evidence_routes.py[0m:
  LOC - 376
Found [[35mMetrics[0m] in [1msrc/mail_parser/models/evidence_model.py[0m:
  LOC - 166
Found [[35mMetrics[0m] in [1msrc/core/services/integrity_service.py[0m:
  LOC - 121
Found [[35mMetrics[0m] in [1msrc/cli/batch_processor.py[0m:
  LOC - 188
Found [[35mMetrics[0m] in [1msrc/core/models/timeline_model.py[0m:
  LOC - 218
Found [[35mMetrics[0m] in [1msrc/docs/__init__.py[0m:
  LOC - 28
Found [[35mMetrics[0m] in [1msrc/services/file_service.py[0m:
  LOC - 295
Found [[35mMetrics[0m] in [1msrc/core/logging_utils.py[0m:
  LOC - 38
Found [[35mMetrics[0m] in [1msrc/mail_parser/models/email_model.py[0m:
  LOC - 129
Found [[35mMetrics[0m] in [1msrc/mail_parser/processor.py[0m:
  LOC - 479
No [[35mMetrics[0m] found in [1msrc/docs/auto_updater.py[0m.
Found [[35mMetrics[0m] in [1msrc/system_tests/core_tests.py[0m:
  LOC - 236
Found [[35mMetrics[0m] in [1msrc/mail_parser/text_utils.py[0m:
  LOC - 107
Found [[35mMetrics[0m] in [1msrc/database/email_db.py[0m:
  LOC - 840
Found [[35mMetrics[0m] in [1msrc/mail_parser/packaging.py[0m:
  LOC - 246
Found [[35mMetrics[0m] in [1msrc/web/blueprints/main_routes.py[0m:
  LOC - 115
Found [[35mMetrics[0m] in [1msrc/core/startup.py[0m:
  LOC - 114
Found [[35mMetrics[0m] in [1msrc/mail_parser/reporter.py[0m:
  LOC - 170
Found [[35mMetrics[0m] in [1msrc/utils/temp_manager.py[0m:
  LOC - 350
Found [[35mMetrics[0m] in [1msrc/utils/email_utils.py[0m:
  LOC - 40
Found [[35mMetrics[0m] in [1msrc/core/job_store.py[0m:
  LOC - 66
Found [[35mMetrics[0m] in [1mstatic/js/common.js[0m:
  LOC - 154
Analysis complete
Codacy analysis finished.
----- 2026-01-23 20:41:59 -----
2026-01-23 19:34:27.583231900 +0900 242274 codacy_run.log
--- docker ps (codacy) ---
CONTAINER ID   IMAGE     STATUS    NAMES
--- last 50 lines of codacy_run.log ---
Found [[35mMetrics[0m] in [1msrc/core/models/evidence_model.py[0m:
  LOC - 166
Found [[35mMetrics[0m] in [1msrc/legal_compliance/court_evidence_verifier.py[0m:
  LOC - 246
No [[35mMetrics[0m] found in [1msrc/web/app.py[0m.
Found [[35mMetrics[0m] in [1msrc/web/blueprints/evidence_routes.py[0m:
  LOC - 376
Found [[35mMetrics[0m] in [1msrc/mail_parser/models/evidence_model.py[0m:
  LOC - 166
Found [[35mMetrics[0m] in [1msrc/core/services/integrity_service.py[0m:
  LOC - 121
Found [[35mMetrics[0m] in [1msrc/cli/batch_processor.py[0m:
  LOC - 188
Found [[35mMetrics[0m] in [1msrc/core/models/timeline_model.py[0m:
  LOC - 218
Found [[35mMetrics[0m] in [1msrc/docs/__init__.py[0m:
  LOC - 28
Found [[35mMetrics[0m] in [1msrc/services/file_service.py[0m:
  LOC - 295
Found [[35mMetrics[0m] in [1msrc/core/logging_utils.py[0m:
  LOC - 38
Found [[35mMetrics[0m] in [1msrc/mail_parser/models/email_model.py[0m:
  LOC - 129
Found [[35mMetrics[0m] in [1msrc/mail_parser/processor.py[0m:
  LOC - 479
No [[35mMetrics[0m] found in [1msrc/docs/auto_updater.py[0m.
Found [[35mMetrics[0m] in [1msrc/system_tests/core_tests.py[0m:
  LOC - 236
Found [[35mMetrics[0m] in [1msrc/mail_parser/text_utils.py[0m:
  LOC - 107
Found [[35mMetrics[0m] in [1msrc/database/email_db.py[0m:
  LOC - 840
Found [[35mMetrics[0m] in [1msrc/mail_parser/packaging.py[0m:
  LOC - 246
Found [[35mMetrics[0m] in [1msrc/web/blueprints/main_routes.py[0m:
  LOC - 115
Found [[35mMetrics[0m] in [1msrc/core/startup.py[0m:
  LOC - 114
Found [[35mMetrics[0m] in [1msrc/mail_parser/reporter.py[0m:
  LOC - 170
Found [[35mMetrics[0m] in [1msrc/utils/temp_manager.py[0m:
  LOC - 350
Found [[35mMetrics[0m] in [1msrc/utils/email_utils.py[0m:
  LOC - 40
Found [[35mMetrics[0m] in [1msrc/core/job_store.py[0m:
  LOC - 66
Found [[35mMetrics[0m] in [1mstatic/js/common.js[0m:
  LOC - 154
Analysis complete
Codacy analysis finished.
----- 2026-01-23 20:43:02 -----
2026-01-23 19:34:27.583231900 +0900 242274 codacy_run.log
--- docker ps (codacy) ---
CONTAINER ID   IMAGE     STATUS    NAMES
--- last 50 lines of codacy_run.log ---
Found [[35mMetrics[0m] in [1msrc/core/models/evidence_model.py[0m:
  LOC - 166
Found [[35mMetrics[0m] in [1msrc/legal_compliance/court_evidence_verifier.py[0m:
  LOC - 246
No [[35mMetrics[0m] found in [1msrc/web/app.py[0m.
Found [[35mMetrics[0m] in [1msrc/web/blueprints/evidence_routes.py[0m:
  LOC - 376
Found [[35mMetrics[0m] in [1msrc/mail_parser/models/evidence_model.py[0m:
  LOC - 166
Found [[35mMetrics[0m] in [1msrc/core/services/integrity_service.py[0m:
  LOC - 121
Found [[35mMetrics[0m] in [1msrc/cli/batch_processor.py[0m:
  LOC - 188
Found [[35mMetrics[0m] in [1msrc/core/models/timeline_model.py[0m:
  LOC - 218
Found [[35mMetrics[0m] in [1msrc/docs/__init__.py[0m:
  LOC - 28
Found [[35mMetrics[0m] in [1msrc/services/file_service.py[0m:
  LOC - 295
Found [[35mMetrics[0m] in [1msrc/core/logging_utils.py[0m:
  LOC - 38
Found [[35mMetrics[0m] in [1msrc/mail_parser/models/email_model.py[0m:
  LOC - 129
Found [[35mMetrics[0m] in [1msrc/mail_parser/processor.py[0m:
  LOC - 479
No [[35mMetrics[0m] found in [1msrc/docs/auto_updater.py[0m.
Found [[35mMetrics[0m] in [1msrc/system_tests/core_tests.py[0m:
  LOC - 236
Found [[35mMetrics[0m] in [1msrc/mail_parser/text_utils.py[0m:
  LOC - 107
Found [[35mMetrics[0m] in [1msrc/database/email_db.py[0m:
  LOC - 840
Found [[35mMetrics[0m] in [1msrc/mail_parser/packaging.py[0m:
  LOC - 246
Found [[35mMetrics[0m] in [1msrc/web/blueprints/main_routes.py[0m:
  LOC - 115
Found [[35mMetrics[0m] in [1msrc/core/startup.py[0m:
  LOC - 114
Found [[35mMetrics[0m] in [1msrc/mail_parser/reporter.py[0m:
  LOC - 170
Found [[35mMetrics[0m] in [1msrc/utils/temp_manager.py[0m:
  LOC - 350
Found [[35mMetrics[0m] in [1msrc/utils/email_utils.py[0m:
  LOC - 40
Found [[35mMetrics[0m] in [1msrc/core/job_store.py[0m:
  LOC - 66
Found [[35mMetrics[0m] in [1mstatic/js/common.js[0m:
  LOC - 154
Analysis complete
Codacy analysis finished.
----- 2026-01-23 20:44:05 -----
2026-01-23 19:34:27.583231900 +0900 242274 codacy_run.log
--- docker ps (codacy) ---
CONTAINER ID   IMAGE     STATUS    NAMES
--- last 50 lines of codacy_run.log ---
Found [[35mMetrics[0m] in [1msrc/core/models/evidence_model.py[0m:
  LOC - 166
Found [[35mMetrics[0m] in [1msrc/legal_compliance/court_evidence_verifier.py[0m:
  LOC - 246
No [[35mMetrics[0m] found in [1msrc/web/app.py[0m.
Found [[35mMetrics[0m] in [1msrc/web/blueprints/evidence_routes.py[0m:
  LOC - 376
Found [[35mMetrics[0m] in [1msrc/mail_parser/models/evidence_model.py[0m:
  LOC - 166
Found [[35mMetrics[0m] in [1msrc/core/services/integrity_service.py[0m:
  LOC - 121
Found [[35mMetrics[0m] in [1msrc/cli/batch_processor.py[0m:
  LOC - 188
Found [[35mMetrics[0m] in [1msrc/core/models/timeline_model.py[0m:
  LOC - 218
Found [[35mMetrics[0m] in [1msrc/docs/__init__.py[0m:
  LOC - 28
Found [[35mMetrics[0m] in [1msrc/services/file_service.py[0m:
  LOC - 295
Found [[35mMetrics[0m] in [1msrc/core/logging_utils.py[0m:
  LOC - 38
Found [[35mMetrics[0m] in [1msrc/mail_parser/models/email_model.py[0m:
  LOC - 129
Found [[35mMetrics[0m] in [1msrc/mail_parser/processor.py[0m:
  LOC - 479
No [[35mMetrics[0m] found in [1msrc/docs/auto_updater.py[0m.
Found [[35mMetrics[0m] in [1msrc/system_tests/core_tests.py[0m:
  LOC - 236
Found [[35mMetrics[0m] in [1msrc/mail_parser/text_utils.py[0m:
  LOC - 107
Found [[35mMetrics[0m] in [1msrc/database/email_db.py[0m:
  LOC - 840
Found [[35mMetrics[0m] in [1msrc/mail_parser/packaging.py[0m:
  LOC - 246
Found [[35mMetrics[0m] in [1msrc/web/blueprints/main_routes.py[0m:
  LOC - 115
Found [[35mMetrics[0m] in [1msrc/core/startup.py[0m:
  LOC - 114
Found [[35mMetrics[0m] in [1msrc/mail_parser/reporter.py[0m:
  LOC - 170
Found [[35mMetrics[0m] in [1msrc/utils/temp_manager.py[0m:
  LOC - 350
Found [[35mMetrics[0m] in [1msrc/utils/email_utils.py[0m:
  LOC - 40
Found [[35mMetrics[0m] in [1msrc/core/job_store.py[0m:
  LOC - 66
Found [[35mMetrics[0m] in [1mstatic/js/common.js[0m:
  LOC - 154
Analysis complete
Codacy analysis finished.
----- 2026-01-23 20:45:08 -----
2026-01-23 19:34:27.583231900 +0900 242274 codacy_run.log
--- docker ps (codacy) ---
CONTAINER ID   IMAGE     STATUS    NAMES
--- last 50 lines of codacy_run.log ---
Found [[35mMetrics[0m] in [1msrc/core/models/evidence_model.py[0m:
  LOC - 166
Found [[35mMetrics[0m] in [1msrc/legal_compliance/court_evidence_verifier.py[0m:
  LOC - 246
No [[35mMetrics[0m] found in [1msrc/web/app.py[0m.
Found [[35mMetrics[0m] in [1msrc/web/blueprints/evidence_routes.py[0m:
  LOC - 376
Found [[35mMetrics[0m] in [1msrc/mail_parser/models/evidence_model.py[0m:
  LOC - 166
Found [[35mMetrics[0m] in [1msrc/core/services/integrity_service.py[0m:
  LOC - 121
Found [[35mMetrics[0m] in [1msrc/cli/batch_processor.py[0m:
  LOC - 188
Found [[35mMetrics[0m] in [1msrc/core/models/timeline_model.py[0m:
  LOC - 218
Found [[35mMetrics[0m] in [1msrc/docs/__init__.py[0m:
  LOC - 28
Found [[35mMetrics[0m] in [1msrc/services/file_service.py[0m:
  LOC - 295
Found [[35mMetrics[0m] in [1msrc/core/logging_utils.py[0m:
  LOC - 38
Found [[35mMetrics[0m] in [1msrc/mail_parser/models/email_model.py[0m:
  LOC - 129
Found [[35mMetrics[0m] in [1msrc/mail_parser/processor.py[0m:
  LOC - 479
No [[35mMetrics[0m] found in [1msrc/docs/auto_updater.py[0m.
Found [[35mMetrics[0m] in [1msrc/system_tests/core_tests.py[0m:
  LOC - 236
Found [[35mMetrics[0m] in [1msrc/mail_parser/text_utils.py[0m:
  LOC - 107
Found [[35mMetrics[0m] in [1msrc/database/email_db.py[0m:
  LOC - 840
Found [[35mMetrics[0m] in [1msrc/mail_parser/packaging.py[0m:
  LOC - 246
Found [[35mMetrics[0m] in [1msrc/web/blueprints/main_routes.py[0m:
  LOC - 115
Found [[35mMetrics[0m] in [1msrc/core/startup.py[0m:
  LOC - 114
Found [[35mMetrics[0m] in [1msrc/mail_parser/reporter.py[0m:
  LOC - 170
Found [[35mMetrics[0m] in [1msrc/utils/temp_manager.py[0m:
  LOC - 350
Found [[35mMetrics[0m] in [1msrc/utils/email_utils.py[0m:
  LOC - 40
Found [[35mMetrics[0m] in [1msrc/core/job_store.py[0m:
  LOC - 66
Found [[35mMetrics[0m] in [1mstatic/js/common.js[0m:
  LOC - 154
Analysis complete
Codacy analysis finished.
----- 2026-01-23 20:46:10 -----
2026-01-23 19:34:27.583231900 +0900 242274 codacy_run.log
--- docker ps (codacy) ---
CONTAINER ID   IMAGE     STATUS    NAMES
--- last 50 lines of codacy_run.log ---
Found [[35mMetrics[0m] in [1msrc/core/models/evidence_model.py[0m:
  LOC - 166
Found [[35mMetrics[0m] in [1msrc/legal_compliance/court_evidence_verifier.py[0m:
  LOC - 246
No [[35mMetrics[0m] found in [1msrc/web/app.py[0m.
Found [[35mMetrics[0m] in [1msrc/web/blueprints/evidence_routes.py[0m:
  LOC - 376
Found [[35mMetrics[0m] in [1msrc/mail_parser/models/evidence_model.py[0m:
  LOC - 166
Found [[35mMetrics[0m] in [1msrc/core/services/integrity_service.py[0m:
  LOC - 121
Found [[35mMetrics[0m] in [1msrc/cli/batch_processor.py[0m:
  LOC - 188
Found [[35mMetrics[0m] in [1msrc/core/models/timeline_model.py[0m:
  LOC - 218
Found [[35mMetrics[0m] in [1msrc/docs/__init__.py[0m:
  LOC - 28
Found [[35mMetrics[0m] in [1msrc/services/file_service.py[0m:
  LOC - 295
Found [[35mMetrics[0m] in [1msrc/core/logging_utils.py[0m:
  LOC - 38
Found [[35mMetrics[0m] in [1msrc/mail_parser/models/email_model.py[0m:
  LOC - 129
Found [[35mMetrics[0m] in [1msrc/mail_parser/processor.py[0m:
  LOC - 479
No [[35mMetrics[0m] found in [1msrc/docs/auto_updater.py[0m.
Found [[35mMetrics[0m] in [1msrc/system_tests/core_tests.py[0m:
  LOC - 236
Found [[35mMetrics[0m] in [1msrc/mail_parser/text_utils.py[0m:
  LOC - 107
Found [[35mMetrics[0m] in [1msrc/database/email_db.py[0m:
  LOC - 840
Found [[35mMetrics[0m] in [1msrc/mail_parser/packaging.py[0m:
  LOC - 246
Found [[35mMetrics[0m] in [1msrc/web/blueprints/main_routes.py[0m:
  LOC - 115
Found [[35mMetrics[0m] in [1msrc/core/startup.py[0m:
  LOC - 114
Found [[35mMetrics[0m] in [1msrc/mail_parser/reporter.py[0m:
  LOC - 170
Found [[35mMetrics[0m] in [1msrc/utils/temp_manager.py[0m:
  LOC - 350
Found [[35mMetrics[0m] in [1msrc/utils/email_utils.py[0m:
  LOC - 40
Found [[35mMetrics[0m] in [1msrc/core/job_store.py[0m:
  LOC - 66
Found [[35mMetrics[0m] in [1mstatic/js/common.js[0m:
  LOC - 154
Analysis complete
Codacy analysis finished.
----- 2026-01-23 20:47:13 -----
2026-01-23 19:34:27.583231900 +0900 242274 codacy_run.log
--- docker ps (codacy) ---
CONTAINER ID   IMAGE     STATUS    NAMES
--- last 50 lines of codacy_run.log ---
Found [[35mMetrics[0m] in [1msrc/core/models/evidence_model.py[0m:
  LOC - 166
Found [[35mMetrics[0m] in [1msrc/legal_compliance/court_evidence_verifier.py[0m:
  LOC - 246
No [[35mMetrics[0m] found in [1msrc/web/app.py[0m.
Found [[35mMetrics[0m] in [1msrc/web/blueprints/evidence_routes.py[0m:
  LOC - 376
Found [[35mMetrics[0m] in [1msrc/mail_parser/models/evidence_model.py[0m:
  LOC - 166
Found [[35mMetrics[0m] in [1msrc/core/services/integrity_service.py[0m:
  LOC - 121
Found [[35mMetrics[0m] in [1msrc/cli/batch_processor.py[0m:
  LOC - 188
Found [[35mMetrics[0m] in [1msrc/core/models/timeline_model.py[0m:
  LOC - 218
Found [[35mMetrics[0m] in [1msrc/docs/__init__.py[0m:
  LOC - 28
Found [[35mMetrics[0m] in [1msrc/services/file_service.py[0m:
  LOC - 295
Found [[35mMetrics[0m] in [1msrc/core/logging_utils.py[0m:
  LOC - 38
Found [[35mMetrics[0m] in [1msrc/mail_parser/models/email_model.py[0m:
  LOC - 129
Found [[35mMetrics[0m] in [1msrc/mail_parser/processor.py[0m:
  LOC - 479
No [[35mMetrics[0m] found in [1msrc/docs/auto_updater.py[0m.
Found [[35mMetrics[0m] in [1msrc/system_tests/core_tests.py[0m:
  LOC - 236
Found [[35mMetrics[0m] in [1msrc/mail_parser/text_utils.py[0m:
  LOC - 107
Found [[35mMetrics[0m] in [1msrc/database/email_db.py[0m:
  LOC - 840
Found [[35mMetrics[0m] in [1msrc/mail_parser/packaging.py[0m:
  LOC - 246
Found [[35mMetrics[0m] in [1msrc/web/blueprints/main_routes.py[0m:
  LOC - 115
Found [[35mMetrics[0m] in [1msrc/core/startup.py[0m:
  LOC - 114
Found [[35mMetrics[0m] in [1msrc/mail_parser/reporter.py[0m:
  LOC - 170
Found [[35mMetrics[0m] in [1msrc/utils/temp_manager.py[0m:
  LOC - 350
Found [[35mMetrics[0m] in [1msrc/utils/email_utils.py[0m:
  LOC - 40
Found [[35mMetrics[0m] in [1msrc/core/job_store.py[0m:
  LOC - 66
Found [[35mMetrics[0m] in [1mstatic/js/common.js[0m:
  LOC - 154
Analysis complete
Codacy analysis finished.
----- 2026-01-23 20:48:16 -----
2026-01-23 19:34:27.583231900 +0900 242274 codacy_run.log
--- docker ps (codacy) ---
CONTAINER ID   IMAGE     STATUS    NAMES
--- last 50 lines of codacy_run.log ---
Found [[35mMetrics[0m] in [1msrc/core/models/evidence_model.py[0m:
  LOC - 166
Found [[35mMetrics[0m] in [1msrc/legal_compliance/court_evidence_verifier.py[0m:
  LOC - 246
No [[35mMetrics[0m] found in [1msrc/web/app.py[0m.
Found [[35mMetrics[0m] in [1msrc/web/blueprints/evidence_routes.py[0m:
  LOC - 376
Found [[35mMetrics[0m] in [1msrc/mail_parser/models/evidence_model.py[0m:
  LOC - 166
Found [[35mMetrics[0m] in [1msrc/core/services/integrity_service.py[0m:
  LOC - 121
Found [[35mMetrics[0m] in [1msrc/cli/batch_processor.py[0m:
  LOC - 188
Found [[35mMetrics[0m] in [1msrc/core/models/timeline_model.py[0m:
  LOC - 218
Found [[35mMetrics[0m] in [1msrc/docs/__init__.py[0m:
  LOC - 28
Found [[35mMetrics[0m] in [1msrc/services/file_service.py[0m:
  LOC - 295
Found [[35mMetrics[0m] in [1msrc/core/logging_utils.py[0m:
  LOC - 38
Found [[35mMetrics[0m] in [1msrc/mail_parser/models/email_model.py[0m:
  LOC - 129
Found [[35mMetrics[0m] in [1msrc/mail_parser/processor.py[0m:
  LOC - 479
No [[35mMetrics[0m] found in [1msrc/docs/auto_updater.py[0m.
Found [[35mMetrics[0m] in [1msrc/system_tests/core_tests.py[0m:
  LOC - 236
Found [[35mMetrics[0m] in [1msrc/mail_parser/text_utils.py[0m:
  LOC - 107
Found [[35mMetrics[0m] in [1msrc/database/email_db.py[0m:
  LOC - 840
Found [[35mMetrics[0m] in [1msrc/mail_parser/packaging.py[0m:
  LOC - 246
Found [[35mMetrics[0m] in [1msrc/web/blueprints/main_routes.py[0m:
  LOC - 115
Found [[35mMetrics[0m] in [1msrc/core/startup.py[0m:
  LOC - 114
Found [[35mMetrics[0m] in [1msrc/mail_parser/reporter.py[0m:
  LOC - 170
Found [[35mMetrics[0m] in [1msrc/utils/temp_manager.py[0m:
  LOC - 350
Found [[35mMetrics[0m] in [1msrc/utils/email_utils.py[0m:
  LOC - 40
Found [[35mMetrics[0m] in [1msrc/core/job_store.py[0m:
  LOC - 66
Found [[35mMetrics[0m] in [1mstatic/js/common.js[0m:
  LOC - 154
Analysis complete
Codacy analysis finished.
----- 2026-01-23 20:49:19 -----
2026-01-23 19:34:27.583231900 +0900 242274 codacy_run.log
--- docker ps (codacy) ---
CONTAINER ID   IMAGE     STATUS    NAMES
--- last 50 lines of codacy_run.log ---
Found [[35mMetrics[0m] in [1msrc/core/models/evidence_model.py[0m:
  LOC - 166
Found [[35mMetrics[0m] in [1msrc/legal_compliance/court_evidence_verifier.py[0m:
  LOC - 246
No [[35mMetrics[0m] found in [1msrc/web/app.py[0m.
Found [[35mMetrics[0m] in [1msrc/web/blueprints/evidence_routes.py[0m:
  LOC - 376
Found [[35mMetrics[0m] in [1msrc/mail_parser/models/evidence_model.py[0m:
  LOC - 166
Found [[35mMetrics[0m] in [1msrc/core/services/integrity_service.py[0m:
  LOC - 121
Found [[35mMetrics[0m] in [1msrc/cli/batch_processor.py[0m:
  LOC - 188
Found [[35mMetrics[0m] in [1msrc/core/models/timeline_model.py[0m:
  LOC - 218
Found [[35mMetrics[0m] in [1msrc/docs/__init__.py[0m:
  LOC - 28
Found [[35mMetrics[0m] in [1msrc/services/file_service.py[0m:
  LOC - 295
Found [[35mMetrics[0m] in [1msrc/core/logging_utils.py[0m:
  LOC - 38
Found [[35mMetrics[0m] in [1msrc/mail_parser/models/email_model.py[0m:
  LOC - 129
Found [[35mMetrics[0m] in [1msrc/mail_parser/processor.py[0m:
  LOC - 479
No [[35mMetrics[0m] found in [1msrc/docs/auto_updater.py[0m.
Found [[35mMetrics[0m] in [1msrc/system_tests/core_tests.py[0m:
  LOC - 236
Found [[35mMetrics[0m] in [1msrc/mail_parser/text_utils.py[0m:
  LOC - 107
Found [[35mMetrics[0m] in [1msrc/database/email_db.py[0m:
  LOC - 840
Found [[35mMetrics[0m] in [1msrc/mail_parser/packaging.py[0m:
  LOC - 246
Found [[35mMetrics[0m] in [1msrc/web/blueprints/main_routes.py[0m:
  LOC - 115
Found [[35mMetrics[0m] in [1msrc/core/startup.py[0m:
  LOC - 114
Found [[35mMetrics[0m] in [1msrc/mail_parser/reporter.py[0m:
  LOC - 170
Found [[35mMetrics[0m] in [1msrc/utils/temp_manager.py[0m:
  LOC - 350
Found [[35mMetrics[0m] in [1msrc/utils/email_utils.py[0m:
  LOC - 40
Found [[35mMetrics[0m] in [1msrc/core/job_store.py[0m:
  LOC - 66
Found [[35mMetrics[0m] in [1mstatic/js/common.js[0m:
  LOC - 154
Analysis complete
Codacy analysis finished.
----- 2026-01-23 20:50:22 -----
2026-01-23 19:34:27.583231900 +0900 242274 codacy_run.log
--- docker ps (codacy) ---
CONTAINER ID   IMAGE     STATUS    NAMES
--- last 50 lines of codacy_run.log ---
Found [[35mMetrics[0m] in [1msrc/core/models/evidence_model.py[0m:
  LOC - 166
Found [[35mMetrics[0m] in [1msrc/legal_compliance/court_evidence_verifier.py[0m:
  LOC - 246
No [[35mMetrics[0m] found in [1msrc/web/app.py[0m.
Found [[35mMetrics[0m] in [1msrc/web/blueprints/evidence_routes.py[0m:
  LOC - 376
Found [[35mMetrics[0m] in [1msrc/mail_parser/models/evidence_model.py[0m:
  LOC - 166
Found [[35mMetrics[0m] in [1msrc/core/services/integrity_service.py[0m:
  LOC - 121
Found [[35mMetrics[0m] in [1msrc/cli/batch_processor.py[0m:
  LOC - 188
Found [[35mMetrics[0m] in [1msrc/core/models/timeline_model.py[0m:
  LOC - 218
Found [[35mMetrics[0m] in [1msrc/docs/__init__.py[0m:
  LOC - 28
Found [[35mMetrics[0m] in [1msrc/services/file_service.py[0m:
  LOC - 295
Found [[35mMetrics[0m] in [1msrc/core/logging_utils.py[0m:
  LOC - 38
Found [[35mMetrics[0m] in [1msrc/mail_parser/models/email_model.py[0m:
  LOC - 129
Found [[35mMetrics[0m] in [1msrc/mail_parser/processor.py[0m:
  LOC - 479
No [[35mMetrics[0m] found in [1msrc/docs/auto_updater.py[0m.
Found [[35mMetrics[0m] in [1msrc/system_tests/core_tests.py[0m:
  LOC - 236
Found [[35mMetrics[0m] in [1msrc/mail_parser/text_utils.py[0m:
  LOC - 107
Found [[35mMetrics[0m] in [1msrc/database/email_db.py[0m:
  LOC - 840
Found [[35mMetrics[0m] in [1msrc/mail_parser/packaging.py[0m:
  LOC - 246
Found [[35mMetrics[0m] in [1msrc/web/blueprints/main_routes.py[0m:
  LOC - 115
Found [[35mMetrics[0m] in [1msrc/core/startup.py[0m:
  LOC - 114
Found [[35mMetrics[0m] in [1msrc/mail_parser/reporter.py[0m:
  LOC - 170
Found [[35mMetrics[0m] in [1msrc/utils/temp_manager.py[0m:
  LOC - 350
Found [[35mMetrics[0m] in [1msrc/utils/email_utils.py[0m:
  LOC - 40
Found [[35mMetrics[0m] in [1msrc/core/job_store.py[0m:
  LOC - 66
Found [[35mMetrics[0m] in [1mstatic/js/common.js[0m:
  LOC - 154
Analysis complete
Codacy analysis finished.
----- 2026-01-23 20:51:25 -----
2026-01-23 19:34:27.583231900 +0900 242274 codacy_run.log
--- docker ps (codacy) ---
CONTAINER ID   IMAGE     STATUS    NAMES
--- last 50 lines of codacy_run.log ---
Found [[35mMetrics[0m] in [1msrc/core/models/evidence_model.py[0m:
  LOC - 166
Found [[35mMetrics[0m] in [1msrc/legal_compliance/court_evidence_verifier.py[0m:
  LOC - 246
No [[35mMetrics[0m] found in [1msrc/web/app.py[0m.
Found [[35mMetrics[0m] in [1msrc/web/blueprints/evidence_routes.py[0m:
  LOC - 376
Found [[35mMetrics[0m] in [1msrc/mail_parser/models/evidence_model.py[0m:
  LOC - 166
Found [[35mMetrics[0m] in [1msrc/core/services/integrity_service.py[0m:
  LOC - 121
Found [[35mMetrics[0m] in [1msrc/cli/batch_processor.py[0m:
  LOC - 188
Found [[35mMetrics[0m] in [1msrc/core/models/timeline_model.py[0m:
  LOC - 218
Found [[35mMetrics[0m] in [1msrc/docs/__init__.py[0m:
  LOC - 28
Found [[35mMetrics[0m] in [1msrc/services/file_service.py[0m:
  LOC - 295
Found [[35mMetrics[0m] in [1msrc/core/logging_utils.py[0m:
  LOC - 38
Found [[35mMetrics[0m] in [1msrc/mail_parser/models/email_model.py[0m:
  LOC - 129
Found [[35mMetrics[0m] in [1msrc/mail_parser/processor.py[0m:
  LOC - 479
No [[35mMetrics[0m] found in [1msrc/docs/auto_updater.py[0m.
Found [[35mMetrics[0m] in [1msrc/system_tests/core_tests.py[0m:
  LOC - 236
Found [[35mMetrics[0m] in [1msrc/mail_parser/text_utils.py[0m:
  LOC - 107
Found [[35mMetrics[0m] in [1msrc/database/email_db.py[0m:
  LOC - 840
Found [[35mMetrics[0m] in [1msrc/mail_parser/packaging.py[0m:
  LOC - 246
Found [[35mMetrics[0m] in [1msrc/web/blueprints/main_routes.py[0m:
  LOC - 115
Found [[35mMetrics[0m] in [1msrc/core/startup.py[0m:
  LOC - 114
Found [[35mMetrics[0m] in [1msrc/mail_parser/reporter.py[0m:
  LOC - 170
Found [[35mMetrics[0m] in [1msrc/utils/temp_manager.py[0m:
  LOC - 350
Found [[35mMetrics[0m] in [1msrc/utils/email_utils.py[0m:
  LOC - 40
Found [[35mMetrics[0m] in [1msrc/core/job_store.py[0m:
  LOC - 66
Found [[35mMetrics[0m] in [1mstatic/js/common.js[0m:
  LOC - 154
Analysis complete
Codacy analysis finished.
----- 2026-01-23 20:52:30 -----
2026-01-23 19:34:27.583231900 +0900 242274 codacy_run.log
--- docker ps (codacy) ---
CONTAINER ID   IMAGE     STATUS    NAMES
--- last 50 lines of codacy_run.log ---
Found [[35mMetrics[0m] in [1msrc/core/models/evidence_model.py[0m:
  LOC - 166
Found [[35mMetrics[0m] in [1msrc/legal_compliance/court_evidence_verifier.py[0m:
  LOC - 246
No [[35mMetrics[0m] found in [1msrc/web/app.py[0m.
Found [[35mMetrics[0m] in [1msrc/web/blueprints/evidence_routes.py[0m:
  LOC - 376
Found [[35mMetrics[0m] in [1msrc/mail_parser/models/evidence_model.py[0m:
  LOC - 166
Found [[35mMetrics[0m] in [1msrc/core/services/integrity_service.py[0m:
  LOC - 121
Found [[35mMetrics[0m] in [1msrc/cli/batch_processor.py[0m:
  LOC - 188
Found [[35mMetrics[0m] in [1msrc/core/models/timeline_model.py[0m:
  LOC - 218
Found [[35mMetrics[0m] in [1msrc/docs/__init__.py[0m:
  LOC - 28
Found [[35mMetrics[0m] in [1msrc/services/file_service.py[0m:
  LOC - 295
Found [[35mMetrics[0m] in [1msrc/core/logging_utils.py[0m:
  LOC - 38
Found [[35mMetrics[0m] in [1msrc/mail_parser/models/email_model.py[0m:
  LOC - 129
Found [[35mMetrics[0m] in [1msrc/mail_parser/processor.py[0m:
  LOC - 479
No [[35mMetrics[0m] found in [1msrc/docs/auto_updater.py[0m.
Found [[35mMetrics[0m] in [1msrc/system_tests/core_tests.py[0m:
  LOC - 236
Found [[35mMetrics[0m] in [1msrc/mail_parser/text_utils.py[0m:
  LOC - 107
Found [[35mMetrics[0m] in [1msrc/database/email_db.py[0m:
  LOC - 840
Found [[35mMetrics[0m] in [1msrc/mail_parser/packaging.py[0m:
  LOC - 246
Found [[35mMetrics[0m] in [1msrc/web/blueprints/main_routes.py[0m:
  LOC - 115
Found [[35mMetrics[0m] in [1msrc/core/startup.py[0m:
  LOC - 114
Found [[35mMetrics[0m] in [1msrc/mail_parser/reporter.py[0m:
  LOC - 170
Found [[35mMetrics[0m] in [1msrc/utils/temp_manager.py[0m:
  LOC - 350
Found [[35mMetrics[0m] in [1msrc/utils/email_utils.py[0m:
  LOC - 40
Found [[35mMetrics[0m] in [1msrc/core/job_store.py[0m:
  LOC - 66
Found [[35mMetrics[0m] in [1mstatic/js/common.js[0m:
  LOC - 154
Analysis complete
Codacy analysis finished.
----- 2026-01-23 20:53:33 -----
2026-01-23 19:34:27.583231900 +0900 242274 codacy_run.log
--- docker ps (codacy) ---
CONTAINER ID   IMAGE     STATUS    NAMES
--- last 50 lines of codacy_run.log ---
Found [[35mMetrics[0m] in [1msrc/core/models/evidence_model.py[0m:
  LOC - 166
Found [[35mMetrics[0m] in [1msrc/legal_compliance/court_evidence_verifier.py[0m:
  LOC - 246
No [[35mMetrics[0m] found in [1msrc/web/app.py[0m.
Found [[35mMetrics[0m] in [1msrc/web/blueprints/evidence_routes.py[0m:
  LOC - 376
Found [[35mMetrics[0m] in [1msrc/mail_parser/models/evidence_model.py[0m:
  LOC - 166
Found [[35mMetrics[0m] in [1msrc/core/services/integrity_service.py[0m:
  LOC - 121
Found [[35mMetrics[0m] in [1msrc/cli/batch_processor.py[0m:
  LOC - 188
Found [[35mMetrics[0m] in [1msrc/core/models/timeline_model.py[0m:
  LOC - 218
Found [[35mMetrics[0m] in [1msrc/docs/__init__.py[0m:
  LOC - 28
Found [[35mMetrics[0m] in [1msrc/services/file_service.py[0m:
  LOC - 295
Found [[35mMetrics[0m] in [1msrc/core/logging_utils.py[0m:
  LOC - 38
Found [[35mMetrics[0m] in [1msrc/mail_parser/models/email_model.py[0m:
  LOC - 129
Found [[35mMetrics[0m] in [1msrc/mail_parser/processor.py[0m:
  LOC - 479
No [[35mMetrics[0m] found in [1msrc/docs/auto_updater.py[0m.
Found [[35mMetrics[0m] in [1msrc/system_tests/core_tests.py[0m:
  LOC - 236
Found [[35mMetrics[0m] in [1msrc/mail_parser/text_utils.py[0m:
  LOC - 107
Found [[35mMetrics[0m] in [1msrc/database/email_db.py[0m:
  LOC - 840
Found [[35mMetrics[0m] in [1msrc/mail_parser/packaging.py[0m:
  LOC - 246
Found [[35mMetrics[0m] in [1msrc/web/blueprints/main_routes.py[0m:
  LOC - 115
Found [[35mMetrics[0m] in [1msrc/core/startup.py[0m:
  LOC - 114
Found [[35mMetrics[0m] in [1msrc/mail_parser/reporter.py[0m:
  LOC - 170
Found [[35mMetrics[0m] in [1msrc/utils/temp_manager.py[0m:
  LOC - 350
Found [[35mMetrics[0m] in [1msrc/utils/email_utils.py[0m:
  LOC - 40
Found [[35mMetrics[0m] in [1msrc/core/job_store.py[0m:
  LOC - 66
Found [[35mMetrics[0m] in [1mstatic/js/common.js[0m:
  LOC - 154
Analysis complete
Codacy analysis finished.
----- 2026-01-23 20:54:35 -----
2026-01-23 19:34:27.583231900 +0900 242274 codacy_run.log
--- docker ps (codacy) ---
CONTAINER ID   IMAGE     STATUS    NAMES
--- last 50 lines of codacy_run.log ---
Found [[35mMetrics[0m] in [1msrc/core/models/evidence_model.py[0m:
  LOC - 166
Found [[35mMetrics[0m] in [1msrc/legal_compliance/court_evidence_verifier.py[0m:
  LOC - 246
No [[35mMetrics[0m] found in [1msrc/web/app.py[0m.
Found [[35mMetrics[0m] in [1msrc/web/blueprints/evidence_routes.py[0m:
  LOC - 376
Found [[35mMetrics[0m] in [1msrc/mail_parser/models/evidence_model.py[0m:
  LOC - 166
Found [[35mMetrics[0m] in [1msrc/core/services/integrity_service.py[0m:
  LOC - 121
Found [[35mMetrics[0m] in [1msrc/cli/batch_processor.py[0m:
  LOC - 188
Found [[35mMetrics[0m] in [1msrc/core/models/timeline_model.py[0m:
  LOC - 218
Found [[35mMetrics[0m] in [1msrc/docs/__init__.py[0m:
  LOC - 28
Found [[35mMetrics[0m] in [1msrc/services/file_service.py[0m:
  LOC - 295
Found [[35mMetrics[0m] in [1msrc/core/logging_utils.py[0m:
  LOC - 38
Found [[35mMetrics[0m] in [1msrc/mail_parser/models/email_model.py[0m:
  LOC - 129
Found [[35mMetrics[0m] in [1msrc/mail_parser/processor.py[0m:
  LOC - 479
No [[35mMetrics[0m] found in [1msrc/docs/auto_updater.py[0m.
Found [[35mMetrics[0m] in [1msrc/system_tests/core_tests.py[0m:
  LOC - 236
Found [[35mMetrics[0m] in [1msrc/mail_parser/text_utils.py[0m:
  LOC - 107
Found [[35mMetrics[0m] in [1msrc/database/email_db.py[0m:
  LOC - 840
Found [[35mMetrics[0m] in [1msrc/mail_parser/packaging.py[0m:
  LOC - 246
Found [[35mMetrics[0m] in [1msrc/web/blueprints/main_routes.py[0m:
  LOC - 115
Found [[35mMetrics[0m] in [1msrc/core/startup.py[0m:
  LOC - 114
Found [[35mMetrics[0m] in [1msrc/mail_parser/reporter.py[0m:
  LOC - 170
Found [[35mMetrics[0m] in [1msrc/utils/temp_manager.py[0m:
  LOC - 350
Found [[35mMetrics[0m] in [1msrc/utils/email_utils.py[0m:
  LOC - 40
Found [[35mMetrics[0m] in [1msrc/core/job_store.py[0m:
  LOC - 66
Found [[35mMetrics[0m] in [1mstatic/js/common.js[0m:
  LOC - 154
Analysis complete
Codacy analysis finished.
----- 2026-01-23 20:55:38 -----
2026-01-23 19:34:27.583231900 +0900 242274 codacy_run.log
--- docker ps (codacy) ---
CONTAINER ID   IMAGE     STATUS    NAMES
--- last 50 lines of codacy_run.log ---
Found [[35mMetrics[0m] in [1msrc/core/models/evidence_model.py[0m:
  LOC - 166
Found [[35mMetrics[0m] in [1msrc/legal_compliance/court_evidence_verifier.py[0m:
  LOC - 246
No [[35mMetrics[0m] found in [1msrc/web/app.py[0m.
Found [[35mMetrics[0m] in [1msrc/web/blueprints/evidence_routes.py[0m:
  LOC - 376
Found [[35mMetrics[0m] in [1msrc/mail_parser/models/evidence_model.py[0m:
  LOC - 166
Found [[35mMetrics[0m] in [1msrc/core/services/integrity_service.py[0m:
  LOC - 121
Found [[35mMetrics[0m] in [1msrc/cli/batch_processor.py[0m:
  LOC - 188
Found [[35mMetrics[0m] in [1msrc/core/models/timeline_model.py[0m:
  LOC - 218
Found [[35mMetrics[0m] in [1msrc/docs/__init__.py[0m:
  LOC - 28
Found [[35mMetrics[0m] in [1msrc/services/file_service.py[0m:
  LOC - 295
Found [[35mMetrics[0m] in [1msrc/core/logging_utils.py[0m:
  LOC - 38
Found [[35mMetrics[0m] in [1msrc/mail_parser/models/email_model.py[0m:
  LOC - 129
Found [[35mMetrics[0m] in [1msrc/mail_parser/processor.py[0m:
  LOC - 479
No [[35mMetrics[0m] found in [1msrc/docs/auto_updater.py[0m.
Found [[35mMetrics[0m] in [1msrc/system_tests/core_tests.py[0m:
  LOC - 236
Found [[35mMetrics[0m] in [1msrc/mail_parser/text_utils.py[0m:
  LOC - 107
Found [[35mMetrics[0m] in [1msrc/database/email_db.py[0m:
  LOC - 840
Found [[35mMetrics[0m] in [1msrc/mail_parser/packaging.py[0m:
  LOC - 246
Found [[35mMetrics[0m] in [1msrc/web/blueprints/main_routes.py[0m:
  LOC - 115
Found [[35mMetrics[0m] in [1msrc/core/startup.py[0m:
  LOC - 114
Found [[35mMetrics[0m] in [1msrc/mail_parser/reporter.py[0m:
  LOC - 170
Found [[35mMetrics[0m] in [1msrc/utils/temp_manager.py[0m:
  LOC - 350
Found [[35mMetrics[0m] in [1msrc/utils/email_utils.py[0m:
  LOC - 40
Found [[35mMetrics[0m] in [1msrc/core/job_store.py[0m:
  LOC - 66
Found [[35mMetrics[0m] in [1mstatic/js/common.js[0m:
  LOC - 154
Analysis complete
Codacy analysis finished.
----- 2026-01-23 20:56:40 -----
2026-01-23 19:34:27.583231900 +0900 242274 codacy_run.log
--- docker ps (codacy) ---
CONTAINER ID   IMAGE     STATUS    NAMES
--- last 50 lines of codacy_run.log ---
Found [[35mMetrics[0m] in [1msrc/core/models/evidence_model.py[0m:
  LOC - 166
Found [[35mMetrics[0m] in [1msrc/legal_compliance/court_evidence_verifier.py[0m:
  LOC - 246
No [[35mMetrics[0m] found in [1msrc/web/app.py[0m.
Found [[35mMetrics[0m] in [1msrc/web/blueprints/evidence_routes.py[0m:
  LOC - 376
Found [[35mMetrics[0m] in [1msrc/mail_parser/models/evidence_model.py[0m:
  LOC - 166
Found [[35mMetrics[0m] in [1msrc/core/services/integrity_service.py[0m:
  LOC - 121
Found [[35mMetrics[0m] in [1msrc/cli/batch_processor.py[0m:
  LOC - 188
Found [[35mMetrics[0m] in [1msrc/core/models/timeline_model.py[0m:
  LOC - 218
Found [[35mMetrics[0m] in [1msrc/docs/__init__.py[0m:
  LOC - 28
Found [[35mMetrics[0m] in [1msrc/services/file_service.py[0m:
  LOC - 295
Found [[35mMetrics[0m] in [1msrc/core/logging_utils.py[0m:
  LOC - 38
Found [[35mMetrics[0m] in [1msrc/mail_parser/models/email_model.py[0m:
  LOC - 129
Found [[35mMetrics[0m] in [1msrc/mail_parser/processor.py[0m:
  LOC - 479
No [[35mMetrics[0m] found in [1msrc/docs/auto_updater.py[0m.
Found [[35mMetrics[0m] in [1msrc/system_tests/core_tests.py[0m:
  LOC - 236
Found [[35mMetrics[0m] in [1msrc/mail_parser/text_utils.py[0m:
  LOC - 107
Found [[35mMetrics[0m] in [1msrc/database/email_db.py[0m:
  LOC - 840
Found [[35mMetrics[0m] in [1msrc/mail_parser/packaging.py[0m:
  LOC - 246
Found [[35mMetrics[0m] in [1msrc/web/blueprints/main_routes.py[0m:
  LOC - 115
Found [[35mMetrics[0m] in [1msrc/core/startup.py[0m:
  LOC - 114
Found [[35mMetrics[0m] in [1msrc/mail_parser/reporter.py[0m:
  LOC - 170
Found [[35mMetrics[0m] in [1msrc/utils/temp_manager.py[0m:
  LOC - 350
Found [[35mMetrics[0m] in [1msrc/utils/email_utils.py[0m:
  LOC - 40
Found [[35mMetrics[0m] in [1msrc/core/job_store.py[0m:
  LOC - 66
Found [[35mMetrics[0m] in [1mstatic/js/common.js[0m:
  LOC - 154
Analysis complete
Codacy analysis finished.
----- 2026-01-23 20:57:43 -----
2026-01-23 19:34:27.583231900 +0900 242274 codacy_run.log
--- docker ps (codacy) ---
CONTAINER ID   IMAGE     STATUS    NAMES
--- last 50 lines of codacy_run.log ---
Found [[35mMetrics[0m] in [1msrc/core/models/evidence_model.py[0m:
  LOC - 166
Found [[35mMetrics[0m] in [1msrc/legal_compliance/court_evidence_verifier.py[0m:
  LOC - 246
No [[35mMetrics[0m] found in [1msrc/web/app.py[0m.
Found [[35mMetrics[0m] in [1msrc/web/blueprints/evidence_routes.py[0m:
  LOC - 376
Found [[35mMetrics[0m] in [1msrc/mail_parser/models/evidence_model.py[0m:
  LOC - 166
Found [[35mMetrics[0m] in [1msrc/core/services/integrity_service.py[0m:
  LOC - 121
Found [[35mMetrics[0m] in [1msrc/cli/batch_processor.py[0m:
  LOC - 188
Found [[35mMetrics[0m] in [1msrc/core/models/timeline_model.py[0m:
  LOC - 218
Found [[35mMetrics[0m] in [1msrc/docs/__init__.py[0m:
  LOC - 28
Found [[35mMetrics[0m] in [1msrc/services/file_service.py[0m:
  LOC - 295
Found [[35mMetrics[0m] in [1msrc/core/logging_utils.py[0m:
  LOC - 38
Found [[35mMetrics[0m] in [1msrc/mail_parser/models/email_model.py[0m:
  LOC - 129
Found [[35mMetrics[0m] in [1msrc/mail_parser/processor.py[0m:
  LOC - 479
No [[35mMetrics[0m] found in [1msrc/docs/auto_updater.py[0m.
Found [[35mMetrics[0m] in [1msrc/system_tests/core_tests.py[0m:
  LOC - 236
Found [[35mMetrics[0m] in [1msrc/mail_parser/text_utils.py[0m:
  LOC - 107
Found [[35mMetrics[0m] in [1msrc/database/email_db.py[0m:
  LOC - 840
Found [[35mMetrics[0m] in [1msrc/mail_parser/packaging.py[0m:
  LOC - 246
Found [[35mMetrics[0m] in [1msrc/web/blueprints/main_routes.py[0m:
  LOC - 115
Found [[35mMetrics[0m] in [1msrc/core/startup.py[0m:
  LOC - 114
Found [[35mMetrics[0m] in [1msrc/mail_parser/reporter.py[0m:
  LOC - 170
Found [[35mMetrics[0m] in [1msrc/utils/temp_manager.py[0m:
  LOC - 350
Found [[35mMetrics[0m] in [1msrc/utils/email_utils.py[0m:
  LOC - 40
Found [[35mMetrics[0m] in [1msrc/core/job_store.py[0m:
  LOC - 66
Found [[35mMetrics[0m] in [1mstatic/js/common.js[0m:
  LOC - 154
Analysis complete
Codacy analysis finished.
----- 2026-01-23 20:58:46 -----
2026-01-23 19:34:27.583231900 +0900 242274 codacy_run.log
--- docker ps (codacy) ---
CONTAINER ID   IMAGE     STATUS    NAMES
--- last 50 lines of codacy_run.log ---
Found [[35mMetrics[0m] in [1msrc/core/models/evidence_model.py[0m:
  LOC - 166
Found [[35mMetrics[0m] in [1msrc/legal_compliance/court_evidence_verifier.py[0m:
  LOC - 246
No [[35mMetrics[0m] found in [1msrc/web/app.py[0m.
Found [[35mMetrics[0m] in [1msrc/web/blueprints/evidence_routes.py[0m:
  LOC - 376
Found [[35mMetrics[0m] in [1msrc/mail_parser/models/evidence_model.py[0m:
  LOC - 166
Found [[35mMetrics[0m] in [1msrc/core/services/integrity_service.py[0m:
  LOC - 121
Found [[35mMetrics[0m] in [1msrc/cli/batch_processor.py[0m:
  LOC - 188
Found [[35mMetrics[0m] in [1msrc/core/models/timeline_model.py[0m:
  LOC - 218
Found [[35mMetrics[0m] in [1msrc/docs/__init__.py[0m:
  LOC - 28
Found [[35mMetrics[0m] in [1msrc/services/file_service.py[0m:
  LOC - 295
Found [[35mMetrics[0m] in [1msrc/core/logging_utils.py[0m:
  LOC - 38
Found [[35mMetrics[0m] in [1msrc/mail_parser/models/email_model.py[0m:
  LOC - 129
Found [[35mMetrics[0m] in [1msrc/mail_parser/processor.py[0m:
  LOC - 479
No [[35mMetrics[0m] found in [1msrc/docs/auto_updater.py[0m.
Found [[35mMetrics[0m] in [1msrc/system_tests/core_tests.py[0m:
  LOC - 236
Found [[35mMetrics[0m] in [1msrc/mail_parser/text_utils.py[0m:
  LOC - 107
Found [[35mMetrics[0m] in [1msrc/database/email_db.py[0m:
  LOC - 840
Found [[35mMetrics[0m] in [1msrc/mail_parser/packaging.py[0m:
  LOC - 246
Found [[35mMetrics[0m] in [1msrc/web/blueprints/main_routes.py[0m:
  LOC - 115
Found [[35mMetrics[0m] in [1msrc/core/startup.py[0m:
  LOC - 114
Found [[35mMetrics[0m] in [1msrc/mail_parser/reporter.py[0m:
  LOC - 170
Found [[35mMetrics[0m] in [1msrc/utils/temp_manager.py[0m:
  LOC - 350
Found [[35mMetrics[0m] in [1msrc/utils/email_utils.py[0m:
  LOC - 40
Found [[35mMetrics[0m] in [1msrc/core/job_store.py[0m:
  LOC - 66
Found [[35mMetrics[0m] in [1mstatic/js/common.js[0m:
  LOC - 154
Analysis complete
Codacy analysis finished.
----- 2026-01-23 20:59:48 -----
2026-01-23 19:34:27.583231900 +0900 242274 codacy_run.log
--- docker ps (codacy) ---
CONTAINER ID   IMAGE     STATUS    NAMES
--- last 50 lines of codacy_run.log ---
Found [[35mMetrics[0m] in [1msrc/core/models/evidence_model.py[0m:
  LOC - 166
Found [[35mMetrics[0m] in [1msrc/legal_compliance/court_evidence_verifier.py[0m:
  LOC - 246
No [[35mMetrics[0m] found in [1msrc/web/app.py[0m.
Found [[35mMetrics[0m] in [1msrc/web/blueprints/evidence_routes.py[0m:
  LOC - 376
Found [[35mMetrics[0m] in [1msrc/mail_parser/models/evidence_model.py[0m:
  LOC - 166
Found [[35mMetrics[0m] in [1msrc/core/services/integrity_service.py[0m:
  LOC - 121
Found [[35mMetrics[0m] in [1msrc/cli/batch_processor.py[0m:
  LOC - 188
Found [[35mMetrics[0m] in [1msrc/core/models/timeline_model.py[0m:
  LOC - 218
Found [[35mMetrics[0m] in [1msrc/docs/__init__.py[0m:
  LOC - 28
Found [[35mMetrics[0m] in [1msrc/services/file_service.py[0m:
  LOC - 295
Found [[35mMetrics[0m] in [1msrc/core/logging_utils.py[0m:
  LOC - 38
Found [[35mMetrics[0m] in [1msrc/mail_parser/models/email_model.py[0m:
  LOC - 129
Found [[35mMetrics[0m] in [1msrc/mail_parser/processor.py[0m:
  LOC - 479
No [[35mMetrics[0m] found in [1msrc/docs/auto_updater.py[0m.
Found [[35mMetrics[0m] in [1msrc/system_tests/core_tests.py[0m:
  LOC - 236
Found [[35mMetrics[0m] in [1msrc/mail_parser/text_utils.py[0m:
  LOC - 107
Found [[35mMetrics[0m] in [1msrc/database/email_db.py[0m:
  LOC - 840
Found [[35mMetrics[0m] in [1msrc/mail_parser/packaging.py[0m:
  LOC - 246
Found [[35mMetrics[0m] in [1msrc/web/blueprints/main_routes.py[0m:
  LOC - 115
Found [[35mMetrics[0m] in [1msrc/core/startup.py[0m:
  LOC - 114
Found [[35mMetrics[0m] in [1msrc/mail_parser/reporter.py[0m:
  LOC - 170
Found [[35mMetrics[0m] in [1msrc/utils/temp_manager.py[0m:
  LOC - 350
Found [[35mMetrics[0m] in [1msrc/utils/email_utils.py[0m:
  LOC - 40
Found [[35mMetrics[0m] in [1msrc/core/job_store.py[0m:
  LOC - 66
Found [[35mMetrics[0m] in [1mstatic/js/common.js[0m:
  LOC - 154
Analysis complete
Codacy analysis finished.
----- 2026-01-23 21:00:51 -----
2026-01-23 19:34:27.583231900 +0900 242274 codacy_run.log
--- docker ps (codacy) ---
CONTAINER ID   IMAGE     STATUS    NAMES
--- last 50 lines of codacy_run.log ---
Found [[35mMetrics[0m] in [1msrc/core/models/evidence_model.py[0m:
  LOC - 166
Found [[35mMetrics[0m] in [1msrc/legal_compliance/court_evidence_verifier.py[0m:
  LOC - 246
No [[35mMetrics[0m] found in [1msrc/web/app.py[0m.
Found [[35mMetrics[0m] in [1msrc/web/blueprints/evidence_routes.py[0m:
  LOC - 376
Found [[35mMetrics[0m] in [1msrc/mail_parser/models/evidence_model.py[0m:
  LOC - 166
Found [[35mMetrics[0m] in [1msrc/core/services/integrity_service.py[0m:
  LOC - 121
Found [[35mMetrics[0m] in [1msrc/cli/batch_processor.py[0m:
  LOC - 188
Found [[35mMetrics[0m] in [1msrc/core/models/timeline_model.py[0m:
  LOC - 218
Found [[35mMetrics[0m] in [1msrc/docs/__init__.py[0m:
  LOC - 28
Found [[35mMetrics[0m] in [1msrc/services/file_service.py[0m:
  LOC - 295
Found [[35mMetrics[0m] in [1msrc/core/logging_utils.py[0m:
  LOC - 38
Found [[35mMetrics[0m] in [1msrc/mail_parser/models/email_model.py[0m:
  LOC - 129
Found [[35mMetrics[0m] in [1msrc/mail_parser/processor.py[0m:
  LOC - 479
No [[35mMetrics[0m] found in [1msrc/docs/auto_updater.py[0m.
Found [[35mMetrics[0m] in [1msrc/system_tests/core_tests.py[0m:
  LOC - 236
Found [[35mMetrics[0m] in [1msrc/mail_parser/text_utils.py[0m:
  LOC - 107
Found [[35mMetrics[0m] in [1msrc/database/email_db.py[0m:
  LOC - 840
Found [[35mMetrics[0m] in [1msrc/mail_parser/packaging.py[0m:
  LOC - 246
Found [[35mMetrics[0m] in [1msrc/web/blueprints/main_routes.py[0m:
  LOC - 115
Found [[35mMetrics[0m] in [1msrc/core/startup.py[0m:
  LOC - 114
Found [[35mMetrics[0m] in [1msrc/mail_parser/reporter.py[0m:
  LOC - 170
Found [[35mMetrics[0m] in [1msrc/utils/temp_manager.py[0m:
  LOC - 350
Found [[35mMetrics[0m] in [1msrc/utils/email_utils.py[0m:
  LOC - 40
Found [[35mMetrics[0m] in [1msrc/core/job_store.py[0m:
  LOC - 66
Found [[35mMetrics[0m] in [1mstatic/js/common.js[0m:
  LOC - 154
Analysis complete
Codacy analysis finished.
----- 2026-01-23 21:01:54 -----
2026-01-23 19:34:27.583231900 +0900 242274 codacy_run.log
--- docker ps (codacy) ---
CONTAINER ID   IMAGE     STATUS    NAMES
--- last 50 lines of codacy_run.log ---
Found [[35mMetrics[0m] in [1msrc/core/models/evidence_model.py[0m:
  LOC - 166
Found [[35mMetrics[0m] in [1msrc/legal_compliance/court_evidence_verifier.py[0m:
  LOC - 246
No [[35mMetrics[0m] found in [1msrc/web/app.py[0m.
Found [[35mMetrics[0m] in [1msrc/web/blueprints/evidence_routes.py[0m:
  LOC - 376
Found [[35mMetrics[0m] in [1msrc/mail_parser/models/evidence_model.py[0m:
  LOC - 166
Found [[35mMetrics[0m] in [1msrc/core/services/integrity_service.py[0m:
  LOC - 121
Found [[35mMetrics[0m] in [1msrc/cli/batch_processor.py[0m:
  LOC - 188
Found [[35mMetrics[0m] in [1msrc/core/models/timeline_model.py[0m:
  LOC - 218
Found [[35mMetrics[0m] in [1msrc/docs/__init__.py[0m:
  LOC - 28
Found [[35mMetrics[0m] in [1msrc/services/file_service.py[0m:
  LOC - 295
Found [[35mMetrics[0m] in [1msrc/core/logging_utils.py[0m:
  LOC - 38
Found [[35mMetrics[0m] in [1msrc/mail_parser/models/email_model.py[0m:
  LOC - 129
Found [[35mMetrics[0m] in [1msrc/mail_parser/processor.py[0m:
  LOC - 479
No [[35mMetrics[0m] found in [1msrc/docs/auto_updater.py[0m.
Found [[35mMetrics[0m] in [1msrc/system_tests/core_tests.py[0m:
  LOC - 236
Found [[35mMetrics[0m] in [1msrc/mail_parser/text_utils.py[0m:
  LOC - 107
Found [[35mMetrics[0m] in [1msrc/database/email_db.py[0m:
  LOC - 840
Found [[35mMetrics[0m] in [1msrc/mail_parser/packaging.py[0m:
  LOC - 246
Found [[35mMetrics[0m] in [1msrc/web/blueprints/main_routes.py[0m:
  LOC - 115
Found [[35mMetrics[0m] in [1msrc/core/startup.py[0m:
  LOC - 114
Found [[35mMetrics[0m] in [1msrc/mail_parser/reporter.py[0m:
  LOC - 170
Found [[35mMetrics[0m] in [1msrc/utils/temp_manager.py[0m:
  LOC - 350
Found [[35mMetrics[0m] in [1msrc/utils/email_utils.py[0m:
  LOC - 40
Found [[35mMetrics[0m] in [1msrc/core/job_store.py[0m:
  LOC - 66
Found [[35mMetrics[0m] in [1mstatic/js/common.js[0m:
  LOC - 154
Analysis complete
Codacy analysis finished.
----- 2026-01-23 21:02:55 -----
2026-01-23 19:34:27.583231900 +0900 242274 codacy_run.log
--- docker ps (codacy) ---
CONTAINER ID   IMAGE     STATUS    NAMES
--- last 50 lines of codacy_run.log ---
Found [[35mMetrics[0m] in [1msrc/core/models/evidence_model.py[0m:
  LOC - 166
Found [[35mMetrics[0m] in [1msrc/legal_compliance/court_evidence_verifier.py[0m:
  LOC - 246
No [[35mMetrics[0m] found in [1msrc/web/app.py[0m.
Found [[35mMetrics[0m] in [1msrc/web/blueprints/evidence_routes.py[0m:
  LOC - 376
Found [[35mMetrics[0m] in [1msrc/mail_parser/models/evidence_model.py[0m:
  LOC - 166
Found [[35mMetrics[0m] in [1msrc/core/services/integrity_service.py[0m:
  LOC - 121
Found [[35mMetrics[0m] in [1msrc/cli/batch_processor.py[0m:
  LOC - 188
Found [[35mMetrics[0m] in [1msrc/core/models/timeline_model.py[0m:
  LOC - 218
Found [[35mMetrics[0m] in [1msrc/docs/__init__.py[0m:
  LOC - 28
Found [[35mMetrics[0m] in [1msrc/services/file_service.py[0m:
  LOC - 295
Found [[35mMetrics[0m] in [1msrc/core/logging_utils.py[0m:
  LOC - 38
Found [[35mMetrics[0m] in [1msrc/mail_parser/models/email_model.py[0m:
  LOC - 129
Found [[35mMetrics[0m] in [1msrc/mail_parser/processor.py[0m:
  LOC - 479
No [[35mMetrics[0m] found in [1msrc/docs/auto_updater.py[0m.
Found [[35mMetrics[0m] in [1msrc/system_tests/core_tests.py[0m:
  LOC - 236
Found [[35mMetrics[0m] in [1msrc/mail_parser/text_utils.py[0m:
  LOC - 107
Found [[35mMetrics[0m] in [1msrc/database/email_db.py[0m:
  LOC - 840
Found [[35mMetrics[0m] in [1msrc/mail_parser/packaging.py[0m:
  LOC - 246
Found [[35mMetrics[0m] in [1msrc/web/blueprints/main_routes.py[0m:
  LOC - 115
Found [[35mMetrics[0m] in [1msrc/core/startup.py[0m:
  LOC - 114
Found [[35mMetrics[0m] in [1msrc/mail_parser/reporter.py[0m:
  LOC - 170
Found [[35mMetrics[0m] in [1msrc/utils/temp_manager.py[0m:
  LOC - 350
Found [[35mMetrics[0m] in [1msrc/utils/email_utils.py[0m:
  LOC - 40
Found [[35mMetrics[0m] in [1msrc/core/job_store.py[0m:
  LOC - 66
Found [[35mMetrics[0m] in [1mstatic/js/common.js[0m:
  LOC - 154
Analysis complete
Codacy analysis finished.
----- 2026-01-23 21:03:58 -----
2026-01-23 19:34:27.583231900 +0900 242274 codacy_run.log
--- docker ps (codacy) ---
CONTAINER ID   IMAGE     STATUS    NAMES
--- last 50 lines of codacy_run.log ---
Found [[35mMetrics[0m] in [1msrc/core/models/evidence_model.py[0m:
  LOC - 166
Found [[35mMetrics[0m] in [1msrc/legal_compliance/court_evidence_verifier.py[0m:
  LOC - 246
No [[35mMetrics[0m] found in [1msrc/web/app.py[0m.
Found [[35mMetrics[0m] in [1msrc/web/blueprints/evidence_routes.py[0m:
  LOC - 376
Found [[35mMetrics[0m] in [1msrc/mail_parser/models/evidence_model.py[0m:
  LOC - 166
Found [[35mMetrics[0m] in [1msrc/core/services/integrity_service.py[0m:
  LOC - 121
Found [[35mMetrics[0m] in [1msrc/cli/batch_processor.py[0m:
  LOC - 188
Found [[35mMetrics[0m] in [1msrc/core/models/timeline_model.py[0m:
  LOC - 218
Found [[35mMetrics[0m] in [1msrc/docs/__init__.py[0m:
  LOC - 28
Found [[35mMetrics[0m] in [1msrc/services/file_service.py[0m:
  LOC - 295
Found [[35mMetrics[0m] in [1msrc/core/logging_utils.py[0m:
  LOC - 38
Found [[35mMetrics[0m] in [1msrc/mail_parser/models/email_model.py[0m:
  LOC - 129
Found [[35mMetrics[0m] in [1msrc/mail_parser/processor.py[0m:
  LOC - 479
No [[35mMetrics[0m] found in [1msrc/docs/auto_updater.py[0m.
Found [[35mMetrics[0m] in [1msrc/system_tests/core_tests.py[0m:
  LOC - 236
Found [[35mMetrics[0m] in [1msrc/mail_parser/text_utils.py[0m:
  LOC - 107
Found [[35mMetrics[0m] in [1msrc/database/email_db.py[0m:
  LOC - 840
Found [[35mMetrics[0m] in [1msrc/mail_parser/packaging.py[0m:
  LOC - 246
Found [[35mMetrics[0m] in [1msrc/web/blueprints/main_routes.py[0m:
  LOC - 115
Found [[35mMetrics[0m] in [1msrc/core/startup.py[0m:
  LOC - 114
Found [[35mMetrics[0m] in [1msrc/mail_parser/reporter.py[0m:
  LOC - 170
Found [[35mMetrics[0m] in [1msrc/utils/temp_manager.py[0m:
  LOC - 350
Found [[35mMetrics[0m] in [1msrc/utils/email_utils.py[0m:
  LOC - 40
Found [[35mMetrics[0m] in [1msrc/core/job_store.py[0m:
  LOC - 66
Found [[35mMetrics[0m] in [1mstatic/js/common.js[0m:
  LOC - 154
Analysis complete
Codacy analysis finished.
----- 2026-01-23 21:05:00 -----
2026-01-23 19:34:27.583231900 +0900 242274 codacy_run.log
--- docker ps (codacy) ---
CONTAINER ID   IMAGE     STATUS    NAMES
--- last 50 lines of codacy_run.log ---
Found [[35mMetrics[0m] in [1msrc/core/models/evidence_model.py[0m:
  LOC - 166
Found [[35mMetrics[0m] in [1msrc/legal_compliance/court_evidence_verifier.py[0m:
  LOC - 246
No [[35mMetrics[0m] found in [1msrc/web/app.py[0m.
Found [[35mMetrics[0m] in [1msrc/web/blueprints/evidence_routes.py[0m:
  LOC - 376
Found [[35mMetrics[0m] in [1msrc/mail_parser/models/evidence_model.py[0m:
  LOC - 166
Found [[35mMetrics[0m] in [1msrc/core/services/integrity_service.py[0m:
  LOC - 121
Found [[35mMetrics[0m] in [1msrc/cli/batch_processor.py[0m:
  LOC - 188
Found [[35mMetrics[0m] in [1msrc/core/models/timeline_model.py[0m:
  LOC - 218
Found [[35mMetrics[0m] in [1msrc/docs/__init__.py[0m:
  LOC - 28
Found [[35mMetrics[0m] in [1msrc/services/file_service.py[0m:
  LOC - 295
Found [[35mMetrics[0m] in [1msrc/core/logging_utils.py[0m:
  LOC - 38
Found [[35mMetrics[0m] in [1msrc/mail_parser/models/email_model.py[0m:
  LOC - 129
Found [[35mMetrics[0m] in [1msrc/mail_parser/processor.py[0m:
  LOC - 479
No [[35mMetrics[0m] found in [1msrc/docs/auto_updater.py[0m.
Found [[35mMetrics[0m] in [1msrc/system_tests/core_tests.py[0m:
  LOC - 236
Found [[35mMetrics[0m] in [1msrc/mail_parser/text_utils.py[0m:
  LOC - 107
Found [[35mMetrics[0m] in [1msrc/database/email_db.py[0m:
  LOC - 840
Found [[35mMetrics[0m] in [1msrc/mail_parser/packaging.py[0m:
  LOC - 246
Found [[35mMetrics[0m] in [1msrc/web/blueprints/main_routes.py[0m:
  LOC - 115
Found [[35mMetrics[0m] in [1msrc/core/startup.py[0m:
  LOC - 114
Found [[35mMetrics[0m] in [1msrc/mail_parser/reporter.py[0m:
  LOC - 170
Found [[35mMetrics[0m] in [1msrc/utils/temp_manager.py[0m:
  LOC - 350
Found [[35mMetrics[0m] in [1msrc/utils/email_utils.py[0m:
  LOC - 40
Found [[35mMetrics[0m] in [1msrc/core/job_store.py[0m:
  LOC - 66
Found [[35mMetrics[0m] in [1mstatic/js/common.js[0m:
  LOC - 154
Analysis complete
Codacy analysis finished.
----- 2026-01-23 21:06:03 -----
2026-01-23 19:34:27.583231900 +0900 242274 codacy_run.log
--- docker ps (codacy) ---
CONTAINER ID   IMAGE     STATUS    NAMES
--- last 50 lines of codacy_run.log ---
Found [[35mMetrics[0m] in [1msrc/core/models/evidence_model.py[0m:
  LOC - 166
Found [[35mMetrics[0m] in [1msrc/legal_compliance/court_evidence_verifier.py[0m:
  LOC - 246
No [[35mMetrics[0m] found in [1msrc/web/app.py[0m.
Found [[35mMetrics[0m] in [1msrc/web/blueprints/evidence_routes.py[0m:
  LOC - 376
Found [[35mMetrics[0m] in [1msrc/mail_parser/models/evidence_model.py[0m:
  LOC - 166
Found [[35mMetrics[0m] in [1msrc/core/services/integrity_service.py[0m:
  LOC - 121
Found [[35mMetrics[0m] in [1msrc/cli/batch_processor.py[0m:
  LOC - 188
Found [[35mMetrics[0m] in [1msrc/core/models/timeline_model.py[0m:
  LOC - 218
Found [[35mMetrics[0m] in [1msrc/docs/__init__.py[0m:
  LOC - 28
Found [[35mMetrics[0m] in [1msrc/services/file_service.py[0m:
  LOC - 295
Found [[35mMetrics[0m] in [1msrc/core/logging_utils.py[0m:
  LOC - 38
Found [[35mMetrics[0m] in [1msrc/mail_parser/models/email_model.py[0m:
  LOC - 129
Found [[35mMetrics[0m] in [1msrc/mail_parser/processor.py[0m:
  LOC - 479
No [[35mMetrics[0m] found in [1msrc/docs/auto_updater.py[0m.
Found [[35mMetrics[0m] in [1msrc/system_tests/core_tests.py[0m:
  LOC - 236
Found [[35mMetrics[0m] in [1msrc/mail_parser/text_utils.py[0m:
  LOC - 107
Found [[35mMetrics[0m] in [1msrc/database/email_db.py[0m:
  LOC - 840
Found [[35mMetrics[0m] in [1msrc/mail_parser/packaging.py[0m:
  LOC - 246
Found [[35mMetrics[0m] in [1msrc/web/blueprints/main_routes.py[0m:
  LOC - 115
Found [[35mMetrics[0m] in [1msrc/core/startup.py[0m:
  LOC - 114
Found [[35mMetrics[0m] in [1msrc/mail_parser/reporter.py[0m:
  LOC - 170
Found [[35mMetrics[0m] in [1msrc/utils/temp_manager.py[0m:
  LOC - 350
Found [[35mMetrics[0m] in [1msrc/utils/email_utils.py[0m:
  LOC - 40
Found [[35mMetrics[0m] in [1msrc/core/job_store.py[0m:
  LOC - 66
Found [[35mMetrics[0m] in [1mstatic/js/common.js[0m:
  LOC - 154
Analysis complete
Codacy analysis finished.
----- 2026-01-23 21:07:06 -----
2026-01-23 19:34:27.583231900 +0900 242274 codacy_run.log
--- docker ps (codacy) ---
CONTAINER ID   IMAGE     STATUS    NAMES
--- last 50 lines of codacy_run.log ---
Found [[35mMetrics[0m] in [1msrc/core/models/evidence_model.py[0m:
  LOC - 166
Found [[35mMetrics[0m] in [1msrc/legal_compliance/court_evidence_verifier.py[0m:
  LOC - 246
No [[35mMetrics[0m] found in [1msrc/web/app.py[0m.
Found [[35mMetrics[0m] in [1msrc/web/blueprints/evidence_routes.py[0m:
  LOC - 376
Found [[35mMetrics[0m] in [1msrc/mail_parser/models/evidence_model.py[0m:
  LOC - 166
Found [[35mMetrics[0m] in [1msrc/core/services/integrity_service.py[0m:
  LOC - 121
Found [[35mMetrics[0m] in [1msrc/cli/batch_processor.py[0m:
  LOC - 188
Found [[35mMetrics[0m] in [1msrc/core/models/timeline_model.py[0m:
  LOC - 218
Found [[35mMetrics[0m] in [1msrc/docs/__init__.py[0m:
  LOC - 28
Found [[35mMetrics[0m] in [1msrc/services/file_service.py[0m:
  LOC - 295
Found [[35mMetrics[0m] in [1msrc/core/logging_utils.py[0m:
  LOC - 38
Found [[35mMetrics[0m] in [1msrc/mail_parser/models/email_model.py[0m:
  LOC - 129
Found [[35mMetrics[0m] in [1msrc/mail_parser/processor.py[0m:
  LOC - 479
No [[35mMetrics[0m] found in [1msrc/docs/auto_updater.py[0m.
Found [[35mMetrics[0m] in [1msrc/system_tests/core_tests.py[0m:
  LOC - 236
Found [[35mMetrics[0m] in [1msrc/mail_parser/text_utils.py[0m:
  LOC - 107
Found [[35mMetrics[0m] in [1msrc/database/email_db.py[0m:
  LOC - 840
Found [[35mMetrics[0m] in [1msrc/mail_parser/packaging.py[0m:
  LOC - 246
Found [[35mMetrics[0m] in [1msrc/web/blueprints/main_routes.py[0m:
  LOC - 115
Found [[35mMetrics[0m] in [1msrc/core/startup.py[0m:
  LOC - 114
Found [[35mMetrics[0m] in [1msrc/mail_parser/reporter.py[0m:
  LOC - 170
Found [[35mMetrics[0m] in [1msrc/utils/temp_manager.py[0m:
  LOC - 350
Found [[35mMetrics[0m] in [1msrc/utils/email_utils.py[0m:
  LOC - 40
Found [[35mMetrics[0m] in [1msrc/core/job_store.py[0m:
  LOC - 66
Found [[35mMetrics[0m] in [1mstatic/js/common.js[0m:
  LOC - 154
Analysis complete
Codacy analysis finished.
----- 2026-01-23 21:08:08 -----
2026-01-23 19:34:27.583231900 +0900 242274 codacy_run.log
--- docker ps (codacy) ---
CONTAINER ID   IMAGE     STATUS    NAMES
--- last 50 lines of codacy_run.log ---
Found [[35mMetrics[0m] in [1msrc/core/models/evidence_model.py[0m:
  LOC - 166
Found [[35mMetrics[0m] in [1msrc/legal_compliance/court_evidence_verifier.py[0m:
  LOC - 246
No [[35mMetrics[0m] found in [1msrc/web/app.py[0m.
Found [[35mMetrics[0m] in [1msrc/web/blueprints/evidence_routes.py[0m:
  LOC - 376
Found [[35mMetrics[0m] in [1msrc/mail_parser/models/evidence_model.py[0m:
  LOC - 166
Found [[35mMetrics[0m] in [1msrc/core/services/integrity_service.py[0m:
  LOC - 121
Found [[35mMetrics[0m] in [1msrc/cli/batch_processor.py[0m:
  LOC - 188
Found [[35mMetrics[0m] in [1msrc/core/models/timeline_model.py[0m:
  LOC - 218
Found [[35mMetrics[0m] in [1msrc/docs/__init__.py[0m:
  LOC - 28
Found [[35mMetrics[0m] in [1msrc/services/file_service.py[0m:
  LOC - 295
Found [[35mMetrics[0m] in [1msrc/core/logging_utils.py[0m:
  LOC - 38
Found [[35mMetrics[0m] in [1msrc/mail_parser/models/email_model.py[0m:
  LOC - 129
Found [[35mMetrics[0m] in [1msrc/mail_parser/processor.py[0m:
  LOC - 479
No [[35mMetrics[0m] found in [1msrc/docs/auto_updater.py[0m.
Found [[35mMetrics[0m] in [1msrc/system_tests/core_tests.py[0m:
  LOC - 236
Found [[35mMetrics[0m] in [1msrc/mail_parser/text_utils.py[0m:
  LOC - 107
Found [[35mMetrics[0m] in [1msrc/database/email_db.py[0m:
  LOC - 840
Found [[35mMetrics[0m] in [1msrc/mail_parser/packaging.py[0m:
  LOC - 246
Found [[35mMetrics[0m] in [1msrc/web/blueprints/main_routes.py[0m:
  LOC - 115
Found [[35mMetrics[0m] in [1msrc/core/startup.py[0m:
  LOC - 114
Found [[35mMetrics[0m] in [1msrc/mail_parser/reporter.py[0m:
  LOC - 170
Found [[35mMetrics[0m] in [1msrc/utils/temp_manager.py[0m:
  LOC - 350
Found [[35mMetrics[0m] in [1msrc/utils/email_utils.py[0m:
  LOC - 40
Found [[35mMetrics[0m] in [1msrc/core/job_store.py[0m:
  LOC - 66
Found [[35mMetrics[0m] in [1mstatic/js/common.js[0m:
  LOC - 154
Analysis complete
Codacy analysis finished.
----- 2026-01-23 21:09:11 -----
2026-01-23 19:34:27.583231900 +0900 242274 codacy_run.log
--- docker ps (codacy) ---
CONTAINER ID   IMAGE     STATUS    NAMES
--- last 50 lines of codacy_run.log ---
Found [[35mMetrics[0m] in [1msrc/core/models/evidence_model.py[0m:
  LOC - 166
Found [[35mMetrics[0m] in [1msrc/legal_compliance/court_evidence_verifier.py[0m:
  LOC - 246
No [[35mMetrics[0m] found in [1msrc/web/app.py[0m.
Found [[35mMetrics[0m] in [1msrc/web/blueprints/evidence_routes.py[0m:
  LOC - 376
Found [[35mMetrics[0m] in [1msrc/mail_parser/models/evidence_model.py[0m:
  LOC - 166
Found [[35mMetrics[0m] in [1msrc/core/services/integrity_service.py[0m:
  LOC - 121
Found [[35mMetrics[0m] in [1msrc/cli/batch_processor.py[0m:
  LOC - 188
Found [[35mMetrics[0m] in [1msrc/core/models/timeline_model.py[0m:
  LOC - 218
Found [[35mMetrics[0m] in [1msrc/docs/__init__.py[0m:
  LOC - 28
Found [[35mMetrics[0m] in [1msrc/services/file_service.py[0m:
  LOC - 295
Found [[35mMetrics[0m] in [1msrc/core/logging_utils.py[0m:
  LOC - 38
Found [[35mMetrics[0m] in [1msrc/mail_parser/models/email_model.py[0m:
  LOC - 129
Found [[35mMetrics[0m] in [1msrc/mail_parser/processor.py[0m:
  LOC - 479
No [[35mMetrics[0m] found in [1msrc/docs/auto_updater.py[0m.
Found [[35mMetrics[0m] in [1msrc/system_tests/core_tests.py[0m:
  LOC - 236
Found [[35mMetrics[0m] in [1msrc/mail_parser/text_utils.py[0m:
  LOC - 107
Found [[35mMetrics[0m] in [1msrc/database/email_db.py[0m:
  LOC - 840
Found [[35mMetrics[0m] in [1msrc/mail_parser/packaging.py[0m:
  LOC - 246
Found [[35mMetrics[0m] in [1msrc/web/blueprints/main_routes.py[0m:
  LOC - 115
Found [[35mMetrics[0m] in [1msrc/core/startup.py[0m:
  LOC - 114
Found [[35mMetrics[0m] in [1msrc/mail_parser/reporter.py[0m:
  LOC - 170
Found [[35mMetrics[0m] in [1msrc/utils/temp_manager.py[0m:
  LOC - 350
Found [[35mMetrics[0m] in [1msrc/utils/email_utils.py[0m:
  LOC - 40
Found [[35mMetrics[0m] in [1msrc/core/job_store.py[0m:
  LOC - 66
Found [[35mMetrics[0m] in [1mstatic/js/common.js[0m:
  LOC - 154
Analysis complete
Codacy analysis finished.
----- 2026-01-24 12:49:09 -----
2026-01-23 19:34:27.583231900 +0900 242274 codacy_run.log
--- docker ps (codacy) ---
CONTAINER ID   IMAGE     STATUS    NAMES
--- last 50 lines of codacy_run.log ---
Found [[35mMetrics[0m] in [1msrc/core/models/evidence_model.py[0m:
  LOC - 166
Found [[35mMetrics[0m] in [1msrc/legal_compliance/court_evidence_verifier.py[0m:
  LOC - 246
No [[35mMetrics[0m] found in [1msrc/web/app.py[0m.
Found [[35mMetrics[0m] in [1msrc/web/blueprints/evidence_routes.py[0m:
  LOC - 376
Found [[35mMetrics[0m] in [1msrc/mail_parser/models/evidence_model.py[0m:
  LOC - 166
Found [[35mMetrics[0m] in [1msrc/core/services/integrity_service.py[0m:
  LOC - 121
Found [[35mMetrics[0m] in [1msrc/cli/batch_processor.py[0m:
  LOC - 188
Found [[35mMetrics[0m] in [1msrc/core/models/timeline_model.py[0m:
  LOC - 218
Found [[35mMetrics[0m] in [1msrc/docs/__init__.py[0m:
  LOC - 28
Found [[35mMetrics[0m] in [1msrc/services/file_service.py[0m:
  LOC - 295
Found [[35mMetrics[0m] in [1msrc/core/logging_utils.py[0m:
  LOC - 38
Found [[35mMetrics[0m] in [1msrc/mail_parser/models/email_model.py[0m:
  LOC - 129
Found [[35mMetrics[0m] in [1msrc/mail_parser/processor.py[0m:
  LOC - 479
No [[35mMetrics[0m] found in [1msrc/docs/auto_updater.py[0m.
Found [[35mMetrics[0m] in [1msrc/system_tests/core_tests.py[0m:
  LOC - 236
Found [[35mMetrics[0m] in [1msrc/mail_parser/text_utils.py[0m:
  LOC - 107
Found [[35mMetrics[0m] in [1msrc/database/email_db.py[0m:
  LOC - 840
Found [[35mMetrics[0m] in [1msrc/mail_parser/packaging.py[0m:
  LOC - 246
Found [[35mMetrics[0m] in [1msrc/web/blueprints/main_routes.py[0m:
  LOC - 115
Found [[35mMetrics[0m] in [1msrc/core/startup.py[0m:
  LOC - 114
Found [[35mMetrics[0m] in [1msrc/mail_parser/reporter.py[0m:
  LOC - 170
Found [[35mMetrics[0m] in [1msrc/utils/temp_manager.py[0m:
  LOC - 350
Found [[35mMetrics[0m] in [1msrc/utils/email_utils.py[0m:
  LOC - 40
Found [[35mMetrics[0m] in [1msrc/core/job_store.py[0m:
  LOC - 66
Found [[35mMetrics[0m] in [1mstatic/js/common.js[0m:
  LOC - 154
Analysis complete
Codacy analysis finished.
----- 2026-01-24 12:50:18 -----
2026-01-23 19:34:27.583231900 +0900 242274 codacy_run.log
--- docker ps (codacy) ---
CONTAINER ID   IMAGE     STATUS    NAMES
--- last 50 lines of codacy_run.log ---
Found [[35mMetrics[0m] in [1msrc/core/models/evidence_model.py[0m:
  LOC - 166
Found [[35mMetrics[0m] in [1msrc/legal_compliance/court_evidence_verifier.py[0m:
  LOC - 246
No [[35mMetrics[0m] found in [1msrc/web/app.py[0m.
Found [[35mMetrics[0m] in [1msrc/web/blueprints/evidence_routes.py[0m:
  LOC - 376
Found [[35mMetrics[0m] in [1msrc/mail_parser/models/evidence_model.py[0m:
  LOC - 166
Found [[35mMetrics[0m] in [1msrc/core/services/integrity_service.py[0m:
  LOC - 121
Found [[35mMetrics[0m] in [1msrc/cli/batch_processor.py[0m:
  LOC - 188
Found [[35mMetrics[0m] in [1msrc/core/models/timeline_model.py[0m:
  LOC - 218
Found [[35mMetrics[0m] in [1msrc/docs/__init__.py[0m:
  LOC - 28
Found [[35mMetrics[0m] in [1msrc/services/file_service.py[0m:
  LOC - 295
Found [[35mMetrics[0m] in [1msrc/core/logging_utils.py[0m:
  LOC - 38
Found [[35mMetrics[0m] in [1msrc/mail_parser/models/email_model.py[0m:
  LOC - 129
Found [[35mMetrics[0m] in [1msrc/mail_parser/processor.py[0m:
  LOC - 479
No [[35mMetrics[0m] found in [1msrc/docs/auto_updater.py[0m.
Found [[35mMetrics[0m] in [1msrc/system_tests/core_tests.py[0m:
  LOC - 236
Found [[35mMetrics[0m] in [1msrc/mail_parser/text_utils.py[0m:
  LOC - 107
Found [[35mMetrics[0m] in [1msrc/database/email_db.py[0m:
  LOC - 840
Found [[35mMetrics[0m] in [1msrc/mail_parser/packaging.py[0m:
  LOC - 246
Found [[35mMetrics[0m] in [1msrc/web/blueprints/main_routes.py[0m:
  LOC - 115
Found [[35mMetrics[0m] in [1msrc/core/startup.py[0m:
  LOC - 114
Found [[35mMetrics[0m] in [1msrc/mail_parser/reporter.py[0m:
  LOC - 170
Found [[35mMetrics[0m] in [1msrc/utils/temp_manager.py[0m:
  LOC - 350
Found [[35mMetrics[0m] in [1msrc/utils/email_utils.py[0m:
  LOC - 40
Found [[35mMetrics[0m] in [1msrc/core/job_store.py[0m:
  LOC - 66
Found [[35mMetrics[0m] in [1mstatic/js/common.js[0m:
  LOC - 154
Analysis complete
Codacy analysis finished.
----- 2026-01-24 12:51:23 -----
2026-01-23 19:34:27.583231900 +0900 242274 codacy_run.log
--- docker ps (codacy) ---
CONTAINER ID   IMAGE     STATUS    NAMES
--- last 50 lines of codacy_run.log ---
Found [[35mMetrics[0m] in [1msrc/core/models/evidence_model.py[0m:
  LOC - 166
Found [[35mMetrics[0m] in [1msrc/legal_compliance/court_evidence_verifier.py[0m:
  LOC - 246
No [[35mMetrics[0m] found in [1msrc/web/app.py[0m.
Found [[35mMetrics[0m] in [1msrc/web/blueprints/evidence_routes.py[0m:
  LOC - 376
Found [[35mMetrics[0m] in [1msrc/mail_parser/models/evidence_model.py[0m:
  LOC - 166
Found [[35mMetrics[0m] in [1msrc/core/services/integrity_service.py[0m:
  LOC - 121
Found [[35mMetrics[0m] in [1msrc/cli/batch_processor.py[0m:
  LOC - 188
Found [[35mMetrics[0m] in [1msrc/core/models/timeline_model.py[0m:
  LOC - 218
Found [[35mMetrics[0m] in [1msrc/docs/__init__.py[0m:
  LOC - 28
Found [[35mMetrics[0m] in [1msrc/services/file_service.py[0m:
  LOC - 295
Found [[35mMetrics[0m] in [1msrc/core/logging_utils.py[0m:
  LOC - 38
Found [[35mMetrics[0m] in [1msrc/mail_parser/models/email_model.py[0m:
  LOC - 129
Found [[35mMetrics[0m] in [1msrc/mail_parser/processor.py[0m:
  LOC - 479
No [[35mMetrics[0m] found in [1msrc/docs/auto_updater.py[0m.
Found [[35mMetrics[0m] in [1msrc/system_tests/core_tests.py[0m:
  LOC - 236
Found [[35mMetrics[0m] in [1msrc/mail_parser/text_utils.py[0m:
  LOC - 107
Found [[35mMetrics[0m] in [1msrc/database/email_db.py[0m:
  LOC - 840
Found [[35mMetrics[0m] in [1msrc/mail_parser/packaging.py[0m:
  LOC - 246
Found [[35mMetrics[0m] in [1msrc/web/blueprints/main_routes.py[0m:
  LOC - 115
Found [[35mMetrics[0m] in [1msrc/core/startup.py[0m:
  LOC - 114
Found [[35mMetrics[0m] in [1msrc/mail_parser/reporter.py[0m:
  LOC - 170
Found [[35mMetrics[0m] in [1msrc/utils/temp_manager.py[0m:
  LOC - 350
Found [[35mMetrics[0m] in [1msrc/utils/email_utils.py[0m:
  LOC - 40
Found [[35mMetrics[0m] in [1msrc/core/job_store.py[0m:
  LOC - 66
Found [[35mMetrics[0m] in [1mstatic/js/common.js[0m:
  LOC - 154
Analysis complete
Codacy analysis finished.
----- 2026-01-24 12:52:25 -----
2026-01-23 19:34:27.583231900 +0900 242274 codacy_run.log
--- docker ps (codacy) ---
CONTAINER ID   IMAGE     STATUS    NAMES
--- last 50 lines of codacy_run.log ---
Found [[35mMetrics[0m] in [1msrc/core/models/evidence_model.py[0m:
  LOC - 166
Found [[35mMetrics[0m] in [1msrc/legal_compliance/court_evidence_verifier.py[0m:
  LOC - 246
No [[35mMetrics[0m] found in [1msrc/web/app.py[0m.
Found [[35mMetrics[0m] in [1msrc/web/blueprints/evidence_routes.py[0m:
  LOC - 376
Found [[35mMetrics[0m] in [1msrc/mail_parser/models/evidence_model.py[0m:
  LOC - 166
Found [[35mMetrics[0m] in [1msrc/core/services/integrity_service.py[0m:
  LOC - 121
Found [[35mMetrics[0m] in [1msrc/cli/batch_processor.py[0m:
  LOC - 188
Found [[35mMetrics[0m] in [1msrc/core/models/timeline_model.py[0m:
  LOC - 218
Found [[35mMetrics[0m] in [1msrc/docs/__init__.py[0m:
  LOC - 28
Found [[35mMetrics[0m] in [1msrc/services/file_service.py[0m:
  LOC - 295
Found [[35mMetrics[0m] in [1msrc/core/logging_utils.py[0m:
  LOC - 38
Found [[35mMetrics[0m] in [1msrc/mail_parser/models/email_model.py[0m:
  LOC - 129
Found [[35mMetrics[0m] in [1msrc/mail_parser/processor.py[0m:
  LOC - 479
No [[35mMetrics[0m] found in [1msrc/docs/auto_updater.py[0m.
Found [[35mMetrics[0m] in [1msrc/system_tests/core_tests.py[0m:
  LOC - 236
Found [[35mMetrics[0m] in [1msrc/mail_parser/text_utils.py[0m:
  LOC - 107
Found [[35mMetrics[0m] in [1msrc/database/email_db.py[0m:
  LOC - 840
Found [[35mMetrics[0m] in [1msrc/mail_parser/packaging.py[0m:
  LOC - 246
Found [[35mMetrics[0m] in [1msrc/web/blueprints/main_routes.py[0m:
  LOC - 115
Found [[35mMetrics[0m] in [1msrc/core/startup.py[0m:
  LOC - 114
Found [[35mMetrics[0m] in [1msrc/mail_parser/reporter.py[0m:
  LOC - 170
Found [[35mMetrics[0m] in [1msrc/utils/temp_manager.py[0m:
  LOC - 350
Found [[35mMetrics[0m] in [1msrc/utils/email_utils.py[0m:
  LOC - 40
Found [[35mMetrics[0m] in [1msrc/core/job_store.py[0m:
  LOC - 66
Found [[35mMetrics[0m] in [1mstatic/js/common.js[0m:
  LOC - 154
Analysis complete
Codacy analysis finished.
----- 2026-01-24 12:53:27 -----
2026-01-23 19:34:27.583231900 +0900 242274 codacy_run.log
--- docker ps (codacy) ---
CONTAINER ID   IMAGE     STATUS    NAMES
--- last 50 lines of codacy_run.log ---
Found [[35mMetrics[0m] in [1msrc/core/models/evidence_model.py[0m:
  LOC - 166
Found [[35mMetrics[0m] in [1msrc/legal_compliance/court_evidence_verifier.py[0m:
  LOC - 246
No [[35mMetrics[0m] found in [1msrc/web/app.py[0m.
Found [[35mMetrics[0m] in [1msrc/web/blueprints/evidence_routes.py[0m:
  LOC - 376
Found [[35mMetrics[0m] in [1msrc/mail_parser/models/evidence_model.py[0m:
  LOC - 166
Found [[35mMetrics[0m] in [1msrc/core/services/integrity_service.py[0m:
  LOC - 121
Found [[35mMetrics[0m] in [1msrc/cli/batch_processor.py[0m:
  LOC - 188
Found [[35mMetrics[0m] in [1msrc/core/models/timeline_model.py[0m:
  LOC - 218
Found [[35mMetrics[0m] in [1msrc/docs/__init__.py[0m:
  LOC - 28
Found [[35mMetrics[0m] in [1msrc/services/file_service.py[0m:
  LOC - 295
Found [[35mMetrics[0m] in [1msrc/core/logging_utils.py[0m:
  LOC - 38
Found [[35mMetrics[0m] in [1msrc/mail_parser/models/email_model.py[0m:
  LOC - 129
Found [[35mMetrics[0m] in [1msrc/mail_parser/processor.py[0m:
  LOC - 479
No [[35mMetrics[0m] found in [1msrc/docs/auto_updater.py[0m.
Found [[35mMetrics[0m] in [1msrc/system_tests/core_tests.py[0m:
  LOC - 236
Found [[35mMetrics[0m] in [1msrc/mail_parser/text_utils.py[0m:
  LOC - 107
Found [[35mMetrics[0m] in [1msrc/database/email_db.py[0m:
  LOC - 840
Found [[35mMetrics[0m] in [1msrc/mail_parser/packaging.py[0m:
  LOC - 246
Found [[35mMetrics[0m] in [1msrc/web/blueprints/main_routes.py[0m:
  LOC - 115
Found [[35mMetrics[0m] in [1msrc/core/startup.py[0m:
  LOC - 114
Found [[35mMetrics[0m] in [1msrc/mail_parser/reporter.py[0m:
  LOC - 170
Found [[35mMetrics[0m] in [1msrc/utils/temp_manager.py[0m:
  LOC - 350
Found [[35mMetrics[0m] in [1msrc/utils/email_utils.py[0m:
  LOC - 40
Found [[35mMetrics[0m] in [1msrc/core/job_store.py[0m:
  LOC - 66
Found [[35mMetrics[0m] in [1mstatic/js/common.js[0m:
  LOC - 154
Analysis complete
Codacy analysis finished.
----- 2026-01-24 12:54:30 -----
2026-01-23 19:34:27.583231900 +0900 242274 codacy_run.log
--- docker ps (codacy) ---
CONTAINER ID   IMAGE     STATUS    NAMES
--- last 50 lines of codacy_run.log ---
Found [[35mMetrics[0m] in [1msrc/core/models/evidence_model.py[0m:
  LOC - 166
Found [[35mMetrics[0m] in [1msrc/legal_compliance/court_evidence_verifier.py[0m:
  LOC - 246
No [[35mMetrics[0m] found in [1msrc/web/app.py[0m.
Found [[35mMetrics[0m] in [1msrc/web/blueprints/evidence_routes.py[0m:
  LOC - 376
Found [[35mMetrics[0m] in [1msrc/mail_parser/models/evidence_model.py[0m:
  LOC - 166
Found [[35mMetrics[0m] in [1msrc/core/services/integrity_service.py[0m:
  LOC - 121
Found [[35mMetrics[0m] in [1msrc/cli/batch_processor.py[0m:
  LOC - 188
Found [[35mMetrics[0m] in [1msrc/core/models/timeline_model.py[0m:
  LOC - 218
Found [[35mMetrics[0m] in [1msrc/docs/__init__.py[0m:
  LOC - 28
Found [[35mMetrics[0m] in [1msrc/services/file_service.py[0m:
  LOC - 295
Found [[35mMetrics[0m] in [1msrc/core/logging_utils.py[0m:
  LOC - 38
Found [[35mMetrics[0m] in [1msrc/mail_parser/models/email_model.py[0m:
  LOC - 129
Found [[35mMetrics[0m] in [1msrc/mail_parser/processor.py[0m:
  LOC - 479
No [[35mMetrics[0m] found in [1msrc/docs/auto_updater.py[0m.
Found [[35mMetrics[0m] in [1msrc/system_tests/core_tests.py[0m:
  LOC - 236
Found [[35mMetrics[0m] in [1msrc/mail_parser/text_utils.py[0m:
  LOC - 107
Found [[35mMetrics[0m] in [1msrc/database/email_db.py[0m:
  LOC - 840
Found [[35mMetrics[0m] in [1msrc/mail_parser/packaging.py[0m:
  LOC - 246
Found [[35mMetrics[0m] in [1msrc/web/blueprints/main_routes.py[0m:
  LOC - 115
Found [[35mMetrics[0m] in [1msrc/core/startup.py[0m:
  LOC - 114
Found [[35mMetrics[0m] in [1msrc/mail_parser/reporter.py[0m:
  LOC - 170
Found [[35mMetrics[0m] in [1msrc/utils/temp_manager.py[0m:
  LOC - 350
Found [[35mMetrics[0m] in [1msrc/utils/email_utils.py[0m:
  LOC - 40
Found [[35mMetrics[0m] in [1msrc/core/job_store.py[0m:
  LOC - 66
Found [[35mMetrics[0m] in [1mstatic/js/common.js[0m:
  LOC - 154
Analysis complete
Codacy analysis finished.
----- 2026-01-24 12:55:32 -----
2026-01-23 19:34:27.583231900 +0900 242274 codacy_run.log
--- docker ps (codacy) ---
CONTAINER ID   IMAGE     STATUS    NAMES
--- last 50 lines of codacy_run.log ---
Found [[35mMetrics[0m] in [1msrc/core/models/evidence_model.py[0m:
  LOC - 166
Found [[35mMetrics[0m] in [1msrc/legal_compliance/court_evidence_verifier.py[0m:
  LOC - 246
No [[35mMetrics[0m] found in [1msrc/web/app.py[0m.
Found [[35mMetrics[0m] in [1msrc/web/blueprints/evidence_routes.py[0m:
  LOC - 376
Found [[35mMetrics[0m] in [1msrc/mail_parser/models/evidence_model.py[0m:
  LOC - 166
Found [[35mMetrics[0m] in [1msrc/core/services/integrity_service.py[0m:
  LOC - 121
Found [[35mMetrics[0m] in [1msrc/cli/batch_processor.py[0m:
  LOC - 188
Found [[35mMetrics[0m] in [1msrc/core/models/timeline_model.py[0m:
  LOC - 218
Found [[35mMetrics[0m] in [1msrc/docs/__init__.py[0m:
  LOC - 28
Found [[35mMetrics[0m] in [1msrc/services/file_service.py[0m:
  LOC - 295
Found [[35mMetrics[0m] in [1msrc/core/logging_utils.py[0m:
  LOC - 38
Found [[35mMetrics[0m] in [1msrc/mail_parser/models/email_model.py[0m:
  LOC - 129
Found [[35mMetrics[0m] in [1msrc/mail_parser/processor.py[0m:
  LOC - 479
No [[35mMetrics[0m] found in [1msrc/docs/auto_updater.py[0m.
Found [[35mMetrics[0m] in [1msrc/system_tests/core_tests.py[0m:
  LOC - 236
Found [[35mMetrics[0m] in [1msrc/mail_parser/text_utils.py[0m:
  LOC - 107
Found [[35mMetrics[0m] in [1msrc/database/email_db.py[0m:
  LOC - 840
Found [[35mMetrics[0m] in [1msrc/mail_parser/packaging.py[0m:
  LOC - 246
Found [[35mMetrics[0m] in [1msrc/web/blueprints/main_routes.py[0m:
  LOC - 115
Found [[35mMetrics[0m] in [1msrc/core/startup.py[0m:
  LOC - 114
Found [[35mMetrics[0m] in [1msrc/mail_parser/reporter.py[0m:
  LOC - 170
Found [[35mMetrics[0m] in [1msrc/utils/temp_manager.py[0m:
  LOC - 350
Found [[35mMetrics[0m] in [1msrc/utils/email_utils.py[0m:
  LOC - 40
Found [[35mMetrics[0m] in [1msrc/core/job_store.py[0m:
  LOC - 66
Found [[35mMetrics[0m] in [1mstatic/js/common.js[0m:
  LOC - 154
Analysis complete
Codacy analysis finished.
----- 2026-01-24 22:49:18 -----
2026-01-23 19:34:27.583231900 +0900 242274 codacy_run.log
--- docker ps (codacy) ---
CONTAINER ID   IMAGE     STATUS    NAMES
--- last 50 lines of codacy_run.log ---
Found [[35mMetrics[0m] in [1msrc/core/models/evidence_model.py[0m:
  LOC - 166
Found [[35mMetrics[0m] in [1msrc/legal_compliance/court_evidence_verifier.py[0m:
  LOC - 246
No [[35mMetrics[0m] found in [1msrc/web/app.py[0m.
Found [[35mMetrics[0m] in [1msrc/web/blueprints/evidence_routes.py[0m:
  LOC - 376
Found [[35mMetrics[0m] in [1msrc/mail_parser/models/evidence_model.py[0m:
  LOC - 166
Found [[35mMetrics[0m] in [1msrc/core/services/integrity_service.py[0m:
  LOC - 121
Found [[35mMetrics[0m] in [1msrc/cli/batch_processor.py[0m:
  LOC - 188
Found [[35mMetrics[0m] in [1msrc/core/models/timeline_model.py[0m:
  LOC - 218
Found [[35mMetrics[0m] in [1msrc/docs/__init__.py[0m:
  LOC - 28
Found [[35mMetrics[0m] in [1msrc/services/file_service.py[0m:
  LOC - 295
Found [[35mMetrics[0m] in [1msrc/core/logging_utils.py[0m:
  LOC - 38
Found [[35mMetrics[0m] in [1msrc/mail_parser/models/email_model.py[0m:
  LOC - 129
Found [[35mMetrics[0m] in [1msrc/mail_parser/processor.py[0m:
  LOC - 479
No [[35mMetrics[0m] found in [1msrc/docs/auto_updater.py[0m.
Found [[35mMetrics[0m] in [1msrc/system_tests/core_tests.py[0m:
  LOC - 236
Found [[35mMetrics[0m] in [1msrc/mail_parser/text_utils.py[0m:
  LOC - 107
Found [[35mMetrics[0m] in [1msrc/database/email_db.py[0m:
  LOC - 840
Found [[35mMetrics[0m] in [1msrc/mail_parser/packaging.py[0m:
  LOC - 246
Found [[35mMetrics[0m] in [1msrc/web/blueprints/main_routes.py[0m:
  LOC - 115
Found [[35mMetrics[0m] in [1msrc/core/startup.py[0m:
  LOC - 114
Found [[35mMetrics[0m] in [1msrc/mail_parser/reporter.py[0m:
  LOC - 170
Found [[35mMetrics[0m] in [1msrc/utils/temp_manager.py[0m:
  LOC - 350
Found [[35mMetrics[0m] in [1msrc/utils/email_utils.py[0m:
  LOC - 40
Found [[35mMetrics[0m] in [1msrc/core/job_store.py[0m:
  LOC - 66
Found [[35mMetrics[0m] in [1mstatic/js/common.js[0m:
  LOC - 154
Analysis complete
Codacy analysis finished.
----- 2026-01-24 22:50:26 -----
2026-01-23 19:34:27.583231900 +0900 242274 codacy_run.log
--- docker ps (codacy) ---
CONTAINER ID   IMAGE     STATUS    NAMES
--- last 50 lines of codacy_run.log ---
Found [[35mMetrics[0m] in [1msrc/core/models/evidence_model.py[0m:
  LOC - 166
Found [[35mMetrics[0m] in [1msrc/legal_compliance/court_evidence_verifier.py[0m:
  LOC - 246
No [[35mMetrics[0m] found in [1msrc/web/app.py[0m.
Found [[35mMetrics[0m] in [1msrc/web/blueprints/evidence_routes.py[0m:
  LOC - 376
Found [[35mMetrics[0m] in [1msrc/mail_parser/models/evidence_model.py[0m:
  LOC - 166
Found [[35mMetrics[0m] in [1msrc/core/services/integrity_service.py[0m:
  LOC - 121
Found [[35mMetrics[0m] in [1msrc/cli/batch_processor.py[0m:
  LOC - 188
Found [[35mMetrics[0m] in [1msrc/core/models/timeline_model.py[0m:
  LOC - 218
Found [[35mMetrics[0m] in [1msrc/docs/__init__.py[0m:
  LOC - 28
Found [[35mMetrics[0m] in [1msrc/services/file_service.py[0m:
  LOC - 295
Found [[35mMetrics[0m] in [1msrc/core/logging_utils.py[0m:
  LOC - 38
Found [[35mMetrics[0m] in [1msrc/mail_parser/models/email_model.py[0m:
  LOC - 129
Found [[35mMetrics[0m] in [1msrc/mail_parser/processor.py[0m:
  LOC - 479
No [[35mMetrics[0m] found in [1msrc/docs/auto_updater.py[0m.
Found [[35mMetrics[0m] in [1msrc/system_tests/core_tests.py[0m:
  LOC - 236
Found [[35mMetrics[0m] in [1msrc/mail_parser/text_utils.py[0m:
  LOC - 107
Found [[35mMetrics[0m] in [1msrc/database/email_db.py[0m:
  LOC - 840
Found [[35mMetrics[0m] in [1msrc/mail_parser/packaging.py[0m:
  LOC - 246
Found [[35mMetrics[0m] in [1msrc/web/blueprints/main_routes.py[0m:
  LOC - 115
Found [[35mMetrics[0m] in [1msrc/core/startup.py[0m:
  LOC - 114
Found [[35mMetrics[0m] in [1msrc/mail_parser/reporter.py[0m:
  LOC - 170
Found [[35mMetrics[0m] in [1msrc/utils/temp_manager.py[0m:
  LOC - 350
Found [[35mMetrics[0m] in [1msrc/utils/email_utils.py[0m:
  LOC - 40
Found [[35mMetrics[0m] in [1msrc/core/job_store.py[0m:
  LOC - 66
Found [[35mMetrics[0m] in [1mstatic/js/common.js[0m:
  LOC - 154
Analysis complete
Codacy analysis finished.
----- 2026-01-24 22:51:29 -----
2026-01-23 19:34:27.583231900 +0900 242274 codacy_run.log
--- docker ps (codacy) ---
CONTAINER ID   IMAGE     STATUS    NAMES
--- last 50 lines of codacy_run.log ---
Found [[35mMetrics[0m] in [1msrc/core/models/evidence_model.py[0m:
  LOC - 166
Found [[35mMetrics[0m] in [1msrc/legal_compliance/court_evidence_verifier.py[0m:
  LOC - 246
No [[35mMetrics[0m] found in [1msrc/web/app.py[0m.
Found [[35mMetrics[0m] in [1msrc/web/blueprints/evidence_routes.py[0m:
  LOC - 376
Found [[35mMetrics[0m] in [1msrc/mail_parser/models/evidence_model.py[0m:
  LOC - 166
Found [[35mMetrics[0m] in [1msrc/core/services/integrity_service.py[0m:
  LOC - 121
Found [[35mMetrics[0m] in [1msrc/cli/batch_processor.py[0m:
  LOC - 188
Found [[35mMetrics[0m] in [1msrc/core/models/timeline_model.py[0m:
  LOC - 218
Found [[35mMetrics[0m] in [1msrc/docs/__init__.py[0m:
  LOC - 28
Found [[35mMetrics[0m] in [1msrc/services/file_service.py[0m:
  LOC - 295
Found [[35mMetrics[0m] in [1msrc/core/logging_utils.py[0m:
  LOC - 38
Found [[35mMetrics[0m] in [1msrc/mail_parser/models/email_model.py[0m:
  LOC - 129
Found [[35mMetrics[0m] in [1msrc/mail_parser/processor.py[0m:
  LOC - 479
No [[35mMetrics[0m] found in [1msrc/docs/auto_updater.py[0m.
Found [[35mMetrics[0m] in [1msrc/system_tests/core_tests.py[0m:
  LOC - 236
Found [[35mMetrics[0m] in [1msrc/mail_parser/text_utils.py[0m:
  LOC - 107
Found [[35mMetrics[0m] in [1msrc/database/email_db.py[0m:
  LOC - 840
Found [[35mMetrics[0m] in [1msrc/mail_parser/packaging.py[0m:
  LOC - 246
Found [[35mMetrics[0m] in [1msrc/web/blueprints/main_routes.py[0m:
  LOC - 115
Found [[35mMetrics[0m] in [1msrc/core/startup.py[0m:
  LOC - 114
Found [[35mMetrics[0m] in [1msrc/mail_parser/reporter.py[0m:
  LOC - 170
Found [[35mMetrics[0m] in [1msrc/utils/temp_manager.py[0m:
  LOC - 350
Found [[35mMetrics[0m] in [1msrc/utils/email_utils.py[0m:
  LOC - 40
Found [[35mMetrics[0m] in [1msrc/core/job_store.py[0m:
  LOC - 66
Found [[35mMetrics[0m] in [1mstatic/js/common.js[0m:
  LOC - 154
Analysis complete
Codacy analysis finished.
----- 2026-01-24 22:52:30 -----
2026-01-23 19:34:27.583231900 +0900 242274 codacy_run.log
--- docker ps (codacy) ---
CONTAINER ID   IMAGE     STATUS    NAMES
--- last 50 lines of codacy_run.log ---
Found [[35mMetrics[0m] in [1msrc/core/models/evidence_model.py[0m:
  LOC - 166
Found [[35mMetrics[0m] in [1msrc/legal_compliance/court_evidence_verifier.py[0m:
  LOC - 246
No [[35mMetrics[0m] found in [1msrc/web/app.py[0m.
Found [[35mMetrics[0m] in [1msrc/web/blueprints/evidence_routes.py[0m:
  LOC - 376
Found [[35mMetrics[0m] in [1msrc/mail_parser/models/evidence_model.py[0m:
  LOC - 166
Found [[35mMetrics[0m] in [1msrc/core/services/integrity_service.py[0m:
  LOC - 121
Found [[35mMetrics[0m] in [1msrc/cli/batch_processor.py[0m:
  LOC - 188
Found [[35mMetrics[0m] in [1msrc/core/models/timeline_model.py[0m:
  LOC - 218
Found [[35mMetrics[0m] in [1msrc/docs/__init__.py[0m:
  LOC - 28
Found [[35mMetrics[0m] in [1msrc/services/file_service.py[0m:
  LOC - 295
Found [[35mMetrics[0m] in [1msrc/core/logging_utils.py[0m:
  LOC - 38
Found [[35mMetrics[0m] in [1msrc/mail_parser/models/email_model.py[0m:
  LOC - 129
Found [[35mMetrics[0m] in [1msrc/mail_parser/processor.py[0m:
  LOC - 479
No [[35mMetrics[0m] found in [1msrc/docs/auto_updater.py[0m.
Found [[35mMetrics[0m] in [1msrc/system_tests/core_tests.py[0m:
  LOC - 236
Found [[35mMetrics[0m] in [1msrc/mail_parser/text_utils.py[0m:
  LOC - 107
Found [[35mMetrics[0m] in [1msrc/database/email_db.py[0m:
  LOC - 840
Found [[35mMetrics[0m] in [1msrc/mail_parser/packaging.py[0m:
  LOC - 246
Found [[35mMetrics[0m] in [1msrc/web/blueprints/main_routes.py[0m:
  LOC - 115
Found [[35mMetrics[0m] in [1msrc/core/startup.py[0m:
  LOC - 114
Found [[35mMetrics[0m] in [1msrc/mail_parser/reporter.py[0m:
  LOC - 170
Found [[35mMetrics[0m] in [1msrc/utils/temp_manager.py[0m:
  LOC - 350
Found [[35mMetrics[0m] in [1msrc/utils/email_utils.py[0m:
  LOC - 40
Found [[35mMetrics[0m] in [1msrc/core/job_store.py[0m:
  LOC - 66
Found [[35mMetrics[0m] in [1mstatic/js/common.js[0m:
  LOC - 154
Analysis complete
Codacy analysis finished.
----- 2026-01-25 12:48:35 -----
2026-01-23 19:34:27.583231900 +0900 242274 codacy_run.log
--- docker ps (codacy) ---
CONTAINER ID   IMAGE     STATUS    NAMES
--- last 50 lines of codacy_run.log ---
Found [[35mMetrics[0m] in [1msrc/core/models/evidence_model.py[0m:
  LOC - 166
Found [[35mMetrics[0m] in [1msrc/legal_compliance/court_evidence_verifier.py[0m:
  LOC - 246
No [[35mMetrics[0m] found in [1msrc/web/app.py[0m.
Found [[35mMetrics[0m] in [1msrc/web/blueprints/evidence_routes.py[0m:
  LOC - 376
Found [[35mMetrics[0m] in [1msrc/mail_parser/models/evidence_model.py[0m:
  LOC - 166
Found [[35mMetrics[0m] in [1msrc/core/services/integrity_service.py[0m:
  LOC - 121
Found [[35mMetrics[0m] in [1msrc/cli/batch_processor.py[0m:
  LOC - 188
Found [[35mMetrics[0m] in [1msrc/core/models/timeline_model.py[0m:
  LOC - 218
Found [[35mMetrics[0m] in [1msrc/docs/__init__.py[0m:
  LOC - 28
Found [[35mMetrics[0m] in [1msrc/services/file_service.py[0m:
  LOC - 295
Found [[35mMetrics[0m] in [1msrc/core/logging_utils.py[0m:
  LOC - 38
Found [[35mMetrics[0m] in [1msrc/mail_parser/models/email_model.py[0m:
  LOC - 129
Found [[35mMetrics[0m] in [1msrc/mail_parser/processor.py[0m:
  LOC - 479
No [[35mMetrics[0m] found in [1msrc/docs/auto_updater.py[0m.
Found [[35mMetrics[0m] in [1msrc/system_tests/core_tests.py[0m:
  LOC - 236
Found [[35mMetrics[0m] in [1msrc/mail_parser/text_utils.py[0m:
  LOC - 107
Found [[35mMetrics[0m] in [1msrc/database/email_db.py[0m:
  LOC - 840
Found [[35mMetrics[0m] in [1msrc/mail_parser/packaging.py[0m:
  LOC - 246
Found [[35mMetrics[0m] in [1msrc/web/blueprints/main_routes.py[0m:
  LOC - 115
Found [[35mMetrics[0m] in [1msrc/core/startup.py[0m:
  LOC - 114
Found [[35mMetrics[0m] in [1msrc/mail_parser/reporter.py[0m:
  LOC - 170
Found [[35mMetrics[0m] in [1msrc/utils/temp_manager.py[0m:
  LOC - 350
Found [[35mMetrics[0m] in [1msrc/utils/email_utils.py[0m:
  LOC - 40
Found [[35mMetrics[0m] in [1msrc/core/job_store.py[0m:
  LOC - 66
Found [[35mMetrics[0m] in [1mstatic/js/common.js[0m:
  LOC - 154
Analysis complete
Codacy analysis finished.
----- 2026-01-25 12:49:39 -----
2026-01-23 19:34:27.583231900 +0900 242274 codacy_run.log
--- docker ps (codacy) ---
CONTAINER ID   IMAGE     STATUS    NAMES
--- last 50 lines of codacy_run.log ---
Found [[35mMetrics[0m] in [1msrc/core/models/evidence_model.py[0m:
  LOC - 166
Found [[35mMetrics[0m] in [1msrc/legal_compliance/court_evidence_verifier.py[0m:
  LOC - 246
No [[35mMetrics[0m] found in [1msrc/web/app.py[0m.
Found [[35mMetrics[0m] in [1msrc/web/blueprints/evidence_routes.py[0m:
  LOC - 376
Found [[35mMetrics[0m] in [1msrc/mail_parser/models/evidence_model.py[0m:
  LOC - 166
Found [[35mMetrics[0m] in [1msrc/core/services/integrity_service.py[0m:
  LOC - 121
Found [[35mMetrics[0m] in [1msrc/cli/batch_processor.py[0m:
  LOC - 188
Found [[35mMetrics[0m] in [1msrc/core/models/timeline_model.py[0m:
  LOC - 218
Found [[35mMetrics[0m] in [1msrc/docs/__init__.py[0m:
  LOC - 28
Found [[35mMetrics[0m] in [1msrc/services/file_service.py[0m:
  LOC - 295
Found [[35mMetrics[0m] in [1msrc/core/logging_utils.py[0m:
  LOC - 38
Found [[35mMetrics[0m] in [1msrc/mail_parser/models/email_model.py[0m:
  LOC - 129
Found [[35mMetrics[0m] in [1msrc/mail_parser/processor.py[0m:
  LOC - 479
No [[35mMetrics[0m] found in [1msrc/docs/auto_updater.py[0m.
Found [[35mMetrics[0m] in [1msrc/system_tests/core_tests.py[0m:
  LOC - 236
Found [[35mMetrics[0m] in [1msrc/mail_parser/text_utils.py[0m:
  LOC - 107
Found [[35mMetrics[0m] in [1msrc/database/email_db.py[0m:
  LOC - 840
Found [[35mMetrics[0m] in [1msrc/mail_parser/packaging.py[0m:
  LOC - 246
Found [[35mMetrics[0m] in [1msrc/web/blueprints/main_routes.py[0m:
  LOC - 115
Found [[35mMetrics[0m] in [1msrc/core/startup.py[0m:
  LOC - 114
Found [[35mMetrics[0m] in [1msrc/mail_parser/reporter.py[0m:
  LOC - 170
Found [[35mMetrics[0m] in [1msrc/utils/temp_manager.py[0m:
  LOC - 350
Found [[35mMetrics[0m] in [1msrc/utils/email_utils.py[0m:
  LOC - 40
Found [[35mMetrics[0m] in [1msrc/core/job_store.py[0m:
  LOC - 66
Found [[35mMetrics[0m] in [1mstatic/js/common.js[0m:
  LOC - 154
Analysis complete
Codacy analysis finished.
----- 2026-01-25 22:48:21 -----
2026-01-23 19:34:27.583231900 +0900 242274 codacy_run.log
--- docker ps (codacy) ---
CONTAINER ID   IMAGE     STATUS    NAMES
--- last 50 lines of codacy_run.log ---
Found [[35mMetrics[0m] in [1msrc/core/models/evidence_model.py[0m:
  LOC - 166
Found [[35mMetrics[0m] in [1msrc/legal_compliance/court_evidence_verifier.py[0m:
  LOC - 246
No [[35mMetrics[0m] found in [1msrc/web/app.py[0m.
Found [[35mMetrics[0m] in [1msrc/web/blueprints/evidence_routes.py[0m:
  LOC - 376
Found [[35mMetrics[0m] in [1msrc/mail_parser/models/evidence_model.py[0m:
  LOC - 166
Found [[35mMetrics[0m] in [1msrc/core/services/integrity_service.py[0m:
  LOC - 121
Found [[35mMetrics[0m] in [1msrc/cli/batch_processor.py[0m:
  LOC - 188
Found [[35mMetrics[0m] in [1msrc/core/models/timeline_model.py[0m:
  LOC - 218
Found [[35mMetrics[0m] in [1msrc/docs/__init__.py[0m:
  LOC - 28
Found [[35mMetrics[0m] in [1msrc/services/file_service.py[0m:
  LOC - 295
Found [[35mMetrics[0m] in [1msrc/core/logging_utils.py[0m:
  LOC - 38
Found [[35mMetrics[0m] in [1msrc/mail_parser/models/email_model.py[0m:
  LOC - 129
Found [[35mMetrics[0m] in [1msrc/mail_parser/processor.py[0m:
  LOC - 479
No [[35mMetrics[0m] found in [1msrc/docs/auto_updater.py[0m.
Found [[35mMetrics[0m] in [1msrc/system_tests/core_tests.py[0m:
  LOC - 236
Found [[35mMetrics[0m] in [1msrc/mail_parser/text_utils.py[0m:
  LOC - 107
Found [[35mMetrics[0m] in [1msrc/database/email_db.py[0m:
  LOC - 840
Found [[35mMetrics[0m] in [1msrc/mail_parser/packaging.py[0m:
  LOC - 246
Found [[35mMetrics[0m] in [1msrc/web/blueprints/main_routes.py[0m:
  LOC - 115
Found [[35mMetrics[0m] in [1msrc/core/startup.py[0m:
  LOC - 114
Found [[35mMetrics[0m] in [1msrc/mail_parser/reporter.py[0m:
  LOC - 170
Found [[35mMetrics[0m] in [1msrc/utils/temp_manager.py[0m:
  LOC - 350
Found [[35mMetrics[0m] in [1msrc/utils/email_utils.py[0m:
  LOC - 40
Found [[35mMetrics[0m] in [1msrc/core/job_store.py[0m:
  LOC - 66
Found [[35mMetrics[0m] in [1mstatic/js/common.js[0m:
  LOC - 154
Analysis complete
Codacy analysis finished.
----- 2026-01-25 22:49:27 -----
2026-01-23 19:34:27.583231900 +0900 242274 codacy_run.log
--- docker ps (codacy) ---
CONTAINER ID   IMAGE     STATUS    NAMES
--- last 50 lines of codacy_run.log ---
Found [[35mMetrics[0m] in [1msrc/core/models/evidence_model.py[0m:
  LOC - 166
Found [[35mMetrics[0m] in [1msrc/legal_compliance/court_evidence_verifier.py[0m:
  LOC - 246
No [[35mMetrics[0m] found in [1msrc/web/app.py[0m.
Found [[35mMetrics[0m] in [1msrc/web/blueprints/evidence_routes.py[0m:
  LOC - 376
Found [[35mMetrics[0m] in [1msrc/mail_parser/models/evidence_model.py[0m:
  LOC - 166
Found [[35mMetrics[0m] in [1msrc/core/services/integrity_service.py[0m:
  LOC - 121
Found [[35mMetrics[0m] in [1msrc/cli/batch_processor.py[0m:
  LOC - 188
Found [[35mMetrics[0m] in [1msrc/core/models/timeline_model.py[0m:
  LOC - 218
Found [[35mMetrics[0m] in [1msrc/docs/__init__.py[0m:
  LOC - 28
Found [[35mMetrics[0m] in [1msrc/services/file_service.py[0m:
  LOC - 295
Found [[35mMetrics[0m] in [1msrc/core/logging_utils.py[0m:
  LOC - 38
Found [[35mMetrics[0m] in [1msrc/mail_parser/models/email_model.py[0m:
  LOC - 129
Found [[35mMetrics[0m] in [1msrc/mail_parser/processor.py[0m:
  LOC - 479
No [[35mMetrics[0m] found in [1msrc/docs/auto_updater.py[0m.
Found [[35mMetrics[0m] in [1msrc/system_tests/core_tests.py[0m:
  LOC - 236
Found [[35mMetrics[0m] in [1msrc/mail_parser/text_utils.py[0m:
  LOC - 107
Found [[35mMetrics[0m] in [1msrc/database/email_db.py[0m:
  LOC - 840
Found [[35mMetrics[0m] in [1msrc/mail_parser/packaging.py[0m:
  LOC - 246
Found [[35mMetrics[0m] in [1msrc/web/blueprints/main_routes.py[0m:
  LOC - 115
Found [[35mMetrics[0m] in [1msrc/core/startup.py[0m:
  LOC - 114
Found [[35mMetrics[0m] in [1msrc/mail_parser/reporter.py[0m:
  LOC - 170
Found [[35mMetrics[0m] in [1msrc/utils/temp_manager.py[0m:
  LOC - 350
Found [[35mMetrics[0m] in [1msrc/utils/email_utils.py[0m:
  LOC - 40
Found [[35mMetrics[0m] in [1msrc/core/job_store.py[0m:
  LOC - 66
Found [[35mMetrics[0m] in [1mstatic/js/common.js[0m:
  LOC - 154
Analysis complete
Codacy analysis finished.
----- 2026-01-25 22:50:31 -----
2026-01-23 19:34:27.583231900 +0900 242274 codacy_run.log
--- docker ps (codacy) ---
CONTAINER ID   IMAGE     STATUS    NAMES
--- last 50 lines of codacy_run.log ---
Found [[35mMetrics[0m] in [1msrc/core/models/evidence_model.py[0m:
  LOC - 166
Found [[35mMetrics[0m] in [1msrc/legal_compliance/court_evidence_verifier.py[0m:
  LOC - 246
No [[35mMetrics[0m] found in [1msrc/web/app.py[0m.
Found [[35mMetrics[0m] in [1msrc/web/blueprints/evidence_routes.py[0m:
  LOC - 376
Found [[35mMetrics[0m] in [1msrc/mail_parser/models/evidence_model.py[0m:
  LOC - 166
Found [[35mMetrics[0m] in [1msrc/core/services/integrity_service.py[0m:
  LOC - 121
Found [[35mMetrics[0m] in [1msrc/cli/batch_processor.py[0m:
  LOC - 188
Found [[35mMetrics[0m] in [1msrc/core/models/timeline_model.py[0m:
  LOC - 218
Found [[35mMetrics[0m] in [1msrc/docs/__init__.py[0m:
  LOC - 28
Found [[35mMetrics[0m] in [1msrc/services/file_service.py[0m:
  LOC - 295
Found [[35mMetrics[0m] in [1msrc/core/logging_utils.py[0m:
  LOC - 38
Found [[35mMetrics[0m] in [1msrc/mail_parser/models/email_model.py[0m:
  LOC - 129
Found [[35mMetrics[0m] in [1msrc/mail_parser/processor.py[0m:
  LOC - 479
No [[35mMetrics[0m] found in [1msrc/docs/auto_updater.py[0m.
Found [[35mMetrics[0m] in [1msrc/system_tests/core_tests.py[0m:
  LOC - 236
Found [[35mMetrics[0m] in [1msrc/mail_parser/text_utils.py[0m:
  LOC - 107
Found [[35mMetrics[0m] in [1msrc/database/email_db.py[0m:
  LOC - 840
Found [[35mMetrics[0m] in [1msrc/mail_parser/packaging.py[0m:
  LOC - 246
Found [[35mMetrics[0m] in [1msrc/web/blueprints/main_routes.py[0m:
  LOC - 115
Found [[35mMetrics[0m] in [1msrc/core/startup.py[0m:
  LOC - 114
Found [[35mMetrics[0m] in [1msrc/mail_parser/reporter.py[0m:
  LOC - 170
Found [[35mMetrics[0m] in [1msrc/utils/temp_manager.py[0m:
  LOC - 350
Found [[35mMetrics[0m] in [1msrc/utils/email_utils.py[0m:
  LOC - 40
Found [[35mMetrics[0m] in [1msrc/core/job_store.py[0m:
  LOC - 66
Found [[35mMetrics[0m] in [1mstatic/js/common.js[0m:
  LOC - 154
Analysis complete
Codacy analysis finished.
----- 2026-01-25 22:51:33 -----
2026-01-23 19:34:27.583231900 +0900 242274 codacy_run.log
--- docker ps (codacy) ---
CONTAINER ID   IMAGE     STATUS    NAMES
--- last 50 lines of codacy_run.log ---
Found [[35mMetrics[0m] in [1msrc/core/models/evidence_model.py[0m:
  LOC - 166
Found [[35mMetrics[0m] in [1msrc/legal_compliance/court_evidence_verifier.py[0m:
  LOC - 246
No [[35mMetrics[0m] found in [1msrc/web/app.py[0m.
Found [[35mMetrics[0m] in [1msrc/web/blueprints/evidence_routes.py[0m:
  LOC - 376
Found [[35mMetrics[0m] in [1msrc/mail_parser/models/evidence_model.py[0m:
  LOC - 166
Found [[35mMetrics[0m] in [1msrc/core/services/integrity_service.py[0m:
  LOC - 121
Found [[35mMetrics[0m] in [1msrc/cli/batch_processor.py[0m:
  LOC - 188
Found [[35mMetrics[0m] in [1msrc/core/models/timeline_model.py[0m:
  LOC - 218
Found [[35mMetrics[0m] in [1msrc/docs/__init__.py[0m:
  LOC - 28
Found [[35mMetrics[0m] in [1msrc/services/file_service.py[0m:
  LOC - 295
Found [[35mMetrics[0m] in [1msrc/core/logging_utils.py[0m:
  LOC - 38
Found [[35mMetrics[0m] in [1msrc/mail_parser/models/email_model.py[0m:
  LOC - 129
Found [[35mMetrics[0m] in [1msrc/mail_parser/processor.py[0m:
  LOC - 479
No [[35mMetrics[0m] found in [1msrc/docs/auto_updater.py[0m.
Found [[35mMetrics[0m] in [1msrc/system_tests/core_tests.py[0m:
  LOC - 236
Found [[35mMetrics[0m] in [1msrc/mail_parser/text_utils.py[0m:
  LOC - 107
Found [[35mMetrics[0m] in [1msrc/database/email_db.py[0m:
  LOC - 840
Found [[35mMetrics[0m] in [1msrc/mail_parser/packaging.py[0m:
  LOC - 246
Found [[35mMetrics[0m] in [1msrc/web/blueprints/main_routes.py[0m:
  LOC - 115
Found [[35mMetrics[0m] in [1msrc/core/startup.py[0m:
  LOC - 114
Found [[35mMetrics[0m] in [1msrc/mail_parser/reporter.py[0m:
  LOC - 170
Found [[35mMetrics[0m] in [1msrc/utils/temp_manager.py[0m:
  LOC - 350
Found [[35mMetrics[0m] in [1msrc/utils/email_utils.py[0m:
  LOC - 40
Found [[35mMetrics[0m] in [1msrc/core/job_store.py[0m:
  LOC - 66
Found [[35mMetrics[0m] in [1mstatic/js/common.js[0m:
  LOC - 154
Analysis complete
Codacy analysis finished.
----- 2026-01-26 10:30:52 -----
2026-01-23 19:34:27.583231900 +0900 242274 codacy_run.log
--- docker ps (codacy) ---
CONTAINER ID   IMAGE     STATUS    NAMES
--- last 50 lines of codacy_run.log ---
Found [[35mMetrics[0m] in [1msrc/core/models/evidence_model.py[0m:
  LOC - 166
Found [[35mMetrics[0m] in [1msrc/legal_compliance/court_evidence_verifier.py[0m:
  LOC - 246
No [[35mMetrics[0m] found in [1msrc/web/app.py[0m.
Found [[35mMetrics[0m] in [1msrc/web/blueprints/evidence_routes.py[0m:
  LOC - 376
Found [[35mMetrics[0m] in [1msrc/mail_parser/models/evidence_model.py[0m:
  LOC - 166
Found [[35mMetrics[0m] in [1msrc/core/services/integrity_service.py[0m:
  LOC - 121
Found [[35mMetrics[0m] in [1msrc/cli/batch_processor.py[0m:
  LOC - 188
Found [[35mMetrics[0m] in [1msrc/core/models/timeline_model.py[0m:
  LOC - 218
Found [[35mMetrics[0m] in [1msrc/docs/__init__.py[0m:
  LOC - 28
Found [[35mMetrics[0m] in [1msrc/services/file_service.py[0m:
  LOC - 295
Found [[35mMetrics[0m] in [1msrc/core/logging_utils.py[0m:
  LOC - 38
Found [[35mMetrics[0m] in [1msrc/mail_parser/models/email_model.py[0m:
  LOC - 129
Found [[35mMetrics[0m] in [1msrc/mail_parser/processor.py[0m:
  LOC - 479
No [[35mMetrics[0m] found in [1msrc/docs/auto_updater.py[0m.
Found [[35mMetrics[0m] in [1msrc/system_tests/core_tests.py[0m:
  LOC - 236
Found [[35mMetrics[0m] in [1msrc/mail_parser/text_utils.py[0m:
  LOC - 107
Found [[35mMetrics[0m] in [1msrc/database/email_db.py[0m:
  LOC - 840
Found [[35mMetrics[0m] in [1msrc/mail_parser/packaging.py[0m:
  LOC - 246
Found [[35mMetrics[0m] in [1msrc/web/blueprints/main_routes.py[0m:
  LOC - 115
Found [[35mMetrics[0m] in [1msrc/core/startup.py[0m:
  LOC - 114
Found [[35mMetrics[0m] in [1msrc/mail_parser/reporter.py[0m:
  LOC - 170
Found [[35mMetrics[0m] in [1msrc/utils/temp_manager.py[0m:
  LOC - 350
Found [[35mMetrics[0m] in [1msrc/utils/email_utils.py[0m:
  LOC - 40
Found [[35mMetrics[0m] in [1msrc/core/job_store.py[0m:
  LOC - 66
Found [[35mMetrics[0m] in [1mstatic/js/common.js[0m:
  LOC - 154
Analysis complete
Codacy analysis finished.
----- 2026-01-26 10:32:19 -----
2026-01-23 19:34:27.583231900 +0900 242274 codacy_run.log
--- docker ps (codacy) ---
CONTAINER ID   IMAGE     STATUS    NAMES
--- last 50 lines of codacy_run.log ---
Found [[35mMetrics[0m] in [1msrc/core/models/evidence_model.py[0m:
  LOC - 166
Found [[35mMetrics[0m] in [1msrc/legal_compliance/court_evidence_verifier.py[0m:
  LOC - 246
No [[35mMetrics[0m] found in [1msrc/web/app.py[0m.
Found [[35mMetrics[0m] in [1msrc/web/blueprints/evidence_routes.py[0m:
  LOC - 376
Found [[35mMetrics[0m] in [1msrc/mail_parser/models/evidence_model.py[0m:
  LOC - 166
Found [[35mMetrics[0m] in [1msrc/core/services/integrity_service.py[0m:
  LOC - 121
Found [[35mMetrics[0m] in [1msrc/cli/batch_processor.py[0m:
  LOC - 188
Found [[35mMetrics[0m] in [1msrc/core/models/timeline_model.py[0m:
  LOC - 218
Found [[35mMetrics[0m] in [1msrc/docs/__init__.py[0m:
  LOC - 28
Found [[35mMetrics[0m] in [1msrc/services/file_service.py[0m:
  LOC - 295
Found [[35mMetrics[0m] in [1msrc/core/logging_utils.py[0m:
  LOC - 38
Found [[35mMetrics[0m] in [1msrc/mail_parser/models/email_model.py[0m:
  LOC - 129
Found [[35mMetrics[0m] in [1msrc/mail_parser/processor.py[0m:
  LOC - 479
No [[35mMetrics[0m] found in [1msrc/docs/auto_updater.py[0m.
Found [[35mMetrics[0m] in [1msrc/system_tests/core_tests.py[0m:
  LOC - 236
Found [[35mMetrics[0m] in [1msrc/mail_parser/text_utils.py[0m:
  LOC - 107
Found [[35mMetrics[0m] in [1msrc/database/email_db.py[0m:
  LOC - 840
Found [[35mMetrics[0m] in [1msrc/mail_parser/packaging.py[0m:
  LOC - 246
Found [[35mMetrics[0m] in [1msrc/web/blueprints/main_routes.py[0m:
  LOC - 115
Found [[35mMetrics[0m] in [1msrc/core/startup.py[0m:
  LOC - 114
Found [[35mMetrics[0m] in [1msrc/mail_parser/reporter.py[0m:
  LOC - 170
Found [[35mMetrics[0m] in [1msrc/utils/temp_manager.py[0m:
  LOC - 350
Found [[35mMetrics[0m] in [1msrc/utils/email_utils.py[0m:
  LOC - 40
Found [[35mMetrics[0m] in [1msrc/core/job_store.py[0m:
  LOC - 66
Found [[35mMetrics[0m] in [1mstatic/js/common.js[0m:
  LOC - 154
Analysis complete
Codacy analysis finished.
----- 2026-01-26 10:33:22 -----
2026-01-23 19:34:27.583231900 +0900 242274 codacy_run.log
--- docker ps (codacy) ---
CONTAINER ID   IMAGE     STATUS    NAMES
--- last 50 lines of codacy_run.log ---
Found [[35mMetrics[0m] in [1msrc/core/models/evidence_model.py[0m:
  LOC - 166
Found [[35mMetrics[0m] in [1msrc/legal_compliance/court_evidence_verifier.py[0m:
  LOC - 246
No [[35mMetrics[0m] found in [1msrc/web/app.py[0m.
Found [[35mMetrics[0m] in [1msrc/web/blueprints/evidence_routes.py[0m:
  LOC - 376
Found [[35mMetrics[0m] in [1msrc/mail_parser/models/evidence_model.py[0m:
  LOC - 166
Found [[35mMetrics[0m] in [1msrc/core/services/integrity_service.py[0m:
  LOC - 121
Found [[35mMetrics[0m] in [1msrc/cli/batch_processor.py[0m:
  LOC - 188
Found [[35mMetrics[0m] in [1msrc/core/models/timeline_model.py[0m:
  LOC - 218
Found [[35mMetrics[0m] in [1msrc/docs/__init__.py[0m:
  LOC - 28
Found [[35mMetrics[0m] in [1msrc/services/file_service.py[0m:
  LOC - 295
Found [[35mMetrics[0m] in [1msrc/core/logging_utils.py[0m:
  LOC - 38
Found [[35mMetrics[0m] in [1msrc/mail_parser/models/email_model.py[0m:
  LOC - 129
Found [[35mMetrics[0m] in [1msrc/mail_parser/processor.py[0m:
  LOC - 479
No [[35mMetrics[0m] found in [1msrc/docs/auto_updater.py[0m.
Found [[35mMetrics[0m] in [1msrc/system_tests/core_tests.py[0m:
  LOC - 236
Found [[35mMetrics[0m] in [1msrc/mail_parser/text_utils.py[0m:
  LOC - 107
Found [[35mMetrics[0m] in [1msrc/database/email_db.py[0m:
  LOC - 840
Found [[35mMetrics[0m] in [1msrc/mail_parser/packaging.py[0m:
  LOC - 246
Found [[35mMetrics[0m] in [1msrc/web/blueprints/main_routes.py[0m:
  LOC - 115
Found [[35mMetrics[0m] in [1msrc/core/startup.py[0m:
  LOC - 114
Found [[35mMetrics[0m] in [1msrc/mail_parser/reporter.py[0m:
  LOC - 170
Found [[35mMetrics[0m] in [1msrc/utils/temp_manager.py[0m:
  LOC - 350
Found [[35mMetrics[0m] in [1msrc/utils/email_utils.py[0m:
  LOC - 40
Found [[35mMetrics[0m] in [1msrc/core/job_store.py[0m:
  LOC - 66
Found [[35mMetrics[0m] in [1mstatic/js/common.js[0m:
  LOC - 154
Analysis complete
Codacy analysis finished.
----- 2026-01-26 10:34:25 -----
2026-01-23 19:34:27.583231900 +0900 242274 codacy_run.log
--- docker ps (codacy) ---
CONTAINER ID   IMAGE     STATUS    NAMES
--- last 50 lines of codacy_run.log ---
Found [[35mMetrics[0m] in [1msrc/core/models/evidence_model.py[0m:
  LOC - 166
Found [[35mMetrics[0m] in [1msrc/legal_compliance/court_evidence_verifier.py[0m:
  LOC - 246
No [[35mMetrics[0m] found in [1msrc/web/app.py[0m.
Found [[35mMetrics[0m] in [1msrc/web/blueprints/evidence_routes.py[0m:
  LOC - 376
Found [[35mMetrics[0m] in [1msrc/mail_parser/models/evidence_model.py[0m:
  LOC - 166
Found [[35mMetrics[0m] in [1msrc/core/services/integrity_service.py[0m:
  LOC - 121
Found [[35mMetrics[0m] in [1msrc/cli/batch_processor.py[0m:
  LOC - 188
Found [[35mMetrics[0m] in [1msrc/core/models/timeline_model.py[0m:
  LOC - 218
Found [[35mMetrics[0m] in [1msrc/docs/__init__.py[0m:
  LOC - 28
Found [[35mMetrics[0m] in [1msrc/services/file_service.py[0m:
  LOC - 295
Found [[35mMetrics[0m] in [1msrc/core/logging_utils.py[0m:
  LOC - 38
Found [[35mMetrics[0m] in [1msrc/mail_parser/models/email_model.py[0m:
  LOC - 129
Found [[35mMetrics[0m] in [1msrc/mail_parser/processor.py[0m:
  LOC - 479
No [[35mMetrics[0m] found in [1msrc/docs/auto_updater.py[0m.
Found [[35mMetrics[0m] in [1msrc/system_tests/core_tests.py[0m:
  LOC - 236
Found [[35mMetrics[0m] in [1msrc/mail_parser/text_utils.py[0m:
  LOC - 107
Found [[35mMetrics[0m] in [1msrc/database/email_db.py[0m:
  LOC - 840
Found [[35mMetrics[0m] in [1msrc/mail_parser/packaging.py[0m:
  LOC - 246
Found [[35mMetrics[0m] in [1msrc/web/blueprints/main_routes.py[0m:
  LOC - 115
Found [[35mMetrics[0m] in [1msrc/core/startup.py[0m:
  LOC - 114
Found [[35mMetrics[0m] in [1msrc/mail_parser/reporter.py[0m:
  LOC - 170
Found [[35mMetrics[0m] in [1msrc/utils/temp_manager.py[0m:
  LOC - 350
Found [[35mMetrics[0m] in [1msrc/utils/email_utils.py[0m:
  LOC - 40
Found [[35mMetrics[0m] in [1msrc/core/job_store.py[0m:
  LOC - 66
Found [[35mMetrics[0m] in [1mstatic/js/common.js[0m:
  LOC - 154
Analysis complete
Codacy analysis finished.
----- 2026-01-26 10:35:27 -----
2026-01-23 19:34:27.583231900 +0900 242274 codacy_run.log
--- docker ps (codacy) ---
CONTAINER ID   IMAGE     STATUS    NAMES
--- last 50 lines of codacy_run.log ---
Found [[35mMetrics[0m] in [1msrc/core/models/evidence_model.py[0m:
  LOC - 166
Found [[35mMetrics[0m] in [1msrc/legal_compliance/court_evidence_verifier.py[0m:
  LOC - 246
No [[35mMetrics[0m] found in [1msrc/web/app.py[0m.
Found [[35mMetrics[0m] in [1msrc/web/blueprints/evidence_routes.py[0m:
  LOC - 376
Found [[35mMetrics[0m] in [1msrc/mail_parser/models/evidence_model.py[0m:
  LOC - 166
Found [[35mMetrics[0m] in [1msrc/core/services/integrity_service.py[0m:
  LOC - 121
Found [[35mMetrics[0m] in [1msrc/cli/batch_processor.py[0m:
  LOC - 188
Found [[35mMetrics[0m] in [1msrc/core/models/timeline_model.py[0m:
  LOC - 218
Found [[35mMetrics[0m] in [1msrc/docs/__init__.py[0m:
  LOC - 28
Found [[35mMetrics[0m] in [1msrc/services/file_service.py[0m:
  LOC - 295
Found [[35mMetrics[0m] in [1msrc/core/logging_utils.py[0m:
  LOC - 38
Found [[35mMetrics[0m] in [1msrc/mail_parser/models/email_model.py[0m:
  LOC - 129
Found [[35mMetrics[0m] in [1msrc/mail_parser/processor.py[0m:
  LOC - 479
No [[35mMetrics[0m] found in [1msrc/docs/auto_updater.py[0m.
Found [[35mMetrics[0m] in [1msrc/system_tests/core_tests.py[0m:
  LOC - 236
Found [[35mMetrics[0m] in [1msrc/mail_parser/text_utils.py[0m:
  LOC - 107
Found [[35mMetrics[0m] in [1msrc/database/email_db.py[0m:
  LOC - 840
Found [[35mMetrics[0m] in [1msrc/mail_parser/packaging.py[0m:
  LOC - 246
Found [[35mMetrics[0m] in [1msrc/web/blueprints/main_routes.py[0m:
  LOC - 115
Found [[35mMetrics[0m] in [1msrc/core/startup.py[0m:
  LOC - 114
Found [[35mMetrics[0m] in [1msrc/mail_parser/reporter.py[0m:
  LOC - 170
Found [[35mMetrics[0m] in [1msrc/utils/temp_manager.py[0m:
  LOC - 350
Found [[35mMetrics[0m] in [1msrc/utils/email_utils.py[0m:
  LOC - 40
Found [[35mMetrics[0m] in [1msrc/core/job_store.py[0m:
  LOC - 66
Found [[35mMetrics[0m] in [1mstatic/js/common.js[0m:
  LOC - 154
Analysis complete
Codacy analysis finished.
----- 2026-01-26 10:36:31 -----
2026-01-23 19:34:27.583231900 +0900 242274 codacy_run.log
--- docker ps (codacy) ---
CONTAINER ID   IMAGE     STATUS    NAMES
--- last 50 lines of codacy_run.log ---
Found [[35mMetrics[0m] in [1msrc/core/models/evidence_model.py[0m:
  LOC - 166
Found [[35mMetrics[0m] in [1msrc/legal_compliance/court_evidence_verifier.py[0m:
  LOC - 246
No [[35mMetrics[0m] found in [1msrc/web/app.py[0m.
Found [[35mMetrics[0m] in [1msrc/web/blueprints/evidence_routes.py[0m:
  LOC - 376
Found [[35mMetrics[0m] in [1msrc/mail_parser/models/evidence_model.py[0m:
  LOC - 166
Found [[35mMetrics[0m] in [1msrc/core/services/integrity_service.py[0m:
  LOC - 121
Found [[35mMetrics[0m] in [1msrc/cli/batch_processor.py[0m:
  LOC - 188
Found [[35mMetrics[0m] in [1msrc/core/models/timeline_model.py[0m:
  LOC - 218
Found [[35mMetrics[0m] in [1msrc/docs/__init__.py[0m:
  LOC - 28
Found [[35mMetrics[0m] in [1msrc/services/file_service.py[0m:
  LOC - 295
Found [[35mMetrics[0m] in [1msrc/core/logging_utils.py[0m:
  LOC - 38
Found [[35mMetrics[0m] in [1msrc/mail_parser/models/email_model.py[0m:
  LOC - 129
Found [[35mMetrics[0m] in [1msrc/mail_parser/processor.py[0m:
  LOC - 479
No [[35mMetrics[0m] found in [1msrc/docs/auto_updater.py[0m.
Found [[35mMetrics[0m] in [1msrc/system_tests/core_tests.py[0m:
  LOC - 236
Found [[35mMetrics[0m] in [1msrc/mail_parser/text_utils.py[0m:
  LOC - 107
Found [[35mMetrics[0m] in [1msrc/database/email_db.py[0m:
  LOC - 840
Found [[35mMetrics[0m] in [1msrc/mail_parser/packaging.py[0m:
  LOC - 246
Found [[35mMetrics[0m] in [1msrc/web/blueprints/main_routes.py[0m:
  LOC - 115
Found [[35mMetrics[0m] in [1msrc/core/startup.py[0m:
  LOC - 114
Found [[35mMetrics[0m] in [1msrc/mail_parser/reporter.py[0m:
  LOC - 170
Found [[35mMetrics[0m] in [1msrc/utils/temp_manager.py[0m:
  LOC - 350
Found [[35mMetrics[0m] in [1msrc/utils/email_utils.py[0m:
  LOC - 40
Found [[35mMetrics[0m] in [1msrc/core/job_store.py[0m:
  LOC - 66
Found [[35mMetrics[0m] in [1mstatic/js/common.js[0m:
  LOC - 154
Analysis complete
Codacy analysis finished.
----- 2026-01-26 10:37:50 -----
2026-01-23 19:34:27.583231900 +0900 242274 codacy_run.log
--- docker ps (codacy) ---
CONTAINER ID   IMAGE     STATUS    NAMES
--- last 50 lines of codacy_run.log ---
Found [[35mMetrics[0m] in [1msrc/core/models/evidence_model.py[0m:
  LOC - 166
Found [[35mMetrics[0m] in [1msrc/legal_compliance/court_evidence_verifier.py[0m:
  LOC - 246
No [[35mMetrics[0m] found in [1msrc/web/app.py[0m.
Found [[35mMetrics[0m] in [1msrc/web/blueprints/evidence_routes.py[0m:
  LOC - 376
Found [[35mMetrics[0m] in [1msrc/mail_parser/models/evidence_model.py[0m:
  LOC - 166
Found [[35mMetrics[0m] in [1msrc/core/services/integrity_service.py[0m:
  LOC - 121
Found [[35mMetrics[0m] in [1msrc/cli/batch_processor.py[0m:
  LOC - 188
Found [[35mMetrics[0m] in [1msrc/core/models/timeline_model.py[0m:
  LOC - 218
Found [[35mMetrics[0m] in [1msrc/docs/__init__.py[0m:
  LOC - 28
Found [[35mMetrics[0m] in [1msrc/services/file_service.py[0m:
  LOC - 295
Found [[35mMetrics[0m] in [1msrc/core/logging_utils.py[0m:
  LOC - 38
Found [[35mMetrics[0m] in [1msrc/mail_parser/models/email_model.py[0m:
  LOC - 129
Found [[35mMetrics[0m] in [1msrc/mail_parser/processor.py[0m:
  LOC - 479
No [[35mMetrics[0m] found in [1msrc/docs/auto_updater.py[0m.
Found [[35mMetrics[0m] in [1msrc/system_tests/core_tests.py[0m:
  LOC - 236
Found [[35mMetrics[0m] in [1msrc/mail_parser/text_utils.py[0m:
  LOC - 107
Found [[35mMetrics[0m] in [1msrc/database/email_db.py[0m:
  LOC - 840
Found [[35mMetrics[0m] in [1msrc/mail_parser/packaging.py[0m:
  LOC - 246
Found [[35mMetrics[0m] in [1msrc/web/blueprints/main_routes.py[0m:
  LOC - 115
Found [[35mMetrics[0m] in [1msrc/core/startup.py[0m:
  LOC - 114
Found [[35mMetrics[0m] in [1msrc/mail_parser/reporter.py[0m:
  LOC - 170
Found [[35mMetrics[0m] in [1msrc/utils/temp_manager.py[0m:
  LOC - 350
Found [[35mMetrics[0m] in [1msrc/utils/email_utils.py[0m:
  LOC - 40
Found [[35mMetrics[0m] in [1msrc/core/job_store.py[0m:
  LOC - 66
Found [[35mMetrics[0m] in [1mstatic/js/common.js[0m:
  LOC - 154
Analysis complete
Codacy analysis finished.
----- 2026-01-26 10:38:53 -----
2026-01-23 19:34:27.583231900 +0900 242274 codacy_run.log
--- docker ps (codacy) ---
CONTAINER ID   IMAGE     STATUS    NAMES
--- last 50 lines of codacy_run.log ---
Found [[35mMetrics[0m] in [1msrc/core/models/evidence_model.py[0m:
  LOC - 166
Found [[35mMetrics[0m] in [1msrc/legal_compliance/court_evidence_verifier.py[0m:
  LOC - 246
No [[35mMetrics[0m] found in [1msrc/web/app.py[0m.
Found [[35mMetrics[0m] in [1msrc/web/blueprints/evidence_routes.py[0m:
  LOC - 376
Found [[35mMetrics[0m] in [1msrc/mail_parser/models/evidence_model.py[0m:
  LOC - 166
Found [[35mMetrics[0m] in [1msrc/core/services/integrity_service.py[0m:
  LOC - 121
Found [[35mMetrics[0m] in [1msrc/cli/batch_processor.py[0m:
  LOC - 188
Found [[35mMetrics[0m] in [1msrc/core/models/timeline_model.py[0m:
  LOC - 218
Found [[35mMetrics[0m] in [1msrc/docs/__init__.py[0m:
  LOC - 28
Found [[35mMetrics[0m] in [1msrc/services/file_service.py[0m:
  LOC - 295
Found [[35mMetrics[0m] in [1msrc/core/logging_utils.py[0m:
  LOC - 38
Found [[35mMetrics[0m] in [1msrc/mail_parser/models/email_model.py[0m:
  LOC - 129
Found [[35mMetrics[0m] in [1msrc/mail_parser/processor.py[0m:
  LOC - 479
No [[35mMetrics[0m] found in [1msrc/docs/auto_updater.py[0m.
Found [[35mMetrics[0m] in [1msrc/system_tests/core_tests.py[0m:
  LOC - 236
Found [[35mMetrics[0m] in [1msrc/mail_parser/text_utils.py[0m:
  LOC - 107
Found [[35mMetrics[0m] in [1msrc/database/email_db.py[0m:
  LOC - 840
Found [[35mMetrics[0m] in [1msrc/mail_parser/packaging.py[0m:
  LOC - 246
Found [[35mMetrics[0m] in [1msrc/web/blueprints/main_routes.py[0m:
  LOC - 115
Found [[35mMetrics[0m] in [1msrc/core/startup.py[0m:
  LOC - 114
Found [[35mMetrics[0m] in [1msrc/mail_parser/reporter.py[0m:
  LOC - 170
Found [[35mMetrics[0m] in [1msrc/utils/temp_manager.py[0m:
  LOC - 350
Found [[35mMetrics[0m] in [1msrc/utils/email_utils.py[0m:
  LOC - 40
Found [[35mMetrics[0m] in [1msrc/core/job_store.py[0m:
  LOC - 66
Found [[35mMetrics[0m] in [1mstatic/js/common.js[0m:
  LOC - 154
Analysis complete
Codacy analysis finished.
----- 2026-01-26 10:39:54 -----
2026-01-23 19:34:27.583231900 +0900 242274 codacy_run.log
--- docker ps (codacy) ---
CONTAINER ID   IMAGE     STATUS    NAMES
--- last 50 lines of codacy_run.log ---
Found [[35mMetrics[0m] in [1msrc/core/models/evidence_model.py[0m:
  LOC - 166
Found [[35mMetrics[0m] in [1msrc/legal_compliance/court_evidence_verifier.py[0m:
  LOC - 246
No [[35mMetrics[0m] found in [1msrc/web/app.py[0m.
Found [[35mMetrics[0m] in [1msrc/web/blueprints/evidence_routes.py[0m:
  LOC - 376
Found [[35mMetrics[0m] in [1msrc/mail_parser/models/evidence_model.py[0m:
  LOC - 166
Found [[35mMetrics[0m] in [1msrc/core/services/integrity_service.py[0m:
  LOC - 121
Found [[35mMetrics[0m] in [1msrc/cli/batch_processor.py[0m:
  LOC - 188
Found [[35mMetrics[0m] in [1msrc/core/models/timeline_model.py[0m:
  LOC - 218
Found [[35mMetrics[0m] in [1msrc/docs/__init__.py[0m:
  LOC - 28
Found [[35mMetrics[0m] in [1msrc/services/file_service.py[0m:
  LOC - 295
Found [[35mMetrics[0m] in [1msrc/core/logging_utils.py[0m:
  LOC - 38
Found [[35mMetrics[0m] in [1msrc/mail_parser/models/email_model.py[0m:
  LOC - 129
Found [[35mMetrics[0m] in [1msrc/mail_parser/processor.py[0m:
  LOC - 479
No [[35mMetrics[0m] found in [1msrc/docs/auto_updater.py[0m.
Found [[35mMetrics[0m] in [1msrc/system_tests/core_tests.py[0m:
  LOC - 236
Found [[35mMetrics[0m] in [1msrc/mail_parser/text_utils.py[0m:
  LOC - 107
Found [[35mMetrics[0m] in [1msrc/database/email_db.py[0m:
  LOC - 840
Found [[35mMetrics[0m] in [1msrc/mail_parser/packaging.py[0m:
  LOC - 246
Found [[35mMetrics[0m] in [1msrc/web/blueprints/main_routes.py[0m:
  LOC - 115
Found [[35mMetrics[0m] in [1msrc/core/startup.py[0m:
  LOC - 114
Found [[35mMetrics[0m] in [1msrc/mail_parser/reporter.py[0m:
  LOC - 170
Found [[35mMetrics[0m] in [1msrc/utils/temp_manager.py[0m:
  LOC - 350
Found [[35mMetrics[0m] in [1msrc/utils/email_utils.py[0m:
  LOC - 40
Found [[35mMetrics[0m] in [1msrc/core/job_store.py[0m:
  LOC - 66
Found [[35mMetrics[0m] in [1mstatic/js/common.js[0m:
  LOC - 154
Analysis complete
Codacy analysis finished.
----- 2026-01-26 10:40:55 -----
2026-01-23 19:34:27.583231900 +0900 242274 codacy_run.log
--- docker ps (codacy) ---
CONTAINER ID   IMAGE     STATUS    NAMES
--- last 50 lines of codacy_run.log ---
Found [[35mMetrics[0m] in [1msrc/core/models/evidence_model.py[0m:
  LOC - 166
Found [[35mMetrics[0m] in [1msrc/legal_compliance/court_evidence_verifier.py[0m:
  LOC - 246
No [[35mMetrics[0m] found in [1msrc/web/app.py[0m.
Found [[35mMetrics[0m] in [1msrc/web/blueprints/evidence_routes.py[0m:
  LOC - 376
Found [[35mMetrics[0m] in [1msrc/mail_parser/models/evidence_model.py[0m:
  LOC - 166
Found [[35mMetrics[0m] in [1msrc/core/services/integrity_service.py[0m:
  LOC - 121
Found [[35mMetrics[0m] in [1msrc/cli/batch_processor.py[0m:
  LOC - 188
Found [[35mMetrics[0m] in [1msrc/core/models/timeline_model.py[0m:
  LOC - 218
Found [[35mMetrics[0m] in [1msrc/docs/__init__.py[0m:
  LOC - 28
Found [[35mMetrics[0m] in [1msrc/services/file_service.py[0m:
  LOC - 295
Found [[35mMetrics[0m] in [1msrc/core/logging_utils.py[0m:
  LOC - 38
Found [[35mMetrics[0m] in [1msrc/mail_parser/models/email_model.py[0m:
  LOC - 129
Found [[35mMetrics[0m] in [1msrc/mail_parser/processor.py[0m:
  LOC - 479
No [[35mMetrics[0m] found in [1msrc/docs/auto_updater.py[0m.
Found [[35mMetrics[0m] in [1msrc/system_tests/core_tests.py[0m:
  LOC - 236
Found [[35mMetrics[0m] in [1msrc/mail_parser/text_utils.py[0m:
  LOC - 107
Found [[35mMetrics[0m] in [1msrc/database/email_db.py[0m:
  LOC - 840
Found [[35mMetrics[0m] in [1msrc/mail_parser/packaging.py[0m:
  LOC - 246
Found [[35mMetrics[0m] in [1msrc/web/blueprints/main_routes.py[0m:
  LOC - 115
Found [[35mMetrics[0m] in [1msrc/core/startup.py[0m:
  LOC - 114
Found [[35mMetrics[0m] in [1msrc/mail_parser/reporter.py[0m:
  LOC - 170
Found [[35mMetrics[0m] in [1msrc/utils/temp_manager.py[0m:
  LOC - 350
Found [[35mMetrics[0m] in [1msrc/utils/email_utils.py[0m:
  LOC - 40
Found [[35mMetrics[0m] in [1msrc/core/job_store.py[0m:
  LOC - 66
Found [[35mMetrics[0m] in [1mstatic/js/common.js[0m:
  LOC - 154
Analysis complete
Codacy analysis finished.
----- 2026-01-26 10:41:56 -----
2026-01-23 19:34:27.583231900 +0900 242274 codacy_run.log
--- docker ps (codacy) ---
CONTAINER ID   IMAGE     STATUS    NAMES
--- last 50 lines of codacy_run.log ---
Found [[35mMetrics[0m] in [1msrc/core/models/evidence_model.py[0m:
  LOC - 166
Found [[35mMetrics[0m] in [1msrc/legal_compliance/court_evidence_verifier.py[0m:
  LOC - 246
No [[35mMetrics[0m] found in [1msrc/web/app.py[0m.
Found [[35mMetrics[0m] in [1msrc/web/blueprints/evidence_routes.py[0m:
  LOC - 376
Found [[35mMetrics[0m] in [1msrc/mail_parser/models/evidence_model.py[0m:
  LOC - 166
Found [[35mMetrics[0m] in [1msrc/core/services/integrity_service.py[0m:
  LOC - 121
Found [[35mMetrics[0m] in [1msrc/cli/batch_processor.py[0m:
  LOC - 188
Found [[35mMetrics[0m] in [1msrc/core/models/timeline_model.py[0m:
  LOC - 218
Found [[35mMetrics[0m] in [1msrc/docs/__init__.py[0m:
  LOC - 28
Found [[35mMetrics[0m] in [1msrc/services/file_service.py[0m:
  LOC - 295
Found [[35mMetrics[0m] in [1msrc/core/logging_utils.py[0m:
  LOC - 38
Found [[35mMetrics[0m] in [1msrc/mail_parser/models/email_model.py[0m:
  LOC - 129
Found [[35mMetrics[0m] in [1msrc/mail_parser/processor.py[0m:
  LOC - 479
No [[35mMetrics[0m] found in [1msrc/docs/auto_updater.py[0m.
Found [[35mMetrics[0m] in [1msrc/system_tests/core_tests.py[0m:
  LOC - 236
Found [[35mMetrics[0m] in [1msrc/mail_parser/text_utils.py[0m:
  LOC - 107
Found [[35mMetrics[0m] in [1msrc/database/email_db.py[0m:
  LOC - 840
Found [[35mMetrics[0m] in [1msrc/mail_parser/packaging.py[0m:
  LOC - 246
Found [[35mMetrics[0m] in [1msrc/web/blueprints/main_routes.py[0m:
  LOC - 115
Found [[35mMetrics[0m] in [1msrc/core/startup.py[0m:
  LOC - 114
Found [[35mMetrics[0m] in [1msrc/mail_parser/reporter.py[0m:
  LOC - 170
Found [[35mMetrics[0m] in [1msrc/utils/temp_manager.py[0m:
  LOC - 350
Found [[35mMetrics[0m] in [1msrc/utils/email_utils.py[0m:
  LOC - 40
Found [[35mMetrics[0m] in [1msrc/core/job_store.py[0m:
  LOC - 66
Found [[35mMetrics[0m] in [1mstatic/js/common.js[0m:
  LOC - 154
Analysis complete
Codacy analysis finished.
----- 2026-01-26 10:42:57 -----
2026-01-23 19:34:27.583231900 +0900 242274 codacy_run.log
--- docker ps (codacy) ---
CONTAINER ID   IMAGE     STATUS    NAMES
--- last 50 lines of codacy_run.log ---
Found [[35mMetrics[0m] in [1msrc/core/models/evidence_model.py[0m:
  LOC - 166
Found [[35mMetrics[0m] in [1msrc/legal_compliance/court_evidence_verifier.py[0m:
  LOC - 246
No [[35mMetrics[0m] found in [1msrc/web/app.py[0m.
Found [[35mMetrics[0m] in [1msrc/web/blueprints/evidence_routes.py[0m:
  LOC - 376
Found [[35mMetrics[0m] in [1msrc/mail_parser/models/evidence_model.py[0m:
  LOC - 166
Found [[35mMetrics[0m] in [1msrc/core/services/integrity_service.py[0m:
  LOC - 121
Found [[35mMetrics[0m] in [1msrc/cli/batch_processor.py[0m:
  LOC - 188
Found [[35mMetrics[0m] in [1msrc/core/models/timeline_model.py[0m:
  LOC - 218
Found [[35mMetrics[0m] in [1msrc/docs/__init__.py[0m:
  LOC - 28
Found [[35mMetrics[0m] in [1msrc/services/file_service.py[0m:
  LOC - 295
Found [[35mMetrics[0m] in [1msrc/core/logging_utils.py[0m:
  LOC - 38
Found [[35mMetrics[0m] in [1msrc/mail_parser/models/email_model.py[0m:
  LOC - 129
Found [[35mMetrics[0m] in [1msrc/mail_parser/processor.py[0m:
  LOC - 479
No [[35mMetrics[0m] found in [1msrc/docs/auto_updater.py[0m.
Found [[35mMetrics[0m] in [1msrc/system_tests/core_tests.py[0m:
  LOC - 236
Found [[35mMetrics[0m] in [1msrc/mail_parser/text_utils.py[0m:
  LOC - 107
Found [[35mMetrics[0m] in [1msrc/database/email_db.py[0m:
  LOC - 840
Found [[35mMetrics[0m] in [1msrc/mail_parser/packaging.py[0m:
  LOC - 246
Found [[35mMetrics[0m] in [1msrc/web/blueprints/main_routes.py[0m:
  LOC - 115
Found [[35mMetrics[0m] in [1msrc/core/startup.py[0m:
  LOC - 114
Found [[35mMetrics[0m] in [1msrc/mail_parser/reporter.py[0m:
  LOC - 170
Found [[35mMetrics[0m] in [1msrc/utils/temp_manager.py[0m:
  LOC - 350
Found [[35mMetrics[0m] in [1msrc/utils/email_utils.py[0m:
  LOC - 40
Found [[35mMetrics[0m] in [1msrc/core/job_store.py[0m:
  LOC - 66
Found [[35mMetrics[0m] in [1mstatic/js/common.js[0m:
  LOC - 154
Analysis complete
Codacy analysis finished.
----- 2026-01-26 10:43:58 -----
2026-01-23 19:34:27.583231900 +0900 242274 codacy_run.log
--- docker ps (codacy) ---
CONTAINER ID   IMAGE     STATUS    NAMES
--- last 50 lines of codacy_run.log ---
Found [[35mMetrics[0m] in [1msrc/core/models/evidence_model.py[0m:
  LOC - 166
Found [[35mMetrics[0m] in [1msrc/legal_compliance/court_evidence_verifier.py[0m:
  LOC - 246
No [[35mMetrics[0m] found in [1msrc/web/app.py[0m.
Found [[35mMetrics[0m] in [1msrc/web/blueprints/evidence_routes.py[0m:
  LOC - 376
Found [[35mMetrics[0m] in [1msrc/mail_parser/models/evidence_model.py[0m:
  LOC - 166
Found [[35mMetrics[0m] in [1msrc/core/services/integrity_service.py[0m:
  LOC - 121
Found [[35mMetrics[0m] in [1msrc/cli/batch_processor.py[0m:
  LOC - 188
Found [[35mMetrics[0m] in [1msrc/core/models/timeline_model.py[0m:
  LOC - 218
Found [[35mMetrics[0m] in [1msrc/docs/__init__.py[0m:
  LOC - 28
Found [[35mMetrics[0m] in [1msrc/services/file_service.py[0m:
  LOC - 295
Found [[35mMetrics[0m] in [1msrc/core/logging_utils.py[0m:
  LOC - 38
Found [[35mMetrics[0m] in [1msrc/mail_parser/models/email_model.py[0m:
  LOC - 129
Found [[35mMetrics[0m] in [1msrc/mail_parser/processor.py[0m:
  LOC - 479
No [[35mMetrics[0m] found in [1msrc/docs/auto_updater.py[0m.
Found [[35mMetrics[0m] in [1msrc/system_tests/core_tests.py[0m:
  LOC - 236
Found [[35mMetrics[0m] in [1msrc/mail_parser/text_utils.py[0m:
  LOC - 107
Found [[35mMetrics[0m] in [1msrc/database/email_db.py[0m:
  LOC - 840
Found [[35mMetrics[0m] in [1msrc/mail_parser/packaging.py[0m:
  LOC - 246
Found [[35mMetrics[0m] in [1msrc/web/blueprints/main_routes.py[0m:
  LOC - 115
Found [[35mMetrics[0m] in [1msrc/core/startup.py[0m:
  LOC - 114
Found [[35mMetrics[0m] in [1msrc/mail_parser/reporter.py[0m:
  LOC - 170
Found [[35mMetrics[0m] in [1msrc/utils/temp_manager.py[0m:
  LOC - 350
Found [[35mMetrics[0m] in [1msrc/utils/email_utils.py[0m:
  LOC - 40
Found [[35mMetrics[0m] in [1msrc/core/job_store.py[0m:
  LOC - 66
Found [[35mMetrics[0m] in [1mstatic/js/common.js[0m:
  LOC - 154
Analysis complete
Codacy analysis finished.
----- 2026-01-26 10:44:59 -----
2026-01-23 19:34:27.583231900 +0900 242274 codacy_run.log
--- docker ps (codacy) ---
CONTAINER ID   IMAGE     STATUS    NAMES
--- last 50 lines of codacy_run.log ---
Found [[35mMetrics[0m] in [1msrc/core/models/evidence_model.py[0m:
  LOC - 166
Found [[35mMetrics[0m] in [1msrc/legal_compliance/court_evidence_verifier.py[0m:
  LOC - 246
No [[35mMetrics[0m] found in [1msrc/web/app.py[0m.
Found [[35mMetrics[0m] in [1msrc/web/blueprints/evidence_routes.py[0m:
  LOC - 376
Found [[35mMetrics[0m] in [1msrc/mail_parser/models/evidence_model.py[0m:
  LOC - 166
Found [[35mMetrics[0m] in [1msrc/core/services/integrity_service.py[0m:
  LOC - 121
Found [[35mMetrics[0m] in [1msrc/cli/batch_processor.py[0m:
  LOC - 188
Found [[35mMetrics[0m] in [1msrc/core/models/timeline_model.py[0m:
  LOC - 218
Found [[35mMetrics[0m] in [1msrc/docs/__init__.py[0m:
  LOC - 28
Found [[35mMetrics[0m] in [1msrc/services/file_service.py[0m:
  LOC - 295
Found [[35mMetrics[0m] in [1msrc/core/logging_utils.py[0m:
  LOC - 38
Found [[35mMetrics[0m] in [1msrc/mail_parser/models/email_model.py[0m:
  LOC - 129
Found [[35mMetrics[0m] in [1msrc/mail_parser/processor.py[0m:
  LOC - 479
No [[35mMetrics[0m] found in [1msrc/docs/auto_updater.py[0m.
Found [[35mMetrics[0m] in [1msrc/system_tests/core_tests.py[0m:
  LOC - 236
Found [[35mMetrics[0m] in [1msrc/mail_parser/text_utils.py[0m:
  LOC - 107
Found [[35mMetrics[0m] in [1msrc/database/email_db.py[0m:
  LOC - 840
Found [[35mMetrics[0m] in [1msrc/mail_parser/packaging.py[0m:
  LOC - 246
Found [[35mMetrics[0m] in [1msrc/web/blueprints/main_routes.py[0m:
  LOC - 115
Found [[35mMetrics[0m] in [1msrc/core/startup.py[0m:
  LOC - 114
Found [[35mMetrics[0m] in [1msrc/mail_parser/reporter.py[0m:
  LOC - 170
Found [[35mMetrics[0m] in [1msrc/utils/temp_manager.py[0m:
  LOC - 350
Found [[35mMetrics[0m] in [1msrc/utils/email_utils.py[0m:
  LOC - 40
Found [[35mMetrics[0m] in [1msrc/core/job_store.py[0m:
  LOC - 66
Found [[35mMetrics[0m] in [1mstatic/js/common.js[0m:
  LOC - 154
Analysis complete
Codacy analysis finished.
----- 2026-01-26 10:46:00 -----
2026-01-23 19:34:27.583231900 +0900 242274 codacy_run.log
--- docker ps (codacy) ---
CONTAINER ID   IMAGE     STATUS    NAMES
--- last 50 lines of codacy_run.log ---
Found [[35mMetrics[0m] in [1msrc/core/models/evidence_model.py[0m:
  LOC - 166
Found [[35mMetrics[0m] in [1msrc/legal_compliance/court_evidence_verifier.py[0m:
  LOC - 246
No [[35mMetrics[0m] found in [1msrc/web/app.py[0m.
Found [[35mMetrics[0m] in [1msrc/web/blueprints/evidence_routes.py[0m:
  LOC - 376
Found [[35mMetrics[0m] in [1msrc/mail_parser/models/evidence_model.py[0m:
  LOC - 166
Found [[35mMetrics[0m] in [1msrc/core/services/integrity_service.py[0m:
  LOC - 121
Found [[35mMetrics[0m] in [1msrc/cli/batch_processor.py[0m:
  LOC - 188
Found [[35mMetrics[0m] in [1msrc/core/models/timeline_model.py[0m:
  LOC - 218
Found [[35mMetrics[0m] in [1msrc/docs/__init__.py[0m:
  LOC - 28
Found [[35mMetrics[0m] in [1msrc/services/file_service.py[0m:
  LOC - 295
Found [[35mMetrics[0m] in [1msrc/core/logging_utils.py[0m:
  LOC - 38
Found [[35mMetrics[0m] in [1msrc/mail_parser/models/email_model.py[0m:
  LOC - 129
Found [[35mMetrics[0m] in [1msrc/mail_parser/processor.py[0m:
  LOC - 479
No [[35mMetrics[0m] found in [1msrc/docs/auto_updater.py[0m.
Found [[35mMetrics[0m] in [1msrc/system_tests/core_tests.py[0m:
  LOC - 236
Found [[35mMetrics[0m] in [1msrc/mail_parser/text_utils.py[0m:
  LOC - 107
Found [[35mMetrics[0m] in [1msrc/database/email_db.py[0m:
  LOC - 840
Found [[35mMetrics[0m] in [1msrc/mail_parser/packaging.py[0m:
  LOC - 246
Found [[35mMetrics[0m] in [1msrc/web/blueprints/main_routes.py[0m:
  LOC - 115
Found [[35mMetrics[0m] in [1msrc/core/startup.py[0m:
  LOC - 114
Found [[35mMetrics[0m] in [1msrc/mail_parser/reporter.py[0m:
  LOC - 170
Found [[35mMetrics[0m] in [1msrc/utils/temp_manager.py[0m:
  LOC - 350
Found [[35mMetrics[0m] in [1msrc/utils/email_utils.py[0m:
  LOC - 40
Found [[35mMetrics[0m] in [1msrc/core/job_store.py[0m:
  LOC - 66
Found [[35mMetrics[0m] in [1mstatic/js/common.js[0m:
  LOC - 154
Analysis complete
Codacy analysis finished.
----- 2026-01-26 10:47:01 -----
2026-01-23 19:34:27.583231900 +0900 242274 codacy_run.log
--- docker ps (codacy) ---
CONTAINER ID   IMAGE                        STATUS          NAMES
9137e6c1bf9d   codacy/codacy-analysis-cli   Up 17 seconds   xenodochial_hoover
--- last 50 lines of codacy_run.log ---
Found [[35mMetrics[0m] in [1msrc/core/models/evidence_model.py[0m:
  LOC - 166
Found [[35mMetrics[0m] in [1msrc/legal_compliance/court_evidence_verifier.py[0m:
  LOC - 246
No [[35mMetrics[0m] found in [1msrc/web/app.py[0m.
Found [[35mMetrics[0m] in [1msrc/web/blueprints/evidence_routes.py[0m:
  LOC - 376
Found [[35mMetrics[0m] in [1msrc/mail_parser/models/evidence_model.py[0m:
  LOC - 166
Found [[35mMetrics[0m] in [1msrc/core/services/integrity_service.py[0m:
  LOC - 121
Found [[35mMetrics[0m] in [1msrc/cli/batch_processor.py[0m:
  LOC - 188
Found [[35mMetrics[0m] in [1msrc/core/models/timeline_model.py[0m:
  LOC - 218
Found [[35mMetrics[0m] in [1msrc/docs/__init__.py[0m:
  LOC - 28
Found [[35mMetrics[0m] in [1msrc/services/file_service.py[0m:
  LOC - 295
Found [[35mMetrics[0m] in [1msrc/core/logging_utils.py[0m:
  LOC - 38
Found [[35mMetrics[0m] in [1msrc/mail_parser/models/email_model.py[0m:
  LOC - 129
Found [[35mMetrics[0m] in [1msrc/mail_parser/processor.py[0m:
  LOC - 479
No [[35mMetrics[0m] found in [1msrc/docs/auto_updater.py[0m.
Found [[35mMetrics[0m] in [1msrc/system_tests/core_tests.py[0m:
  LOC - 236
Found [[35mMetrics[0m] in [1msrc/mail_parser/text_utils.py[0m:
  LOC - 107
Found [[35mMetrics[0m] in [1msrc/database/email_db.py[0m:
  LOC - 840
Found [[35mMetrics[0m] in [1msrc/mail_parser/packaging.py[0m:
  LOC - 246
Found [[35mMetrics[0m] in [1msrc/web/blueprints/main_routes.py[0m:
  LOC - 115
Found [[35mMetrics[0m] in [1msrc/core/startup.py[0m:
  LOC - 114
Found [[35mMetrics[0m] in [1msrc/mail_parser/reporter.py[0m:
  LOC - 170
Found [[35mMetrics[0m] in [1msrc/utils/temp_manager.py[0m:
  LOC - 350
Found [[35mMetrics[0m] in [1msrc/utils/email_utils.py[0m:
  LOC - 40
Found [[35mMetrics[0m] in [1msrc/core/job_store.py[0m:
  LOC - 66
Found [[35mMetrics[0m] in [1mstatic/js/common.js[0m:
  LOC - 154
Analysis complete
Codacy analysis finished.
----- 2026-01-26 10:48:01 -----
2026-01-23 19:34:27.583231900 +0900 242274 codacy_run.log
--- docker ps (codacy) ---
CONTAINER ID   IMAGE                        STATUS              NAMES
859886bba47c   codacy/codacy-analysis-cli   Up 23 seconds       nifty_gates
8cd1652e4e21   codacy/codacy-analysis-cli   Up 55 seconds       pensive_roentgen
9137e6c1bf9d   codacy/codacy-analysis-cli   Up About a minute   xenodochial_hoover
--- last 50 lines of codacy_run.log ---
Found [[35mMetrics[0m] in [1msrc/core/models/evidence_model.py[0m:
  LOC - 166
Found [[35mMetrics[0m] in [1msrc/legal_compliance/court_evidence_verifier.py[0m:
  LOC - 246
No [[35mMetrics[0m] found in [1msrc/web/app.py[0m.
Found [[35mMetrics[0m] in [1msrc/web/blueprints/evidence_routes.py[0m:
  LOC - 376
Found [[35mMetrics[0m] in [1msrc/mail_parser/models/evidence_model.py[0m:
  LOC - 166
Found [[35mMetrics[0m] in [1msrc/core/services/integrity_service.py[0m:
  LOC - 121
Found [[35mMetrics[0m] in [1msrc/cli/batch_processor.py[0m:
  LOC - 188
Found [[35mMetrics[0m] in [1msrc/core/models/timeline_model.py[0m:
  LOC - 218
Found [[35mMetrics[0m] in [1msrc/docs/__init__.py[0m:
  LOC - 28
Found [[35mMetrics[0m] in [1msrc/services/file_service.py[0m:
  LOC - 295
Found [[35mMetrics[0m] in [1msrc/core/logging_utils.py[0m:
  LOC - 38
Found [[35mMetrics[0m] in [1msrc/mail_parser/models/email_model.py[0m:
  LOC - 129
Found [[35mMetrics[0m] in [1msrc/mail_parser/processor.py[0m:
  LOC - 479
No [[35mMetrics[0m] found in [1msrc/docs/auto_updater.py[0m.
Found [[35mMetrics[0m] in [1msrc/system_tests/core_tests.py[0m:
  LOC - 236
Found [[35mMetrics[0m] in [1msrc/mail_parser/text_utils.py[0m:
  LOC - 107
Found [[35mMetrics[0m] in [1msrc/database/email_db.py[0m:
  LOC - 840
Found [[35mMetrics[0m] in [1msrc/mail_parser/packaging.py[0m:
  LOC - 246
Found [[35mMetrics[0m] in [1msrc/web/blueprints/main_routes.py[0m:
  LOC - 115
Found [[35mMetrics[0m] in [1msrc/core/startup.py[0m:
  LOC - 114
Found [[35mMetrics[0m] in [1msrc/mail_parser/reporter.py[0m:
  LOC - 170
Found [[35mMetrics[0m] in [1msrc/utils/temp_manager.py[0m:
  LOC - 350
Found [[35mMetrics[0m] in [1msrc/utils/email_utils.py[0m:
  LOC - 40
Found [[35mMetrics[0m] in [1msrc/core/job_store.py[0m:
  LOC - 66
Found [[35mMetrics[0m] in [1mstatic/js/common.js[0m:
  LOC - 154
Analysis complete
Codacy analysis finished.
----- 2026-01-26 10:49:03 -----
2026-01-23 19:34:27.583231900 +0900 242274 codacy_run.log
--- docker ps (codacy) ---
CONTAINER ID   IMAGE                        STATUS              NAMES
da305bb893bd   codacy/codacy-analysis-cli   Up 55 seconds       inspiring_pascal
859886bba47c   codacy/codacy-analysis-cli   Up About a minute   nifty_gates
8cd1652e4e21   codacy/codacy-analysis-cli   Up About a minute   pensive_roentgen
9137e6c1bf9d   codacy/codacy-analysis-cli   Up 2 minutes        xenodochial_hoover
--- last 50 lines of codacy_run.log ---
Found [[35mMetrics[0m] in [1msrc/core/models/evidence_model.py[0m:
  LOC - 166
Found [[35mMetrics[0m] in [1msrc/legal_compliance/court_evidence_verifier.py[0m:
  LOC - 246
No [[35mMetrics[0m] found in [1msrc/web/app.py[0m.
Found [[35mMetrics[0m] in [1msrc/web/blueprints/evidence_routes.py[0m:
  LOC - 376
Found [[35mMetrics[0m] in [1msrc/mail_parser/models/evidence_model.py[0m:
  LOC - 166
Found [[35mMetrics[0m] in [1msrc/core/services/integrity_service.py[0m:
  LOC - 121
Found [[35mMetrics[0m] in [1msrc/cli/batch_processor.py[0m:
  LOC - 188
Found [[35mMetrics[0m] in [1msrc/core/models/timeline_model.py[0m:
  LOC - 218
Found [[35mMetrics[0m] in [1msrc/docs/__init__.py[0m:
  LOC - 28
Found [[35mMetrics[0m] in [1msrc/services/file_service.py[0m:
  LOC - 295
Found [[35mMetrics[0m] in [1msrc/core/logging_utils.py[0m:
  LOC - 38
Found [[35mMetrics[0m] in [1msrc/mail_parser/models/email_model.py[0m:
  LOC - 129
Found [[35mMetrics[0m] in [1msrc/mail_parser/processor.py[0m:
  LOC - 479
No [[35mMetrics[0m] found in [1msrc/docs/auto_updater.py[0m.
Found [[35mMetrics[0m] in [1msrc/system_tests/core_tests.py[0m:
  LOC - 236
Found [[35mMetrics[0m] in [1msrc/mail_parser/text_utils.py[0m:
  LOC - 107
Found [[35mMetrics[0m] in [1msrc/database/email_db.py[0m:
  LOC - 840
Found [[35mMetrics[0m] in [1msrc/mail_parser/packaging.py[0m:
  LOC - 246
Found [[35mMetrics[0m] in [1msrc/web/blueprints/main_routes.py[0m:
  LOC - 115
Found [[35mMetrics[0m] in [1msrc/core/startup.py[0m:
  LOC - 114
Found [[35mMetrics[0m] in [1msrc/mail_parser/reporter.py[0m:
  LOC - 170
Found [[35mMetrics[0m] in [1msrc/utils/temp_manager.py[0m:
  LOC - 350
Found [[35mMetrics[0m] in [1msrc/utils/email_utils.py[0m:
  LOC - 40
Found [[35mMetrics[0m] in [1msrc/core/job_store.py[0m:
  LOC - 66
Found [[35mMetrics[0m] in [1mstatic/js/common.js[0m:
  LOC - 154
Analysis complete
Codacy analysis finished.
----- 2026-01-26 10:50:04 -----
2026-01-23 19:34:27.583231900 +0900 242274 codacy_run.log
--- docker ps (codacy) ---
CONTAINER ID   IMAGE                        STATUS              NAMES
da305bb893bd   codacy/codacy-analysis-cli   Up About a minute   inspiring_pascal
859886bba47c   codacy/codacy-analysis-cli   Up 2 minutes        nifty_gates
8cd1652e4e21   codacy/codacy-analysis-cli   Up 2 minutes        pensive_roentgen
9137e6c1bf9d   codacy/codacy-analysis-cli   Up 3 minutes        xenodochial_hoover
--- last 50 lines of codacy_run.log ---
Found [[35mMetrics[0m] in [1msrc/core/models/evidence_model.py[0m:
  LOC - 166
Found [[35mMetrics[0m] in [1msrc/legal_compliance/court_evidence_verifier.py[0m:
  LOC - 246
No [[35mMetrics[0m] found in [1msrc/web/app.py[0m.
Found [[35mMetrics[0m] in [1msrc/web/blueprints/evidence_routes.py[0m:
  LOC - 376
Found [[35mMetrics[0m] in [1msrc/mail_parser/models/evidence_model.py[0m:
  LOC - 166
Found [[35mMetrics[0m] in [1msrc/core/services/integrity_service.py[0m:
  LOC - 121
Found [[35mMetrics[0m] in [1msrc/cli/batch_processor.py[0m:
  LOC - 188
Found [[35mMetrics[0m] in [1msrc/core/models/timeline_model.py[0m:
  LOC - 218
Found [[35mMetrics[0m] in [1msrc/docs/__init__.py[0m:
  LOC - 28
Found [[35mMetrics[0m] in [1msrc/services/file_service.py[0m:
  LOC - 295
Found [[35mMetrics[0m] in [1msrc/core/logging_utils.py[0m:
  LOC - 38
Found [[35mMetrics[0m] in [1msrc/mail_parser/models/email_model.py[0m:
  LOC - 129
Found [[35mMetrics[0m] in [1msrc/mail_parser/processor.py[0m:
  LOC - 479
No [[35mMetrics[0m] found in [1msrc/docs/auto_updater.py[0m.
Found [[35mMetrics[0m] in [1msrc/system_tests/core_tests.py[0m:
  LOC - 236
Found [[35mMetrics[0m] in [1msrc/mail_parser/text_utils.py[0m:
  LOC - 107
Found [[35mMetrics[0m] in [1msrc/database/email_db.py[0m:
  LOC - 840
Found [[35mMetrics[0m] in [1msrc/mail_parser/packaging.py[0m:
  LOC - 246
Found [[35mMetrics[0m] in [1msrc/web/blueprints/main_routes.py[0m:
  LOC - 115
Found [[35mMetrics[0m] in [1msrc/core/startup.py[0m:
  LOC - 114
Found [[35mMetrics[0m] in [1msrc/mail_parser/reporter.py[0m:
  LOC - 170
Found [[35mMetrics[0m] in [1msrc/utils/temp_manager.py[0m:
  LOC - 350
Found [[35mMetrics[0m] in [1msrc/utils/email_utils.py[0m:
  LOC - 40
Found [[35mMetrics[0m] in [1msrc/core/job_store.py[0m:
  LOC - 66
Found [[35mMetrics[0m] in [1mstatic/js/common.js[0m:
  LOC - 154
Analysis complete
Codacy analysis finished.
----- 2026-01-26 10:51:05 -----
2026-01-23 19:34:27.583231900 +0900 242274 codacy_run.log
--- docker ps (codacy) ---
CONTAINER ID   IMAGE                        STATUS          NAMES
cd59281ab020   codacy/codacy-analysis-cli   Up 59 seconds   peaceful_fermat
da305bb893bd   codacy/codacy-analysis-cli   Up 2 minutes    inspiring_pascal
859886bba47c   codacy/codacy-analysis-cli   Up 3 minutes    nifty_gates
8cd1652e4e21   codacy/codacy-analysis-cli   Up 4 minutes    pensive_roentgen
9137e6c1bf9d   codacy/codacy-analysis-cli   Up 4 minutes    xenodochial_hoover
--- last 50 lines of codacy_run.log ---
Found [[35mMetrics[0m] in [1msrc/core/models/evidence_model.py[0m:
  LOC - 166
Found [[35mMetrics[0m] in [1msrc/legal_compliance/court_evidence_verifier.py[0m:
  LOC - 246
No [[35mMetrics[0m] found in [1msrc/web/app.py[0m.
Found [[35mMetrics[0m] in [1msrc/web/blueprints/evidence_routes.py[0m:
  LOC - 376
Found [[35mMetrics[0m] in [1msrc/mail_parser/models/evidence_model.py[0m:
  LOC - 166
Found [[35mMetrics[0m] in [1msrc/core/services/integrity_service.py[0m:
  LOC - 121
Found [[35mMetrics[0m] in [1msrc/cli/batch_processor.py[0m:
  LOC - 188
Found [[35mMetrics[0m] in [1msrc/core/models/timeline_model.py[0m:
  LOC - 218
Found [[35mMetrics[0m] in [1msrc/docs/__init__.py[0m:
  LOC - 28
Found [[35mMetrics[0m] in [1msrc/services/file_service.py[0m:
  LOC - 295
Found [[35mMetrics[0m] in [1msrc/core/logging_utils.py[0m:
  LOC - 38
Found [[35mMetrics[0m] in [1msrc/mail_parser/models/email_model.py[0m:
  LOC - 129
Found [[35mMetrics[0m] in [1msrc/mail_parser/processor.py[0m:
  LOC - 479
No [[35mMetrics[0m] found in [1msrc/docs/auto_updater.py[0m.
Found [[35mMetrics[0m] in [1msrc/system_tests/core_tests.py[0m:
  LOC - 236
Found [[35mMetrics[0m] in [1msrc/mail_parser/text_utils.py[0m:
  LOC - 107
Found [[35mMetrics[0m] in [1msrc/database/email_db.py[0m:
  LOC - 840
Found [[35mMetrics[0m] in [1msrc/mail_parser/packaging.py[0m:
  LOC - 246
Found [[35mMetrics[0m] in [1msrc/web/blueprints/main_routes.py[0m:
  LOC - 115
Found [[35mMetrics[0m] in [1msrc/core/startup.py[0m:
  LOC - 114
Found [[35mMetrics[0m] in [1msrc/mail_parser/reporter.py[0m:
  LOC - 170
Found [[35mMetrics[0m] in [1msrc/utils/temp_manager.py[0m:
  LOC - 350
Found [[35mMetrics[0m] in [1msrc/utils/email_utils.py[0m:
  LOC - 40
Found [[35mMetrics[0m] in [1msrc/core/job_store.py[0m:
  LOC - 66
Found [[35mMetrics[0m] in [1mstatic/js/common.js[0m:
  LOC - 154
Analysis complete
Codacy analysis finished.
----- 2026-01-26 10:52:08 -----
2026-01-23 19:34:27.583231900 +0900 242274 codacy_run.log
--- docker ps (codacy) ---
CONTAINER ID   IMAGE                        STATUS         NAMES
cd59281ab020   codacy/codacy-analysis-cli   Up 2 minutes   peaceful_fermat
da305bb893bd   codacy/codacy-analysis-cli   Up 4 minutes   inspiring_pascal
859886bba47c   codacy/codacy-analysis-cli   Up 4 minutes   nifty_gates
8cd1652e4e21   codacy/codacy-analysis-cli   Up 5 minutes   pensive_roentgen
9137e6c1bf9d   codacy/codacy-analysis-cli   Up 5 minutes   xenodochial_hoover
--- last 50 lines of codacy_run.log ---
Found [[35mMetrics[0m] in [1msrc/core/models/evidence_model.py[0m:
  LOC - 166
Found [[35mMetrics[0m] in [1msrc/legal_compliance/court_evidence_verifier.py[0m:
  LOC - 246
No [[35mMetrics[0m] found in [1msrc/web/app.py[0m.
Found [[35mMetrics[0m] in [1msrc/web/blueprints/evidence_routes.py[0m:
  LOC - 376
Found [[35mMetrics[0m] in [1msrc/mail_parser/models/evidence_model.py[0m:
  LOC - 166
Found [[35mMetrics[0m] in [1msrc/core/services/integrity_service.py[0m:
  LOC - 121
Found [[35mMetrics[0m] in [1msrc/cli/batch_processor.py[0m:
  LOC - 188
Found [[35mMetrics[0m] in [1msrc/core/models/timeline_model.py[0m:
  LOC - 218
Found [[35mMetrics[0m] in [1msrc/docs/__init__.py[0m:
  LOC - 28
Found [[35mMetrics[0m] in [1msrc/services/file_service.py[0m:
  LOC - 295
Found [[35mMetrics[0m] in [1msrc/core/logging_utils.py[0m:
  LOC - 38
Found [[35mMetrics[0m] in [1msrc/mail_parser/models/email_model.py[0m:
  LOC - 129
Found [[35mMetrics[0m] in [1msrc/mail_parser/processor.py[0m:
  LOC - 479
No [[35mMetrics[0m] found in [1msrc/docs/auto_updater.py[0m.
Found [[35mMetrics[0m] in [1msrc/system_tests/core_tests.py[0m:
  LOC - 236
Found [[35mMetrics[0m] in [1msrc/mail_parser/text_utils.py[0m:
  LOC - 107
Found [[35mMetrics[0m] in [1msrc/database/email_db.py[0m:
  LOC - 840
Found [[35mMetrics[0m] in [1msrc/mail_parser/packaging.py[0m:
  LOC - 246
Found [[35mMetrics[0m] in [1msrc/web/blueprints/main_routes.py[0m:
  LOC - 115
Found [[35mMetrics[0m] in [1msrc/core/startup.py[0m:
  LOC - 114
Found [[35mMetrics[0m] in [1msrc/mail_parser/reporter.py[0m:
  LOC - 170
Found [[35mMetrics[0m] in [1msrc/utils/temp_manager.py[0m:
  LOC - 350
Found [[35mMetrics[0m] in [1msrc/utils/email_utils.py[0m:
  LOC - 40
Found [[35mMetrics[0m] in [1msrc/core/job_store.py[0m:
  LOC - 66
Found [[35mMetrics[0m] in [1mstatic/js/common.js[0m:
  LOC - 154
Analysis complete
Codacy analysis finished.
----- 2026-01-26 10:53:11 -----
2026-01-23 19:34:27.583231900 +0900 242274 codacy_run.log
--- docker ps (codacy) ---
